split,operating_condition,load_factor,seed,configured_fault,severity,truth,prediction,decision_state,finding,health_score,evidence_strength,observable_sha256,latency_ms
holdout,0,0.72,100,normal,0.0,normal,normal,normal,No actionable deviation,100.0,0.92,78580cd6a25441b2e21a150f0b33ae4ee535196011ed283cdddd0e399c8c14a1,13.1042
holdout,0,0.72,100,normal,0.25,normal,normal,normal,No actionable deviation,100.0,0.92,78580cd6a25441b2e21a150f0b33ae4ee535196011ed283cdddd0e399c8c14a1,11.6441
holdout,0,0.72,100,normal,0.5,normal,normal,normal,No actionable deviation,100.0,0.92,78580cd6a25441b2e21a150f0b33ae4ee535196011ed283cdddd0e399c8c14a1,12.1518
holdout,0,0.72,100,normal,0.75,normal,normal,normal,No actionable deviation,100.0,0.92,78580cd6a25441b2e21a150f0b33ae4ee535196011ed283cdddd0e399c8c14a1,11.7507
holdout,0,0.72,100,normal,1.0,normal,normal,normal,No actionable deviation,100.0,0.92,78580cd6a25441b2e21a150f0b33ae4ee535196011ed283cdddd0e399c8c14a1,11.7563
holdout,0,0.72,100,friction,0.0,normal,normal,normal,No actionable deviation,100.0,0.92,78580cd6a25441b2e21a150f0b33ae4ee535196011ed283cdddd0e399c8c14a1,11.6508
holdout,0,0.72,100,friction,0.25,friction,normal,normal,No actionable deviation,97.1,0.92,ede53803d7318d1e49986625d8ce49c2ebf0fadb72ed0cb8aeac484f834220ed,11.7667
holdout,0,0.72,100,friction,0.5,friction,normal,normal,No actionable deviation,94.1,0.92,9fb9ebdeb374d9f474c878f409b86da7a581b46f1d65c50e7be75c16501d976b,11.7162
holdout,0,0.72,100,friction,0.75,friction,normal,normal,No actionable deviation,91.2,0.92,119b4d997a76430a6070f58612f2641f93d9bddc0b9ef3c96363df28ff391257,11.702
holdout,0,0.72,100,friction,1.0,friction,normal,normal,No actionable deviation,87.7,0.92,fa024763084debb9dc3d7dedc4e7e5cef09a6c61b760c67e22728337d53538e5,11.4441
holdout,0,0.72,100,stiction,0.0,normal,normal,normal,No actionable deviation,100.0,0.92,78580cd6a25441b2e21a150f0b33ae4ee535196011ed283cdddd0e399c8c14a1,11.9441
holdout,0,0.72,100,stiction,0.25,stiction,friction,diagnosed,Friction growth,58.5,0.92,19098855a4cbda201f0f8958911f82bedf2c355169a7e4db2f290cb81c5d3798,12.3811
holdout,0,0.72,100,stiction,0.5,stiction,stiction,diagnosed,Persistent localized stiction,26.0,0.92,8d70a21736f3b7ca21c57e1f014091cb20a0429508f7837e649c55fd478e5613,12.2161
holdout,0,0.72,100,stiction,0.75,stiction,stiction,diagnosed,Persistent localized stiction,23.6,0.92,262107d1e2668464860359bb7391e877172078681dacf4255d212db934a8981a,12.1011
holdout,0,0.72,100,stiction,1.0,stiction,stiction,diagnosed,Persistent localized stiction,22.4,0.92,520dc937ecf4876d783e2d0e7d8067400fe635bf944d14ede4094f8cf1228c57,12.2436
holdout,0,0.72,100,obstruction,0.0,normal,normal,normal,No actionable deviation,100.0,0.92,78580cd6a25441b2e21a150f0b33ae4ee535196011ed283cdddd0e399c8c14a1,12.3133
holdout,0,0.72,100,obstruction,0.25,obstruction,friction,diagnosed,Friction growth,58.0,0.92,694bf03b79c272850b9a270523a1d0856d0b31aac918dad346b898e62266e9f0,12.0397
holdout,0,0.72,100,obstruction,0.5,obstruction,obstruction,diagnosed,Travel obstruction or persistent stiction,43.4,0.92,7f602950ab00d1e5113c619a50dce8d06bad4832ca37a7134801d0100efc44ed,12.0224
holdout,0,0.72,100,obstruction,0.75,obstruction,obstruction,diagnosed,Travel obstruction or persistent stiction,30.3,0.92,164432b3e304e4ce0b6df2306fdabc789566d0d3560cb78078b7d9b641f6a8c9,11.6528
holdout,0,0.72,100,obstruction,1.0,obstruction,obstruction,diagnosed,Travel obstruction or persistent stiction,21.0,0.92,431cafc4cb89da375bfcc29f8a24c952df78942f206322ca47ed1c16560142eb,11.6306
holdout,0,0.72,100,actuator_degradation,0.0,normal,normal,normal,No actionable deviation,100.0,0.92,78580cd6a25441b2e21a150f0b33ae4ee535196011ed283cdddd0e399c8c14a1,11.7877
holdout,0,0.72,100,actuator_degradation,0.25,actuator_degradation,actuator_degradation,diagnosed,Actuator performance degradation,97.0,0.67,ff2cdf200078c02d2d62779a9ed5601ab686e1cf930a1c400d820d0d16fb768b,12.0889
holdout,0,0.72,100,actuator_degradation,0.5,actuator_degradation,actuator_degradation,diagnosed,Actuator performance degradation,92.5,0.76,0eb6cea79eacf0229472af81353a9216a13cb20fab4d240976b3af0ee92a902d,11.6434
holdout,0,0.72,100,actuator_degradation,0.75,actuator_degradation,actuator_degradation,diagnosed,Actuator performance degradation,85.5,0.88,2f1b9d6e656fd436124fcd007eb541eb25e0db112825c5fc667a23754b371b92,11.7313
holdout,0,0.72,100,actuator_degradation,1.0,actuator_degradation,actuator_degradation,diagnosed,Actuator performance degradation,62.2,0.92,03bad0c78d08730d31cef3ff1ae84b7e4bd8cb6028316fccb55ece87dfe07f20,12.1545
holdout,0,0.72,100,sensor_drift,0.0,normal,normal,normal,No actionable deviation,100.0,0.92,78580cd6a25441b2e21a150f0b33ae4ee535196011ed283cdddd0e399c8c14a1,11.7038
holdout,0,0.72,100,sensor_drift,0.25,sensor_drift,normal,normal,No actionable deviation,98.8,0.92,a7308f5ac43927c1d4fef3d57e22fa889f5af1149d3b4138d898470449df2c41,11.5468
holdout,0,0.72,100,sensor_drift,0.5,sensor_drift,normal,normal,No actionable deviation,97.8,0.92,6489c97fcb413ceca6e5f9faf76bb83bf84e30b29d4e42dd4b2de19d94d4d3db,11.6467
holdout,0,0.72,100,sensor_drift,0.75,sensor_drift,sensor_drift,diagnosed,Position sensor drift / process inconsistency,96.6,0.65,abad5450b3c61e781b7eaff22146ed07b76b0e43a45153d771113665daa5732f,11.864
holdout,0,0.72,100,sensor_drift,1.0,sensor_drift,sensor_drift,diagnosed,Position sensor drift / process inconsistency,95.6,0.66,77f8771d5601a21d7b38cc3ef538e3e7c2f888a6234971e6bd1918d4548508e3,11.6038
holdout,0,0.72,101,normal,0.0,normal,normal,normal,No actionable deviation,100.0,0.92,af6efcb59de559b40e0ce0038240673dcd2a1afe4e397440554c661ffab967d9,11.6932
holdout,0,0.72,101,normal,0.25,normal,normal,normal,No actionable deviation,100.0,0.92,af6efcb59de559b40e0ce0038240673dcd2a1afe4e397440554c661ffab967d9,11.6174
holdout,0,0.72,101,normal,0.5,normal,normal,normal,No actionable deviation,100.0,0.92,af6efcb59de559b40e0ce0038240673dcd2a1afe4e397440554c661ffab967d9,11.6643
holdout,0,0.72,101,normal,0.75,normal,normal,normal,No actionable deviation,100.0,0.92,af6efcb59de559b40e0ce0038240673dcd2a1afe4e397440554c661ffab967d9,11.4905
holdout,0,0.72,101,normal,1.0,normal,normal,normal,No actionable deviation,100.0,0.92,af6efcb59de559b40e0ce0038240673dcd2a1afe4e397440554c661ffab967d9,12.1826
holdout,0,0.72,101,friction,0.0,normal,normal,normal,No actionable deviation,100.0,0.92,af6efcb59de559b40e0ce0038240673dcd2a1afe4e397440554c661ffab967d9,12.5719
holdout,0,0.72,101,friction,0.25,friction,normal,normal,No actionable deviation,97.3,0.92,b757dfae158f1af38a7a1e2f341d19bf9a001a96c6c96ac2a8626f91bf8dc278,11.7089
holdout,0,0.72,101,friction,0.5,friction,normal,normal,No actionable deviation,94.2,0.92,d379c87f92448278a23b686685848187dec809815ee99ac2c2dbced211edf7e1,11.9443
holdout,0,0.72,101,friction,0.75,friction,normal,normal,No actionable deviation,91.4,0.92,58e6a1753796cba3fa37a3d0b1baf35f0db856a88961305d3cc66f029d64471f,11.6226
holdout,0,0.72,101,friction,1.0,friction,normal,normal,No actionable deviation,87.6,0.92,c0d212f0b4f4e7943ee00a013b9466b4952d52fa34afbd24aa0d49eb9a6f3d96,12.2872
holdout,0,0.72,101,stiction,0.0,normal,normal,normal,No actionable deviation,100.0,0.92,af6efcb59de559b40e0ce0038240673dcd2a1afe4e397440554c661ffab967d9,12.033
holdout,0,0.72,101,stiction,0.25,stiction,friction,diagnosed,Friction growth,58.8,0.91,4729a56ee402b702ac4e12f5816c9b311fa502624ffc927e94d26b4b08e79ac9,13.2067
holdout,0,0.72,101,stiction,0.5,stiction,stiction,diagnosed,Persistent localized stiction,26.3,0.92,2072640def96847fca3b466be8d04e8f046baa95cc9f6ef2065bb575bf9752c0,12.9047
holdout,0,0.72,101,stiction,0.75,stiction,stiction,diagnosed,Persistent localized stiction,23.9,0.92,77da7d002f57737cb9c93d386a45dade349374bd4133a4313d802a6d30514cc2,13.3692
holdout,0,0.72,101,stiction,1.0,stiction,stiction,diagnosed,Persistent localized stiction,22.7,0.92,2e5cbfe6629e0004f40300a7caf8a4d774dbb836166835dc00cb8b08796d3ed8,12.4446
holdout,0,0.72,101,obstruction,0.0,normal,normal,normal,No actionable deviation,100.0,0.92,af6efcb59de559b40e0ce0038240673dcd2a1afe4e397440554c661ffab967d9,11.7811
holdout,0,0.72,101,obstruction,0.25,obstruction,friction,diagnosed,Friction growth,58.3,0.92,02b405ae6ddab998fc8f4f32f610a02ae3058cf732b97eea287bfbdf4a1b1515,12.0625
holdout,0,0.72,101,obstruction,0.5,obstruction,obstruction,diagnosed,Travel obstruction or persistent stiction,41.1,0.92,73849a4fb67c36fa223fe1924cc3f8769eae5928040839b3fe7d1fcf936a6dbd,12.1542
holdout,0,0.72,101,obstruction,0.75,obstruction,obstruction,diagnosed,Travel obstruction or persistent stiction,30.6,0.92,fdc8976a214ef1d50144a04030e8ada59d0975315781ed133c0cfd2d60fc9172,12.248
holdout,0,0.72,101,obstruction,1.0,obstruction,obstruction,diagnosed,Travel obstruction or persistent stiction,21.4,0.92,9467422bc80b4389eded33c0ae5f523a30176b05d9ca37995424547cbaf1fee4,11.7841
holdout,0,0.72,101,actuator_degradation,0.0,normal,normal,normal,No actionable deviation,100.0,0.92,af6efcb59de559b40e0ce0038240673dcd2a1afe4e397440554c661ffab967d9,11.7577
holdout,0,0.72,101,actuator_degradation,0.25,actuator_degradation,actuator_degradation,diagnosed,Actuator performance degradation,97.0,0.67,170dac1825c1666caa1e68111b4c22a13acd2dcff223c23addfb51f3f703c714,11.9254
holdout,0,0.72,101,actuator_degradation,0.5,actuator_degradation,actuator_degradation,diagnosed,Actuator performance degradation,92.8,0.75,6b59dd011b87a302da90e105aec3a3a7d01b93c10bcc7c1afb94042f04da093c,11.5619
holdout,0,0.72,101,actuator_degradation,0.75,actuator_degradation,actuator_degradation,diagnosed,Actuator performance degradation,85.5,0.88,dd4c67d3bd0ccbccf26f0fb474fe3856a7388ff3f35f9c5a5e8f0fc9ccd1b082,11.9638
holdout,0,0.72,101,actuator_degradation,1.0,actuator_degradation,actuator_degradation,diagnosed,Actuator performance degradation,62.1,0.92,6d71cc4edfd6d15d19991d8528bcab33b4b5e6376b05ef76c83dd114ffed304d,11.6068
holdout,0,0.72,101,sensor_drift,0.0,normal,normal,normal,No actionable deviation,100.0,0.92,af6efcb59de559b40e0ce0038240673dcd2a1afe4e397440554c661ffab967d9,11.7162
holdout,0,0.72,101,sensor_drift,0.25,sensor_drift,normal,normal,No actionable deviation,98.8,0.92,b12a3be3a93a273ab119c1716718f8cfeb73b7a3aa87b341182f84cda807788e,11.4993
holdout,0,0.72,101,sensor_drift,0.5,sensor_drift,normal,normal,No actionable deviation,97.6,0.92,ea2ce2e5455bee5bdce78d21932431601ba5d8198769245c0c363d47392e525f,12.0278
holdout,0,0.72,101,sensor_drift,0.75,sensor_drift,sensor_drift,diagnosed,Position sensor drift / process inconsistency,96.5,0.65,7331171ba7b715bcab2014e7cc2098b11373ce69b1333be9a76a8671790d4c27,12.2996
holdout,0,0.72,101,sensor_drift,1.0,sensor_drift,sensor_drift,diagnosed,Position sensor drift / process inconsistency,95.6,0.66,c375fa2238482920adcec9ba0cc16a8d174a82311f5cbb98e27705b5f3ad5759,12.1676
holdout,0,0.72,102,normal,0.0,normal,normal,normal,No actionable deviation,100.0,0.92,99a765d8dbacb56f74f9d9dd03dd4f9d1a4f32edddf32f0d7d50607a8e64d3be,12.1269
holdout,0,0.72,102,normal,0.25,normal,normal,normal,No actionable deviation,100.0,0.92,99a765d8dbacb56f74f9d9dd03dd4f9d1a4f32edddf32f0d7d50607a8e64d3be,11.9556
holdout,0,0.72,102,normal,0.5,normal,normal,normal,No actionable deviation,100.0,0.92,99a765d8dbacb56f74f9d9dd03dd4f9d1a4f32edddf32f0d7d50607a8e64d3be,12.0871
holdout,0,0.72,102,normal,0.75,normal,normal,normal,No actionable deviation,100.0,0.92,99a765d8dbacb56f74f9d9dd03dd4f9d1a4f32edddf32f0d7d50607a8e64d3be,12.0555
holdout,0,0.72,102,normal,1.0,normal,normal,normal,No actionable deviation,100.0,0.92,99a765d8dbacb56f74f9d9dd03dd4f9d1a4f32edddf32f0d7d50607a8e64d3be,12.1686
holdout,0,0.72,102,friction,0.0,normal,normal,normal,No actionable deviation,100.0,0.92,99a765d8dbacb56f74f9d9dd03dd4f9d1a4f32edddf32f0d7d50607a8e64d3be,12.1528
holdout,0,0.72,102,friction,0.25,friction,normal,normal,No actionable deviation,97.3,0.92,d3e1b604e169b728941d16faf7f47f8845dec95deab2a1b7745738932486117d,11.5569
holdout,0,0.72,102,friction,0.5,friction,normal,normal,No actionable deviation,94.2,0.92,dc88886ead1ed46b07c0815e3a7804f55d607e36ca20ba3e0aef949235d5ac2a,12.0786
holdout,0,0.72,102,friction,0.75,friction,normal,normal,No actionable deviation,91.4,0.92,ccc0ec49524856ea3e23cebac766d181ddfe0b67247e8e22f16007503260db28,11.9675
holdout,0,0.72,102,friction,1.0,friction,normal,normal,No actionable deviation,87.5,0.92,feb7e8fda698ac674cf0c8185869bc7e6fd5f88a486b310f78e96e5df8c1041b,11.976
holdout,0,0.72,102,stiction,0.0,normal,normal,normal,No actionable deviation,100.0,0.92,99a765d8dbacb56f74f9d9dd03dd4f9d1a4f32edddf32f0d7d50607a8e64d3be,11.7579
holdout,0,0.72,102,stiction,0.25,stiction,friction,diagnosed,Friction growth,58.5,0.92,71480ca5f66e2ce46027d38e66015c935ff2804f62a4573b8ac34155513d6724,11.8254
holdout,0,0.72,102,stiction,0.5,stiction,stiction,diagnosed,Persistent localized stiction,26.0,0.92,703d037266a52f4756536f3d61b081a5c80397920f9771bc5fe156425508dcc5,12.0842
holdout,0,0.72,102,stiction,0.75,stiction,stiction,diagnosed,Persistent localized stiction,23.6,0.92,a765bb8c00ae86d39dfdf6cd803dc1880cb9b0aced8b74c86bfeb97e28f18b7a,12.9437
holdout,0,0.72,102,stiction,1.0,stiction,stiction,diagnosed,Persistent localized stiction,22.4,0.92,be57006048e9a279f6ce8e33218c041908bd8c3d171aaf626a50f1d36539e7e1,12.5064
holdout,0,0.72,102,obstruction,0.0,normal,normal,normal,No actionable deviation,100.0,0.92,99a765d8dbacb56f74f9d9dd03dd4f9d1a4f32edddf32f0d7d50607a8e64d3be,13.6926
holdout,0,0.72,102,obstruction,0.25,obstruction,friction,diagnosed,Friction growth,58.2,0.92,452f96d588bc2adc73001fc3fb9d5b9511a13e65c5954a57104668fc6ce6fddb,13.0698
holdout,0,0.72,102,obstruction,0.5,obstruction,obstruction,diagnosed,Travel obstruction or persistent stiction,41.5,0.92,0807564fd23a16056ec3be61b770ff7162eb03ed9b59604b9420d76d4320ab9c,13.6391
holdout,0,0.72,102,obstruction,0.75,obstruction,obstruction,diagnosed,Travel obstruction or persistent stiction,30.5,0.92,64a9abb9f989bd5963ebd5ac40d48a100a1fe42e28c0bab05db203179d411847,12.3381
holdout,0,0.72,102,obstruction,1.0,obstruction,obstruction,diagnosed,Travel obstruction or persistent stiction,21.0,0.92,44dafe783287dd6c77613218a9326a4a3bc5af8e5ebe7858098869f48c9e68f6,11.9514
holdout,0,0.72,102,actuator_degradation,0.0,normal,normal,normal,No actionable deviation,100.0,0.92,99a765d8dbacb56f74f9d9dd03dd4f9d1a4f32edddf32f0d7d50607a8e64d3be,11.8173
holdout,0,0.72,102,actuator_degradation,0.25,actuator_degradation,actuator_degradation,diagnosed,Actuator performance degradation,97.0,0.67,ef24357c2d48f57aeb09766f7d6b5abe8715a3f4ed3e1f8c168dc5e28de26887,12.1632
holdout,0,0.72,102,actuator_degradation,0.5,actuator_degradation,actuator_degradation,diagnosed,Actuator performance degradation,92.5,0.76,fa21d646eb9c22b53ffcab37bb6017b0c8a3d56b47986eeabf1734e7c6d4f982,11.8143
holdout,0,0.72,102,actuator_degradation,0.75,actuator_degradation,actuator_degradation,diagnosed,Actuator performance degradation,85.5,0.88,4fe82be5d308f8162288294bc104eb9e7d63d605d7f22051c27c466029bfa69d,11.6967
holdout,0,0.72,102,actuator_degradation,1.0,actuator_degradation,actuator_degradation,diagnosed,Actuator performance degradation,62.4,0.92,08724b937e190a5a7758fe161234b853e3d6bc7b7eafaf20bce9d302dec9ffb7,12.3556
holdout,0,0.72,102,sensor_drift,0.0,normal,normal,normal,No actionable deviation,100.0,0.92,99a765d8dbacb56f74f9d9dd03dd4f9d1a4f32edddf32f0d7d50607a8e64d3be,11.9676
holdout,0,0.72,102,sensor_drift,0.25,sensor_drift,normal,normal,No actionable deviation,98.8,0.92,9c302357211b348f367ac81da2ffc664ca74e5735aca33d37b2ce6d7bd69a4e9,11.7815
holdout,0,0.72,102,sensor_drift,0.5,sensor_drift,normal,normal,No actionable deviation,97.7,0.92,9cc3df5f326a765d682e06dfd526631d964e157466357da3e0cb50a93548b784,11.7616
holdout,0,0.72,102,sensor_drift,0.75,sensor_drift,sensor_drift,diagnosed,Position sensor drift / process inconsistency,96.6,0.65,a7d9c56759ebeae73ff0107bf0dc2eb4ae7ec675ab78a8a3acbca907ecd70ddf,11.9068
holdout,0,0.72,102,sensor_drift,1.0,sensor_drift,sensor_drift,diagnosed,Position sensor drift / process inconsistency,95.5,0.66,33f6a7a0e0ac6baa6474f934468a10cd9c9db53ada08228a2df92d9a4491ad3c,12.7233
holdout,0,0.72,103,normal,0.0,normal,normal,normal,No actionable deviation,100.0,0.92,8fcf3f0c7f434331d117db4f921cbf1ce7e95dde6ab9bfe82a25775322006bdb,11.8784
holdout,0,0.72,103,normal,0.25,normal,normal,normal,No actionable deviation,100.0,0.92,8fcf3f0c7f434331d117db4f921cbf1ce7e95dde6ab9bfe82a25775322006bdb,11.8578
holdout,0,0.72,103,normal,0.5,normal,normal,normal,No actionable deviation,100.0,0.92,8fcf3f0c7f434331d117db4f921cbf1ce7e95dde6ab9bfe82a25775322006bdb,11.8915
holdout,0,0.72,103,normal,0.75,normal,normal,normal,No actionable deviation,100.0,0.92,8fcf3f0c7f434331d117db4f921cbf1ce7e95dde6ab9bfe82a25775322006bdb,11.9946
holdout,0,0.72,103,normal,1.0,normal,normal,normal,No actionable deviation,100.0,0.92,8fcf3f0c7f434331d117db4f921cbf1ce7e95dde6ab9bfe82a25775322006bdb,12.3944
holdout,0,0.72,103,friction,0.0,normal,normal,normal,No actionable deviation,100.0,0.92,8fcf3f0c7f434331d117db4f921cbf1ce7e95dde6ab9bfe82a25775322006bdb,12.1671
holdout,0,0.72,103,friction,0.25,friction,normal,normal,No actionable deviation,97.6,0.92,6f87c5a8f930abf0da571ec975cf800e8a2a72467c7f9e84c24b35bf5edc5144,12.0533
holdout,0,0.72,103,friction,0.5,friction,normal,normal,No actionable deviation,94.6,0.92,295a8d610f16d9b86d2db430b4a422d8917e51ee99d9d4a835eb502084a8e73f,12.4161
holdout,0,0.72,103,friction,0.75,friction,normal,normal,No actionable deviation,91.5,0.92,529557f12c845e749bbd11be693062628015565094f60642820649416565fc58,12.1747
holdout,0,0.72,103,friction,1.0,friction,normal,normal,No actionable deviation,88.1,0.92,0d4dbfd10ba95354163d983e363d265b3c955b36807c943141e2ae04f73d2147,12.1631
holdout,0,0.72,103,stiction,0.0,normal,normal,normal,No actionable deviation,100.0,0.92,8fcf3f0c7f434331d117db4f921cbf1ce7e95dde6ab9bfe82a25775322006bdb,11.8499
holdout,0,0.72,103,stiction,0.25,stiction,friction,diagnosed,Friction growth,59.1,0.91,0316d99ba7b2bca0ef111b21dba132228755bf0e42a85c492a678488910b1aa7,13.2374
holdout,0,0.72,103,stiction,0.5,stiction,stiction,diagnosed,Persistent localized stiction,26.6,0.92,ca1e9a350856f5617f3be38b795d939068e164a673a351896131ecb2b6bcb22b,13.6741
holdout,0,0.72,103,stiction,0.75,stiction,stiction,diagnosed,Persistent localized stiction,24.2,0.92,008f1c3892c6f9f9042369bd3faa19eb501e32dc533eb7d10f4635c7399e32bb,12.78
holdout,0,0.72,103,stiction,1.0,stiction,stiction,diagnosed,Persistent localized stiction,23.1,0.92,f06adbd9e7dfe6e7adb08979c68b8e3048d91120ddd71a876634d905d8abb0f4,13.0297
holdout,0,0.72,103,obstruction,0.0,normal,normal,normal,No actionable deviation,100.0,0.92,8fcf3f0c7f434331d117db4f921cbf1ce7e95dde6ab9bfe82a25775322006bdb,11.9315
holdout,0,0.72,103,obstruction,0.25,obstruction,friction,diagnosed,Friction growth,58.9,0.92,ae23c8ecbd89724c355921ff2638486bc81384ef9348b04c1a63c21ef45b524a,12.1804
holdout,0,0.72,103,obstruction,0.5,obstruction,obstruction,diagnosed,Travel obstruction or persistent stiction,41.8,0.92,9bc4ecd8d59ac0fc0d77051063256ec9fadf57db529dc76f1620aa2cd5ac78c3,12.2238
holdout,0,0.72,103,obstruction,0.75,obstruction,obstruction,diagnosed,Travel obstruction or persistent stiction,31.2,0.92,25e335fbb41c29d1a286342f448acdb16569f17f546400ab0d4217feff1d141c,12.5536
holdout,0,0.72,103,obstruction,1.0,obstruction,obstruction,diagnosed,Travel obstruction or persistent stiction,25.5,0.92,4e9e79a4b59aa206eaf365f027f5ec3bbf356a48d01b592e169c8de7cff6e747,12.2744
holdout,0,0.72,103,actuator_degradation,0.0,normal,normal,normal,No actionable deviation,100.0,0.92,8fcf3f0c7f434331d117db4f921cbf1ce7e95dde6ab9bfe82a25775322006bdb,12.3548
holdout,0,0.72,103,actuator_degradation,0.25,actuator_degradation,actuator_degradation,diagnosed,Actuator performance degradation,97.3,0.67,ec5429b4352a0fde598524900ecca58bb6d14ce4f0d31892fb110dd20ee70caf,11.974
holdout,0,0.72,103,actuator_degradation,0.5,actuator_degradation,actuator_degradation,diagnosed,Actuator performance degradation,92.9,0.75,9a52f148eaf6ebf143f926c0a8295e8679d74da406f6cdc40ab9ddf4d5af8809,11.9855
holdout,0,0.72,103,actuator_degradation,0.75,actuator_degradation,actuator_degradation,diagnosed,Actuator performance degradation,86.0,0.87,f3b3d332f3725539d2623ab2e88e0c383f12ede476a318f7f9902ac5a1994f31,12.0644
holdout,0,0.72,103,actuator_degradation,1.0,actuator_degradation,actuator_degradation,diagnosed,Actuator performance degradation,62.7,0.92,9eeae216bda25423dcf5c2efac8e708f417eba354a447c3e932abafe467f5a25,12.1905
holdout,0,0.72,103,sensor_drift,0.0,normal,normal,normal,No actionable deviation,100.0,0.92,8fcf3f0c7f434331d117db4f921cbf1ce7e95dde6ab9bfe82a25775322006bdb,11.8285
holdout,0,0.72,103,sensor_drift,0.25,sensor_drift,normal,normal,No actionable deviation,98.7,0.92,c29435312299eb9b29911821c6da7eae3983fe3c6a8f8e6a9717fcc945cce5fe,12.1042
holdout,0,0.72,103,sensor_drift,0.5,sensor_drift,normal,normal,No actionable deviation,97.5,0.92,3e47c87f55a75f80c9836a7420497aba10a05b7a023b0ccc6dba327b2276aa6f,12.4436
holdout,0,0.72,103,sensor_drift,0.75,sensor_drift,sensor_drift,diagnosed,Position sensor drift / process inconsistency,96.6,0.65,1e74cb4560de4114ea79e8fc3dad1a652dbb4b659ff5b362af1cc237200e9500,11.9238
holdout,0,0.72,103,sensor_drift,1.0,sensor_drift,sensor_drift,diagnosed,Position sensor drift / process inconsistency,95.6,0.66,a83334f180746996884afef08d9effe2a8177024a389fbf641f18bf98cb727f8,11.854
holdout,0,0.72,104,normal,0.0,normal,normal,normal,No actionable deviation,100.0,0.92,a137bf25ebdf47d9e6dab358490f846a5e7e8ee716c23cba81c65a5306943a81,12.2838
holdout,0,0.72,104,normal,0.25,normal,normal,normal,No actionable deviation,100.0,0.92,a137bf25ebdf47d9e6dab358490f846a5e7e8ee716c23cba81c65a5306943a81,12.0423
holdout,0,0.72,104,normal,0.5,normal,normal,normal,No actionable deviation,100.0,0.92,a137bf25ebdf47d9e6dab358490f846a5e7e8ee716c23cba81c65a5306943a81,12.0738
holdout,0,0.72,104,normal,0.75,normal,normal,normal,No actionable deviation,100.0,0.92,a137bf25ebdf47d9e6dab358490f846a5e7e8ee716c23cba81c65a5306943a81,11.8106
holdout,0,0.72,104,normal,1.0,normal,normal,normal,No actionable deviation,100.0,0.92,a137bf25ebdf47d9e6dab358490f846a5e7e8ee716c23cba81c65a5306943a81,12.3684
holdout,0,0.72,104,friction,0.0,normal,normal,normal,No actionable deviation,100.0,0.92,a137bf25ebdf47d9e6dab358490f846a5e7e8ee716c23cba81c65a5306943a81,11.949
holdout,0,0.72,104,friction,0.25,friction,normal,normal,No actionable deviation,97.0,0.92,4d0ffe4a0fc4b2f6b9a99103231468afa3a13ccc0bcc830c7c982030d0176035,11.627
holdout,0,0.72,104,friction,0.5,friction,normal,normal,No actionable deviation,93.9,0.92,903d3077f82b8eb80ea013a34562a5c7163d8749d63e267cd2c61e887b1324fb,11.5864
holdout,0,0.72,104,friction,0.75,friction,normal,normal,No actionable deviation,90.9,0.92,ce5651b730c559b1db58ddc04f56294e1a08ed34f20776794889b1c0ba7ec1e9,11.8844
holdout,0,0.72,104,friction,1.0,friction,normal,normal,No actionable deviation,87.5,0.92,74845072533fa9273d68baaa5eb982370e81fdbc149b7839d8b3c193ae4082b5,11.9263
holdout,0,0.72,104,stiction,0.0,normal,normal,normal,No actionable deviation,100.0,0.92,a137bf25ebdf47d9e6dab358490f846a5e7e8ee716c23cba81c65a5306943a81,12.4473
holdout,0,0.72,104,stiction,0.25,stiction,friction,diagnosed,Friction growth,58.4,0.92,567f7409925ded41d3a69f487769c7f713866bda39dd06ee0b5bea9a1b5256ee,11.8882
holdout,0,0.72,104,stiction,0.5,stiction,stiction,diagnosed,Persistent localized stiction,25.6,0.92,73d16200d23cb1a2b06e7019bedaa135415236fa49aae8447ea5f356fbb47b65,12.1829
holdout,0,0.72,104,stiction,0.75,stiction,stiction,diagnosed,Persistent localized stiction,23.2,0.92,83fd45de7d8eb87cc2d8bb23d9d2a5837f1c4ae6044529c1f9aaf12eafad435d,13.2475
holdout,0,0.72,104,stiction,1.0,stiction,stiction,diagnosed,Persistent localized stiction,22.0,0.92,87e0ebba2e51b24416759e52a043ac9a0a1d91d620d86e098a887597d0e303be,13.7909
holdout,0,0.72,104,obstruction,0.0,normal,normal,normal,No actionable deviation,100.0,0.92,a137bf25ebdf47d9e6dab358490f846a5e7e8ee716c23cba81c65a5306943a81,13.5399
holdout,0,0.72,104,obstruction,0.25,obstruction,friction,diagnosed,Friction growth,57.7,0.92,f1e9dceec0316c9c6c22d4ec65936361d8d92511fcf960219df29b3bb9fe1d47,12.7933
holdout,0,0.72,104,obstruction,0.5,obstruction,obstruction,diagnosed,Travel obstruction or persistent stiction,40.5,0.92,bf3b09a12738e28db5658a52fb3c01219b6ab6cf54db7e85a16b7fc94aaa6935,13.6679
holdout,0,0.72,104,obstruction,0.75,obstruction,obstruction,diagnosed,Travel obstruction or persistent stiction,29.8,0.92,505a2510df89f37cccd5a31d26a6cc85f66ed9df26ed58feacb618ea4ce604fc,12.8508
holdout,0,0.72,104,obstruction,1.0,obstruction,obstruction,diagnosed,Travel obstruction or persistent stiction,20.5,0.92,5088ad6987fcdfd471a1ec8f12bc4716ece53e0e4fb75468346e8c4104e9c517,13.5905
holdout,0,0.72,104,actuator_degradation,0.0,normal,normal,normal,No actionable deviation,100.0,0.92,a137bf25ebdf47d9e6dab358490f846a5e7e8ee716c23cba81c65a5306943a81,12.5182
holdout,0,0.72,104,actuator_degradation,0.25,actuator_degradation,actuator_degradation,diagnosed,Actuator performance degradation,96.6,0.68,0efbd1dd76db80ae86016abc92219acbe876117594a1b3ad66782b0b713cc019,12.2094
holdout,0,0.72,104,actuator_degradation,0.5,actuator_degradation,actuator_degradation,diagnosed,Actuator performance degradation,92.1,0.76,e5c5e0bcaa7cc890d391bc9ebab0424ab105c7cbd5218d88b7f296f238a278bd,13.0666
holdout,0,0.72,104,actuator_degradation,0.75,actuator_degradation,actuator_degradation,diagnosed,Actuator performance degradation,84.9,0.89,3596429d680c5058b7c240f7b8ebebbe8dd40eb13a6aba746e0b4b7d2a40a689,13.2495
holdout,0,0.72,104,actuator_degradation,1.0,actuator_degradation,actuator_degradation,diagnosed,Actuator performance degradation,61.7,0.92,280c1dd923a2b343c3884c40391486edd109e4bea60eeaaa149ba7b260e4c03b,12.0327
holdout,0,0.72,104,sensor_drift,0.0,normal,normal,normal,No actionable deviation,100.0,0.92,a137bf25ebdf47d9e6dab358490f846a5e7e8ee716c23cba81c65a5306943a81,12.0931
holdout,0,0.72,104,sensor_drift,0.25,sensor_drift,normal,normal,No actionable deviation,98.4,0.92,54db20afc7a6ee391fd1b5663070375f0862846662a0743ed5f4a3662ed0dd2c,12.1479
holdout,0,0.72,104,sensor_drift,0.5,sensor_drift,normal,normal,No actionable deviation,97.5,0.92,f4bbf110ede243b00bd4ba46819d27ef839bea432f39391e58c3f58b237e8186,12.2316
holdout,0,0.72,104,sensor_drift,0.75,sensor_drift,sensor_drift,diagnosed,Position sensor drift / process inconsistency,96.5,0.65,4c843669820ec204f30ee6a15d8319dca4c142d07e81bc6ede27e86b434215d4,12.0621
holdout,0,0.72,104,sensor_drift,1.0,sensor_drift,sensor_drift,diagnosed,Position sensor drift / process inconsistency,95.6,0.66,3da7059c1b83a807f22d88d5dbfdc375dd9aa88436b621c10b86bcccb11dae8f,12.0669
holdout,0,0.72,105,normal,0.0,normal,normal,normal,No actionable deviation,100.0,0.92,37fd6a4e7688bd7f9aead9dad38739b8f91e41b48231c803ec32773d883f4571,12.0397
holdout,0,0.72,105,normal,0.25,normal,normal,normal,No actionable deviation,100.0,0.92,37fd6a4e7688bd7f9aead9dad38739b8f91e41b48231c803ec32773d883f4571,11.7932
holdout,0,0.72,105,normal,0.5,normal,normal,normal,No actionable deviation,100.0,0.92,37fd6a4e7688bd7f9aead9dad38739b8f91e41b48231c803ec32773d883f4571,12.1168
holdout,0,0.72,105,normal,0.75,normal,normal,normal,No actionable deviation,100.0,0.92,37fd6a4e7688bd7f9aead9dad38739b8f91e41b48231c803ec32773d883f4571,11.6104
holdout,0,0.72,105,normal,1.0,normal,normal,normal,No actionable deviation,100.0,0.92,37fd6a4e7688bd7f9aead9dad38739b8f91e41b48231c803ec32773d883f4571,11.5285
holdout,0,0.72,105,friction,0.0,normal,normal,normal,No actionable deviation,100.0,0.92,37fd6a4e7688bd7f9aead9dad38739b8f91e41b48231c803ec32773d883f4571,11.7494
holdout,0,0.72,105,friction,0.25,friction,normal,normal,No actionable deviation,96.9,0.92,60982c9940b51f6115bb978c07604aa9202033bc0a93f0bb32d4867de0553e27,11.515
holdout,0,0.72,105,friction,0.5,friction,normal,normal,No actionable deviation,93.9,0.92,a98c195b29dbe4f598d164b32b487b35a771af14b7bc4a45af26cf3c73c7c123,12.1869
holdout,0,0.72,105,friction,0.75,friction,normal,normal,No actionable deviation,90.8,0.92,69830216726e0d2b4df08f56765c3321c4e36608099d2d3357c4d646898d5490,11.9992
holdout,0,0.72,105,friction,1.0,friction,normal,normal,No actionable deviation,87.5,0.92,3b5e69ba70a3cd0e3197815c8d3ad2dac4261bcf301c5f5c6c9cbdf658ca5f94,12.023
holdout,0,0.72,105,stiction,0.0,normal,normal,normal,No actionable deviation,100.0,0.92,37fd6a4e7688bd7f9aead9dad38739b8f91e41b48231c803ec32773d883f4571,12.1431
holdout,0,0.72,105,stiction,0.25,stiction,friction,diagnosed,Friction growth,58.5,0.92,cd4cbde6999ed856fdc0ede9d33e6e8ee33882b79987f842bf5f035efa3c98ea,12.5519
holdout,0,0.72,105,stiction,0.5,stiction,stiction,diagnosed,Persistent localized stiction,25.6,0.92,a47f10abae7c1c0b57116289f7743f6a8759af822f40b4f7ead179017d3d155c,12.2319
holdout,0,0.72,105,stiction,0.75,stiction,stiction,diagnosed,Persistent localized stiction,23.2,0.92,784d2e262146d2012a566acfe45f2d5d620beee5579c0352e425026c8f0feb42,11.8429
holdout,0,0.72,105,stiction,1.0,stiction,stiction,diagnosed,Persistent localized stiction,22.0,0.92,cef089c4553f678027a1808c69b961cf63218d30fb3db432fff8a6dc14f9d5fc,11.741
holdout,0,0.72,105,obstruction,0.0,normal,normal,normal,No actionable deviation,100.0,0.92,37fd6a4e7688bd7f9aead9dad38739b8f91e41b48231c803ec32773d883f4571,11.8243
holdout,0,0.72,105,obstruction,0.25,obstruction,friction,diagnosed,Friction growth,57.8,0.92,edd6a341de587d254f1024c20e6dfcee871c85bdc19e0091c2031cd882ad72ce,11.7517
holdout,0,0.72,105,obstruction,0.5,obstruction,obstruction,diagnosed,Travel obstruction or persistent stiction,40.7,0.92,1f61d8bf7c6d36fbf16c9a5c0a724d1f972f856425696e2eb2d286fd06b1a405,11.9091
holdout,0,0.72,105,obstruction,0.75,obstruction,obstruction,diagnosed,Travel obstruction or persistent stiction,29.8,0.92,4b2ed8e2216ea542cfd93066442e30e0e152431ce73009ac56ea72c6327d3658,11.7312
holdout,0,0.72,105,obstruction,1.0,obstruction,obstruction,diagnosed,Travel obstruction or persistent stiction,20.7,0.92,4a635caefda7d30b7ca8260e1481899d7b6e7fb610c8767e3076347d270cc646,11.745
holdout,0,0.72,105,actuator_degradation,0.0,normal,normal,normal,No actionable deviation,100.0,0.92,37fd6a4e7688bd7f9aead9dad38739b8f91e41b48231c803ec32773d883f4571,11.6452
holdout,0,0.72,105,actuator_degradation,0.25,actuator_degradation,actuator_degradation,diagnosed,Actuator performance degradation,96.6,0.68,50fa003a8ffe7070a15b799d81124cf945f47b881d09e9bf3babb8a1664646e1,11.6602
holdout,0,0.72,105,actuator_degradation,0.5,actuator_degradation,actuator_degradation,diagnosed,Actuator performance degradation,92.1,0.76,79c88b996d49d1267526c7fe20ce3472e06560d69d00cea3e91c570605a50845,11.6167
holdout,0,0.72,105,actuator_degradation,0.75,actuator_degradation,actuator_degradation,diagnosed,Actuator performance degradation,84.9,0.89,777b17fcd00c64c6375719df3de2ae3f5fd40a130b258d2e2b9475e7b6202394,11.7032
holdout,0,0.72,105,actuator_degradation,1.0,actuator_degradation,actuator_degradation,diagnosed,Actuator performance degradation,61.4,0.92,c2036139590efdc3a221599efc065ae6e9c4fe11134092a41f23c0c0f11bc027,11.7812
holdout,0,0.72,105,sensor_drift,0.0,normal,normal,normal,No actionable deviation,100.0,0.92,37fd6a4e7688bd7f9aead9dad38739b8f91e41b48231c803ec32773d883f4571,11.7274
holdout,0,0.72,105,sensor_drift,0.25,sensor_drift,normal,normal,No actionable deviation,98.4,0.92,2ed1e6694b9bc03b69b8fbad0ec1b639b12298d2244423e1f47d02095aa7477b,11.669
holdout,0,0.72,105,sensor_drift,0.5,sensor_drift,normal,normal,No actionable deviation,97.6,0.92,88525c0047b7a3b2d9e940acbd2172cb725bd25a9f67911d4be0b8a9319b04d4,11.637
holdout,0,0.72,105,sensor_drift,0.75,sensor_drift,sensor_drift,diagnosed,Position sensor drift / process inconsistency,96.6,0.65,141f4d4ae346c0eb59cc8b61d1371b60e490bfac4ea9e3482a2bd473737a9bac,11.8769
holdout,0,0.72,105,sensor_drift,1.0,sensor_drift,sensor_drift,diagnosed,Position sensor drift / process inconsistency,95.7,0.66,23539d9e281dde722d3fe2c448e1daff4358f7308aed6733243d15553d7d5172,11.8875
holdout,0,0.72,106,normal,0.0,normal,normal,normal,No actionable deviation,100.0,0.92,9a79323d6cd7f82a7d4f3b324f501f25516fb3be473cb5b85095869087751de3,13.3255
holdout,0,0.72,106,normal,0.25,normal,normal,normal,No actionable deviation,100.0,0.92,9a79323d6cd7f82a7d4f3b324f501f25516fb3be473cb5b85095869087751de3,11.6869
holdout,0,0.72,106,normal,0.5,normal,normal,normal,No actionable deviation,100.0,0.92,9a79323d6cd7f82a7d4f3b324f501f25516fb3be473cb5b85095869087751de3,11.6093
holdout,0,0.72,106,normal,0.75,normal,normal,normal,No actionable deviation,100.0,0.92,9a79323d6cd7f82a7d4f3b324f501f25516fb3be473cb5b85095869087751de3,11.7178
holdout,0,0.72,106,normal,1.0,normal,normal,normal,No actionable deviation,100.0,0.92,9a79323d6cd7f82a7d4f3b324f501f25516fb3be473cb5b85095869087751de3,12.5015
holdout,0,0.72,106,friction,0.0,normal,normal,normal,No actionable deviation,100.0,0.92,9a79323d6cd7f82a7d4f3b324f501f25516fb3be473cb5b85095869087751de3,11.96
holdout,0,0.72,106,friction,0.25,friction,normal,normal,No actionable deviation,97.0,0.92,1184f66abebea15106c6929484c6c324dbdf9e903b5cdc70549bc09d6181e016,11.6036
holdout,0,0.72,106,friction,0.5,friction,normal,normal,No actionable deviation,93.8,0.92,dbbd3b8441cb5b6df2e828dbad8cb285b9346a24f69046ccdca25dbb739cab89,11.5302
holdout,0,0.72,106,friction,0.75,friction,normal,normal,No actionable deviation,91.1,0.92,97b01a5dfeaafb60287d710239e4202c2b47dde3973af8301364fd8f2dbd84c3,11.6472
holdout,0,0.72,106,friction,1.0,friction,normal,normal,No actionable deviation,87.3,0.92,c74937db586da4a1213a5592bca72e168f07e832597fa3a08fca46f571cf6844,11.6977
holdout,0,0.72,106,stiction,0.0,normal,normal,normal,No actionable deviation,100.0,0.92,9a79323d6cd7f82a7d4f3b324f501f25516fb3be473cb5b85095869087751de3,11.6979
holdout,0,0.72,106,stiction,0.25,stiction,friction,diagnosed,Friction growth,58.2,0.92,28e589924e20e16eef21a1b7e4b71cfbff61a11150e9c4c8255d411c826099bb,12.1758
holdout,0,0.72,106,stiction,0.5,stiction,stiction,diagnosed,Persistent localized stiction,25.6,0.92,723b91b5753c437566db4be6b4a27335610bf2215ac5cdcc3025d060193482ae,12.2213
holdout,0,0.72,106,stiction,0.75,stiction,stiction,diagnosed,Persistent localized stiction,23.1,0.92,78fa9eca6b723a44884ccc9936231bab93d3b5e4256afe8ccaf161e4e1c5b52a,11.7602
holdout,0,0.72,106,stiction,1.0,stiction,stiction,diagnosed,Persistent localized stiction,22.0,0.92,afb3cae5eb6c49067788e39b75099a602d7237e5ec7ebe14f53bbc830c2db973,11.7772
holdout,0,0.72,106,obstruction,0.0,normal,normal,normal,No actionable deviation,100.0,0.92,9a79323d6cd7f82a7d4f3b324f501f25516fb3be473cb5b85095869087751de3,11.723
holdout,0,0.72,106,obstruction,0.25,obstruction,friction,diagnosed,Friction growth,57.9,0.92,2d51125b54ca1d5cd7c1e3b48664dd69d8e19f63f65ce949f638c2a120fd404f,11.7145
holdout,0,0.72,106,obstruction,0.5,obstruction,obstruction,diagnosed,Travel obstruction or persistent stiction,41.1,0.92,81dd0564a03bc90093d0345ebb03c8e97662c9fdb9c5da346d0ccf386f1fd279,11.6637
holdout,0,0.72,106,obstruction,0.75,obstruction,obstruction,diagnosed,Travel obstruction or persistent stiction,30.3,0.92,29f197622e99efbb91e1d233e2a6704269c43fd1fadb0947ae048c67b5557b6e,11.8072
holdout,0,0.72,106,obstruction,1.0,obstruction,obstruction,diagnosed,Travel obstruction or persistent stiction,20.8,0.92,20234edc294e8fd1ae02f0a28eeb6123718fbae2bc9b733b987ef098ddd6db8a,11.9327
holdout,0,0.72,106,actuator_degradation,0.0,normal,normal,normal,No actionable deviation,100.0,0.92,9a79323d6cd7f82a7d4f3b324f501f25516fb3be473cb5b85095869087751de3,11.7087
holdout,0,0.72,106,actuator_degradation,0.25,actuator_degradation,actuator_degradation,diagnosed,Actuator performance degradation,96.6,0.68,27151e9af6247d22502409346abbb6eab4975787df8cb31da64be9cfa5ba8bfd,11.9284
holdout,0,0.72,106,actuator_degradation,0.5,actuator_degradation,actuator_degradation,diagnosed,Actuator performance degradation,92.4,0.76,e2847fbf5fb480950a7fdca6080b18748322baffa3209cfa4139211d0ee199d1,11.9157
holdout,0,0.72,106,actuator_degradation,0.75,actuator_degradation,actuator_degradation,diagnosed,Actuator performance degradation,84.9,0.89,9712dc094369087e708a257501d1418394170c209721335948ec15c6ff57d690,13.5532
holdout,0,0.72,106,actuator_degradation,1.0,actuator_degradation,actuator_degradation,diagnosed,Actuator performance degradation,61.4,0.92,50771adc885c701c1ba52a56a45ffb9a61deb2cbd2627f46e510d0fcf8db5ce9,11.7761
holdout,0,0.72,106,sensor_drift,0.0,normal,normal,normal,No actionable deviation,100.0,0.92,9a79323d6cd7f82a7d4f3b324f501f25516fb3be473cb5b85095869087751de3,11.7909
holdout,0,0.72,106,sensor_drift,0.25,sensor_drift,normal,normal,No actionable deviation,98.5,0.92,1c2d00448d2f1c08b631ce083c347a7566473049c5edb158818b8689ae5a4bdb,11.8471
holdout,0,0.72,106,sensor_drift,0.5,sensor_drift,normal,normal,No actionable deviation,97.5,0.92,295f5ba03648839f7519122fabb2db1ea8a98c8a3320d41e2741f2f5e91c461d,11.5641
holdout,0,0.72,106,sensor_drift,0.75,sensor_drift,sensor_drift,diagnosed,Position sensor drift / process inconsistency,96.4,0.65,911641a6687306b9842d4611e6cc31f42d06703f5496cfc48f024b4265d34b69,11.9271
holdout,0,0.72,106,sensor_drift,1.0,sensor_drift,sensor_drift,diagnosed,Position sensor drift / process inconsistency,95.5,0.66,db2f4d3dbea19b76a865daf3b03cda20e774497d429d1a985f3a55580df19814,11.9726
holdout,0,0.72,107,normal,0.0,normal,normal,normal,No actionable deviation,100.0,0.92,622e2535fd7b049a7524e4f0cb7670077a701ef58637a97b81ead047f70effc1,11.9248
holdout,0,0.72,107,normal,0.25,normal,normal,normal,No actionable deviation,100.0,0.92,622e2535fd7b049a7524e4f0cb7670077a701ef58637a97b81ead047f70effc1,11.5625
holdout,0,0.72,107,normal,0.5,normal,normal,normal,No actionable deviation,100.0,0.92,622e2535fd7b049a7524e4f0cb7670077a701ef58637a97b81ead047f70effc1,11.7758
holdout,0,0.72,107,normal,0.75,normal,normal,normal,No actionable deviation,100.0,0.92,622e2535fd7b049a7524e4f0cb7670077a701ef58637a97b81ead047f70effc1,11.7424
holdout,0,0.72,107,normal,1.0,normal,normal,normal,No actionable deviation,100.0,0.92,622e2535fd7b049a7524e4f0cb7670077a701ef58637a97b81ead047f70effc1,12.2004
holdout,0,0.72,107,friction,0.0,normal,normal,normal,No actionable deviation,100.0,0.92,622e2535fd7b049a7524e4f0cb7670077a701ef58637a97b81ead047f70effc1,12.799
holdout,0,0.72,107,friction,0.25,friction,normal,normal,No actionable deviation,97.2,0.92,84d804256a2f6daf8deea34b75cb184acea0d199055640ca34db1f8d26249f7e,13.1097
holdout,0,0.72,107,friction,0.5,friction,normal,normal,No actionable deviation,94.3,0.92,15bf8f825c3ac1b776d868b49b3f1e86a18a517920c994932dc740f65cadc40d,13.4242
holdout,0,0.72,107,friction,0.75,friction,normal,normal,No actionable deviation,91.4,0.92,a69ee061daef28ef2cd15b77fb3e23c2a8fa467c011f68b98f1bbf413ab61284,12.7076
holdout,0,0.72,107,friction,1.0,friction,normal,normal,No actionable deviation,87.7,0.92,311311903cd22090e0dba0687a82aa6112882087066204ed448f62812e443ce3,12.1339
holdout,0,0.72,107,stiction,0.0,normal,normal,normal,No actionable deviation,100.0,0.92,622e2535fd7b049a7524e4f0cb7670077a701ef58637a97b81ead047f70effc1,12.1351
holdout,0,0.72,107,stiction,0.25,stiction,friction,diagnosed,Friction growth,58.5,0.92,953c1d87f0ddb665c5f1c2f59ca966437add2e5c29b0162ceb29cf7005f78fb1,12.2539
holdout,0,0.72,107,stiction,0.5,stiction,stiction,diagnosed,Persistent localized stiction,25.9,0.92,197c57c34091dcffd3bb84fc7ed8529fab29b4f6329e29a82936f9225a6d7392,12.0353
holdout,0,0.72,107,stiction,0.75,stiction,stiction,diagnosed,Persistent localized stiction,23.5,0.92,c00bf91386acd2f59de3443b8b9cf1fb8c0a9421bf9a6acec1f05f3d0a88a9eb,12.0788
holdout,0,0.72,107,stiction,1.0,stiction,stiction,diagnosed,Persistent localized stiction,22.4,0.92,11a233ed380adb23ac15106f6c2dc18b9435a30033a2f44c0f90df0f403e6bf1,12.4667
holdout,0,0.72,107,obstruction,0.0,normal,normal,normal,No actionable deviation,100.0,0.92,622e2535fd7b049a7524e4f0cb7670077a701ef58637a97b81ead047f70effc1,11.877
holdout,0,0.72,107,obstruction,0.25,obstruction,friction,diagnosed,Friction growth,57.9,0.92,8c606676345088c4da4b071038093f725cecd240182b985a4431cd882850195d,11.9718
holdout,0,0.72,107,obstruction,0.5,obstruction,obstruction,diagnosed,Travel obstruction or persistent stiction,41.5,0.92,1e643889e12ea1d3f786bed615f564ed6f8e239b3da046d6a72d19ecf5d35fdf,12.4337
holdout,0,0.72,107,obstruction,0.75,obstruction,obstruction,diagnosed,Travel obstruction or persistent stiction,30.4,0.92,7f2ce3870b5489b732411fa05b9402f00411776616013d981eb6e491225637b5,11.8306
holdout,0,0.72,107,obstruction,1.0,obstruction,obstruction,diagnosed,Travel obstruction or persistent stiction,21.0,0.92,aed5c8904497dae77f096aa8e5b56d5b0153f47b4990e84e00296637f87bf8ae,12.1294
holdout,0,0.72,107,actuator_degradation,0.0,normal,normal,normal,No actionable deviation,100.0,0.92,622e2535fd7b049a7524e4f0cb7670077a701ef58637a97b81ead047f70effc1,11.7486
holdout,0,0.72,107,actuator_degradation,0.25,actuator_degradation,actuator_degradation,diagnosed,Actuator performance degradation,97.0,0.67,0e850e61b9bb3af78dff0b134b0fd6576f4fbf1d8442cd15270fd21b848fc8a7,12.1187
holdout,0,0.72,107,actuator_degradation,0.5,actuator_degradation,actuator_degradation,diagnosed,Actuator performance degradation,92.5,0.76,adcc3590246289417732bc22ddae756ddacf93520d06b94aaa2bac720ea12719,11.7614
holdout,0,0.72,107,actuator_degradation,0.75,actuator_degradation,actuator_degradation,diagnosed,Actuator performance degradation,85.4,0.88,bf5c000ffa43efcda4131033de090a07e621f3e1621863289675ded4af88e6b2,12.2783
holdout,0,0.72,107,actuator_degradation,1.0,actuator_degradation,actuator_degradation,diagnosed,Actuator performance degradation,61.9,0.92,ce0a9152fee005ea4a42ab7f587d5e3a5a6716e0d3f5e7e2036f0584c30e2ecf,11.9401
holdout,0,0.72,107,sensor_drift,0.0,normal,normal,normal,No actionable deviation,100.0,0.92,622e2535fd7b049a7524e4f0cb7670077a701ef58637a97b81ead047f70effc1,11.9454
holdout,0,0.72,107,sensor_drift,0.25,sensor_drift,normal,normal,No actionable deviation,98.8,0.92,3b347bdc8f37e0980afb4f89e2c4be9b7eb76bf657f53c599052f03a6ba557d3,11.7735
holdout,0,0.72,107,sensor_drift,0.5,sensor_drift,normal,normal,No actionable deviation,97.7,0.92,0b1c7ca7fb1c4138db24a5e61970dc67443f059497a7146c4223408c3fa3d069,11.6952
holdout,0,0.72,107,sensor_drift,0.75,sensor_drift,sensor_drift,diagnosed,Position sensor drift / process inconsistency,96.6,0.65,8d431834fdbb03ef317325a32ba54e789acf3b08b0523f6b2a96c0e72df13e03,12.0998
holdout,0,0.72,107,sensor_drift,1.0,sensor_drift,sensor_drift,diagnosed,Position sensor drift / process inconsistency,95.5,0.66,2913ac743c9efaac20ffb00a8b786a726fb41827948b6411cfb7e39c87592762,12.1977
holdout,0,0.72,108,normal,0.0,normal,normal,normal,No actionable deviation,100.0,0.92,0008b32f1d6439bbde4e3cfbc1a4233444e0bbc563e839d9b72090288a6d15e5,12.3113
holdout,0,0.72,108,normal,0.25,normal,normal,normal,No actionable deviation,100.0,0.92,0008b32f1d6439bbde4e3cfbc1a4233444e0bbc563e839d9b72090288a6d15e5,11.8643
holdout,0,0.72,108,normal,0.5,normal,normal,normal,No actionable deviation,100.0,0.92,0008b32f1d6439bbde4e3cfbc1a4233444e0bbc563e839d9b72090288a6d15e5,11.9558
holdout,0,0.72,108,normal,0.75,normal,normal,normal,No actionable deviation,100.0,0.92,0008b32f1d6439bbde4e3cfbc1a4233444e0bbc563e839d9b72090288a6d15e5,11.6083
holdout,0,0.72,108,normal,1.0,normal,normal,normal,No actionable deviation,100.0,0.92,0008b32f1d6439bbde4e3cfbc1a4233444e0bbc563e839d9b72090288a6d15e5,11.6613
holdout,0,0.72,108,friction,0.0,normal,normal,normal,No actionable deviation,100.0,0.92,0008b32f1d6439bbde4e3cfbc1a4233444e0bbc563e839d9b72090288a6d15e5,11.7249
holdout,0,0.72,108,friction,0.25,friction,normal,normal,No actionable deviation,97.2,0.92,589bca039b1ba3626b9efb3114c7adf01a265560b3803ee59c42d681029aba12,11.8224
holdout,0,0.72,108,friction,0.5,friction,normal,normal,No actionable deviation,94.4,0.92,e87243a6eb2c8eb867164b6788c5d23fe0b32dd15c44253ee8dbaa3ea1ea854e,12.1455
holdout,0,0.72,108,friction,0.75,friction,normal,normal,No actionable deviation,91.4,0.92,ccae9104d5272c90d33ec4c530e7c70f8549cc7b1ee050842e0f0575400a7eb5,12.0322
holdout,0,0.72,108,friction,1.0,friction,normal,normal,No actionable deviation,87.9,0.92,a2b7e4bca9c310c3cee4b19ff039d2768db63e520837a3448f1ea0405baa67fa,11.855
holdout,0,0.72,108,stiction,0.0,normal,normal,normal,No actionable deviation,100.0,0.92,0008b32f1d6439bbde4e3cfbc1a4233444e0bbc563e839d9b72090288a6d15e5,12.2349
holdout,0,0.72,108,stiction,0.25,stiction,friction,diagnosed,Friction growth,58.8,0.91,23996e6afc6b6d560c505a2a60b9c8960b4bebe3de089e821a440694f24c840f,12.1867
holdout,0,0.72,108,stiction,0.5,stiction,stiction,diagnosed,Persistent localized stiction,26.4,0.92,baa4c46cc45bbfaeb3068567a97e7aef02ea185da97968df107fcc99feb3423e,12.4162
holdout,0,0.72,108,stiction,0.75,stiction,stiction,diagnosed,Persistent localized stiction,24.0,0.92,c65c32f4dd68f385b437eedf81ec588868272539c18e0591fc35e5bea84b6885,12.952
holdout,0,0.72,108,stiction,1.0,stiction,stiction,diagnosed,Persistent localized stiction,22.8,0.92,c3f1ad34111d3a9a0b5ff646141ac627f36513bca0d67572ade5d785c21659b2,11.8124
holdout,0,0.72,108,obstruction,0.0,normal,normal,normal,No actionable deviation,100.0,0.92,0008b32f1d6439bbde4e3cfbc1a4233444e0bbc563e839d9b72090288a6d15e5,11.7878
holdout,0,0.72,108,obstruction,0.25,obstruction,friction,diagnosed,Friction growth,58.5,0.92,ecd59b2913a9642bf69167e83c2fad09633dc7b64c0d735f908a2d6661a9dd2e,11.8265
holdout,0,0.72,108,obstruction,0.5,obstruction,obstruction,diagnosed,Travel obstruction or persistent stiction,42.8,0.92,685594895f52d72fd2bc8a8199b730afe582cd9576cbd8c1554b5753dea73689,11.9997
holdout,0,0.72,108,obstruction,0.75,obstruction,obstruction,diagnosed,Travel obstruction or persistent stiction,31.1,0.92,707811cffdba7e41a98a8369500d9c12a2d70ec15d8955fe36a84c5f542aa028,12.0386
holdout,0,0.72,108,obstruction,1.0,obstruction,obstruction,diagnosed,Travel obstruction or persistent stiction,21.3,0.92,f2585a555413e2dd1f830cc1ac864e976e0529501643f2314b975e1461aa0c90,12.0259
holdout,0,0.72,108,actuator_degradation,0.0,normal,normal,normal,No actionable deviation,100.0,0.92,0008b32f1d6439bbde4e3cfbc1a4233444e0bbc563e839d9b72090288a6d15e5,12.0025
holdout,0,0.72,108,actuator_degradation,0.25,actuator_degradation,actuator_degradation,diagnosed,Actuator performance degradation,97.0,0.67,882b8ca34bed96da5c6fe660641af3f3b1f7f9d6637bba019791038c12cf7d6a,11.9901
holdout,0,0.72,108,actuator_degradation,0.5,actuator_degradation,actuator_degradation,diagnosed,Actuator performance degradation,92.5,0.76,43b4673b021f7cd10ae881a57710a83ed761fd581e173cdc79ec909a35daa5e6,12.5415
holdout,0,0.72,108,actuator_degradation,0.75,actuator_degradation,actuator_degradation,diagnosed,Actuator performance degradation,85.5,0.88,55f35dc76d59a9838ce9a37d17acb2b0d67d25cf6730bd9814a3c3bc4fb3b34f,12.1439
holdout,0,0.72,108,actuator_degradation,1.0,actuator_degradation,actuator_degradation,diagnosed,Actuator performance degradation,62.0,0.92,368dc73bc1adb08324be6a2576c821be6d2570427ed07edb581008c31e3a7931,12.6104
holdout,0,0.72,108,sensor_drift,0.0,normal,normal,normal,No actionable deviation,100.0,0.92,0008b32f1d6439bbde4e3cfbc1a4233444e0bbc563e839d9b72090288a6d15e5,12.1466
holdout,0,0.72,108,sensor_drift,0.25,sensor_drift,normal,normal,No actionable deviation,98.7,0.92,9f369c2ca987a841061535c4120b30782de74ef6b2cdaa104532cbb06d4dbf01,12.1841
holdout,0,0.72,108,sensor_drift,0.5,sensor_drift,normal,normal,No actionable deviation,97.6,0.92,27bf8c5147c1593addfdb91d3c53b836585d043e07e5970e44f748d91ff47a05,11.7488
holdout,0,0.72,108,sensor_drift,0.75,sensor_drift,sensor_drift,diagnosed,Position sensor drift / process inconsistency,96.4,0.65,5bf462b4a70631064a2197cd0c1afb248662fb9838c2a4fa10bebf2f9686ae99,12.4473
holdout,0,0.72,108,sensor_drift,1.0,sensor_drift,sensor_drift,diagnosed,Position sensor drift / process inconsistency,95.7,0.66,a50e6ae03417ce9828a668e379ec8193513bd21c6ec9ca99f29cfaae2dc5275f,11.7364
holdout,0,0.72,109,normal,0.0,normal,normal,normal,No actionable deviation,100.0,0.92,e6e7fafb69ebb13e34df365b420f50918e0104f18e108b00955f6b8688683934,11.8227
holdout,0,0.72,109,normal,0.25,normal,normal,normal,No actionable deviation,100.0,0.92,e6e7fafb69ebb13e34df365b420f50918e0104f18e108b00955f6b8688683934,11.8761
holdout,0,0.72,109,normal,0.5,normal,normal,normal,No actionable deviation,100.0,0.92,e6e7fafb69ebb13e34df365b420f50918e0104f18e108b00955f6b8688683934,11.9119
holdout,0,0.72,109,normal,0.75,normal,normal,normal,No actionable deviation,100.0,0.92,e6e7fafb69ebb13e34df365b420f50918e0104f18e108b00955f6b8688683934,11.8451
holdout,0,0.72,109,normal,1.0,normal,normal,normal,No actionable deviation,100.0,0.92,e6e7fafb69ebb13e34df365b420f50918e0104f18e108b00955f6b8688683934,11.912
holdout,0,0.72,109,friction,0.0,normal,normal,normal,No actionable deviation,100.0,0.92,e6e7fafb69ebb13e34df365b420f50918e0104f18e108b00955f6b8688683934,11.8299
holdout,0,0.72,109,friction,0.25,friction,normal,normal,No actionable deviation,97.2,0.92,686ea012d3859f2d19284d503908818d95785ab772341fdbf9a8dd0aa338781a,11.7121
holdout,0,0.72,109,friction,0.5,friction,normal,normal,No actionable deviation,94.2,0.92,205ef65f96be5b3538bf3ed47260438643795b0bb586f3974adb8934942920bc,11.9314
holdout,0,0.72,109,friction,0.75,friction,normal,normal,No actionable deviation,91.3,0.92,6452ee31354737d57f9ecf01a601445f19f2bae025976cf6e6ad43e69fa0fb4f,11.7983
holdout,0,0.72,109,friction,1.0,friction,normal,normal,No actionable deviation,87.6,0.92,b8b94562a59659b4136f6bdd636529c7a8d1c2e149282df7b8c0440059e1f00d,11.6031
holdout,0,0.72,109,stiction,0.0,normal,normal,normal,No actionable deviation,100.0,0.92,e6e7fafb69ebb13e34df365b420f50918e0104f18e108b00955f6b8688683934,11.7012
holdout,0,0.72,109,stiction,0.25,stiction,friction,diagnosed,Friction growth,58.5,0.92,648df85d18a535d312f8d316d2c0d02572ce79613ed3483cad4abe70e46f6cd3,11.7429
holdout,0,0.72,109,stiction,0.5,stiction,stiction,diagnosed,Persistent localized stiction,25.9,0.92,9a8342675888e17d4d21f95e3f515420e92d26a16d595ecdc20eaaf439b3e5f6,12.2338
holdout,0,0.72,109,stiction,0.75,stiction,stiction,diagnosed,Persistent localized stiction,23.5,0.92,a9a512a90fd0e4acb5439ff8ab81efa78e7467fe09771e8d6b04c9009e065998,12.1051
holdout,0,0.72,109,stiction,1.0,stiction,stiction,diagnosed,Persistent localized stiction,22.3,0.92,eb769d981797f8b0de50de1f016cfb50e33d164ae7aae36bbc6371af05edec66,12.2009
holdout,0,0.72,109,obstruction,0.0,normal,normal,normal,No actionable deviation,100.0,0.92,e6e7fafb69ebb13e34df365b420f50918e0104f18e108b00955f6b8688683934,12.0618
holdout,0,0.72,109,obstruction,0.25,obstruction,friction,diagnosed,Friction growth,58.2,0.92,a564a8f79cf6c2b235edb6402e9eb0b9d7800dda76432ca310478a2865b5686c,12.2277
holdout,0,0.72,109,obstruction,0.5,obstruction,obstruction,diagnosed,Travel obstruction or persistent stiction,41.3,0.92,eb5ac6214ade623e7fe4374e0104dc06696626cb1b4f8079fa0ef444c1a9ee96,12.3933
holdout,0,0.72,109,obstruction,0.75,obstruction,obstruction,diagnosed,Travel obstruction or persistent stiction,30.5,0.92,c9aa609f08b853a3446c070e3be741f94fdfb29e9d9456fb874516e6c2fe5544,12.3325
holdout,0,0.72,109,obstruction,1.0,obstruction,obstruction,diagnosed,Travel obstruction or persistent stiction,21.2,0.92,4bc785cfed56bf24fe480c08805e9594eebd4fb2c3f938588591a5609ec342d6,11.8876
holdout,0,0.72,109,actuator_degradation,0.0,normal,normal,normal,No actionable deviation,100.0,0.92,e6e7fafb69ebb13e34df365b420f50918e0104f18e108b00955f6b8688683934,12.4429
holdout,0,0.72,109,actuator_degradation,0.25,actuator_degradation,actuator_degradation,diagnosed,Actuator performance degradation,97.0,0.67,dd1b214f1eaae31b20b6c4b895f490076db27197c3343a384ae045bb647d1ae3,12.3861
holdout,0,0.72,109,actuator_degradation,0.5,actuator_degradation,actuator_degradation,diagnosed,Actuator performance degradation,92.8,0.75,46799bd7a18c105d5e7224d7abeeb91cb62259234929baa8fb089697a3aac330,11.7532
holdout,0,0.72,109,actuator_degradation,0.75,actuator_degradation,actuator_degradation,diagnosed,Actuator performance degradation,85.4,0.88,0b059b096776749e0e3e3d450e739183fc0e4f483e3e2b169300c604d6d7d831,11.6836
holdout,0,0.72,109,actuator_degradation,1.0,actuator_degradation,actuator_degradation,diagnosed,Actuator performance degradation,62.1,0.92,60fbcbfe4199824243dbfe4f0c92fa4f95ef07ef9e41684bda997e10c8c55578,11.6533
holdout,0,0.72,109,sensor_drift,0.0,normal,normal,normal,No actionable deviation,100.0,0.92,e6e7fafb69ebb13e34df365b420f50918e0104f18e108b00955f6b8688683934,11.6832
holdout,0,0.72,109,sensor_drift,0.25,sensor_drift,normal,normal,No actionable deviation,98.7,0.92,5b6a377dc0ac875da0d92c8dd81efa358478a2c5278ed0b55ce05d2620c740d1,12.0786
holdout,0,0.72,109,sensor_drift,0.5,sensor_drift,normal,normal,No actionable deviation,97.6,0.92,0ec803317092f4e6568155faa6e49bb17b04c44786fe104ff007a9ef74b6576a,11.8756
holdout,0,0.72,109,sensor_drift,0.75,sensor_drift,sensor_drift,diagnosed,Position sensor drift / process inconsistency,96.5,0.65,4cf3a9567cd64f35b559c440c753c774bfa041ddd209ddab59b6c7280e2862dc,11.7566
holdout,0,0.72,109,sensor_drift,1.0,sensor_drift,sensor_drift,diagnosed,Position sensor drift / process inconsistency,95.6,0.66,e2bc90cb1507743212c2a55f206de0bdc9e8b8b3f442ffb859411db70ad08689,11.6097
holdout,1,0.86,100,normal,0.0,normal,normal,normal,No actionable deviation,100.0,0.92,a656b1975f6647e89392cb5db0ae583f4d9d687dfe0e7f4f8dc502fdb66e02ec,11.7799
holdout,1,0.86,100,normal,0.25,normal,normal,normal,No actionable deviation,100.0,0.92,a656b1975f6647e89392cb5db0ae583f4d9d687dfe0e7f4f8dc502fdb66e02ec,11.9441
holdout,1,0.86,100,normal,0.5,normal,normal,normal,No actionable deviation,100.0,0.92,a656b1975f6647e89392cb5db0ae583f4d9d687dfe0e7f4f8dc502fdb66e02ec,11.6303
holdout,1,0.86,100,normal,0.75,normal,normal,normal,No actionable deviation,100.0,0.92,a656b1975f6647e89392cb5db0ae583f4d9d687dfe0e7f4f8dc502fdb66e02ec,11.6265
holdout,1,0.86,100,normal,1.0,normal,normal,normal,No actionable deviation,100.0,0.92,a656b1975f6647e89392cb5db0ae583f4d9d687dfe0e7f4f8dc502fdb66e02ec,11.8444
holdout,1,0.86,100,friction,0.0,normal,normal,normal,No actionable deviation,100.0,0.92,a656b1975f6647e89392cb5db0ae583f4d9d687dfe0e7f4f8dc502fdb66e02ec,11.6927
holdout,1,0.86,100,friction,0.25,friction,normal,normal,No actionable deviation,96.9,0.92,be1e8e15f04f55f4345c6407eed87f2bc5049f29f17397d022ae54567dea2950,11.7474
holdout,1,0.86,100,friction,0.5,friction,normal,normal,No actionable deviation,93.1,0.92,77471898b501199abc2a661bf51ed3ff7840d3d17de5bad8f12af094b4be06e3,11.5236
holdout,1,0.86,100,friction,0.75,friction,friction,diagnosed,Friction growth,89.1,0.73,df4fcf3d43b1b44570ceb0d328fcdedc9e45f334351ecb5dda74d253c5c02e37,11.8799
holdout,1,0.86,100,friction,1.0,friction,friction,diagnosed,Friction growth,85.1,0.77,2b7064a606586d22796c14f8ff64362c2b8aef6d0e212665cac182fda0175581,11.8087
holdout,1,0.86,100,stiction,0.0,normal,normal,normal,No actionable deviation,100.0,0.92,a656b1975f6647e89392cb5db0ae583f4d9d687dfe0e7f4f8dc502fdb66e02ec,11.574
holdout,1,0.86,100,stiction,0.25,stiction,stiction,diagnosed,Persistent localized stiction,49.2,0.92,865c8a690ca455907c6c58fa8fe13b683860063daa0aa978acdd70eadd04d960,11.9375
holdout,1,0.86,100,stiction,0.5,stiction,stiction,diagnosed,Persistent localized stiction,30.8,0.92,13db09a5cb8ac1b470763d120352de0422d813f1de5171af46a903373028bc2f,11.7764
holdout,1,0.86,100,stiction,0.75,stiction,stiction,diagnosed,Persistent localized stiction,29.1,0.92,12b1ca9abeac92862ffee9f2663ba00d3c58412f4d98a8f93ba97fae4a91f92d,11.8304
holdout,1,0.86,100,stiction,1.0,stiction,stiction,diagnosed,Persistent localized stiction,28.2,0.92,64060e7038725d5095de3bbcc58cab0e1b35b3cd923a806fbed1847e912c4768,11.7006
holdout,1,0.86,100,obstruction,0.0,normal,normal,normal,No actionable deviation,100.0,0.92,a656b1975f6647e89392cb5db0ae583f4d9d687dfe0e7f4f8dc502fdb66e02ec,12.3343
holdout,1,0.86,100,obstruction,0.25,obstruction,obstruction,diagnosed,Travel obstruction or persistent stiction,63.5,0.89,2a486ed8ed5109037e1a94deb3ab1ad97a42826613bb752e519b536ce3f9211e,11.7795
holdout,1,0.86,100,obstruction,0.5,obstruction,obstruction,diagnosed,Travel obstruction or persistent stiction,47.9,0.89,d9722c4634a864f28de8a1243e5284b62f791d37ed11dcaf007ab6ff9aef99cf,12.2386
holdout,1,0.86,100,obstruction,0.75,obstruction,obstruction,diagnosed,Travel obstruction or persistent stiction,36.8,0.92,98bbb40c0a38eed054080bebf76e47085b62d659d5fa80b7d2b835b62c5e09f0,12.5824
holdout,1,0.86,100,obstruction,1.0,obstruction,obstruction,diagnosed,Travel obstruction or persistent stiction,26.8,0.92,a2d86f8089d0957d65533c2d445990b333086fcf74bf88da75cda69b21b03fdd,12.5435
holdout,1,0.86,100,actuator_degradation,0.0,normal,normal,normal,No actionable deviation,100.0,0.92,a656b1975f6647e89392cb5db0ae583f4d9d687dfe0e7f4f8dc502fdb66e02ec,12.83
holdout,1,0.86,100,actuator_degradation,0.25,actuator_degradation,actuator_degradation,diagnosed,Actuator performance degradation,97.2,0.67,0439dd19497aba29202d480451a1cacba38aee4778bfa50e1fdd97548c8531b1,12.2488
holdout,1,0.86,100,actuator_degradation,0.5,actuator_degradation,actuator_degradation,diagnosed,Actuator performance degradation,92.8,0.75,c151560e1f05de0e2e0f95bf4feae0f7913c06958d93fc974f69c82697413ece,12.2031
holdout,1,0.86,100,actuator_degradation,0.75,actuator_degradation,sensor_drift,diagnosed,Position sensor drift / process inconsistency,81.0,0.88,ae9b5e5c5753d79f973305af93c73323fc933d56552e8f1e46a88ce2d70d1669,12.1483
holdout,1,0.86,100,actuator_degradation,1.0,actuator_degradation,actuator_degradation,diagnosed,Actuator performance degradation,57.9,0.92,fb340b7d79e6831bf59827b5ff538da355c3e2d4d5c4ed8c91a2423e668cfc55,12.2699
holdout,1,0.86,100,sensor_drift,0.0,normal,normal,normal,No actionable deviation,100.0,0.92,a656b1975f6647e89392cb5db0ae583f4d9d687dfe0e7f4f8dc502fdb66e02ec,11.7424
holdout,1,0.86,100,sensor_drift,0.25,sensor_drift,normal,normal,No actionable deviation,98.8,0.92,6d68cc68fa1cd04d2a36d02eed78bf25548aa4d361508a0dbc840c2d1ad07cd5,11.7787
holdout,1,0.86,100,sensor_drift,0.5,sensor_drift,normal,normal,No actionable deviation,97.5,0.92,e04b84408021faefbbe1adaf849289c40f0c13e8a90cdd80854bcb665ddf046c,12.6467
holdout,1,0.86,100,sensor_drift,0.75,sensor_drift,sensor_drift,diagnosed,Position sensor drift / process inconsistency,96.4,0.65,ebd6de74c7a6ea66e2a88fc3c81ec10909c79b9e05340dcd6c92536fd5c3cf15,13.1204
holdout,1,0.86,100,sensor_drift,1.0,sensor_drift,sensor_drift,diagnosed,Position sensor drift / process inconsistency,95.2,0.66,7d131dab4b9c12f2a8ec61b6e57dba933f8f236141dc9d7ab6057cc0ebcfad7b,11.9097
holdout,1,0.86,101,normal,0.0,normal,normal,normal,No actionable deviation,100.0,0.92,228505c407f907bb7e4eafa720db325579ffa519d881f9c5eb4251a678795c1a,12.0496
holdout,1,0.86,101,normal,0.25,normal,normal,normal,No actionable deviation,100.0,0.92,228505c407f907bb7e4eafa720db325579ffa519d881f9c5eb4251a678795c1a,11.8839
holdout,1,0.86,101,normal,0.5,normal,normal,normal,No actionable deviation,100.0,0.92,228505c407f907bb7e4eafa720db325579ffa519d881f9c5eb4251a678795c1a,11.7386
holdout,1,0.86,101,normal,0.75,normal,normal,normal,No actionable deviation,100.0,0.92,228505c407f907bb7e4eafa720db325579ffa519d881f9c5eb4251a678795c1a,11.9281
holdout,1,0.86,101,normal,1.0,normal,normal,normal,No actionable deviation,100.0,0.92,228505c407f907bb7e4eafa720db325579ffa519d881f9c5eb4251a678795c1a,11.9431
holdout,1,0.86,101,friction,0.0,normal,normal,normal,No actionable deviation,100.0,0.92,228505c407f907bb7e4eafa720db325579ffa519d881f9c5eb4251a678795c1a,11.7638
holdout,1,0.86,101,friction,0.25,friction,normal,normal,No actionable deviation,96.9,0.92,0ee4d1cbcd893e789f0117e3d62bcd48f1e57da44396b7b27aab82b154333159,11.9941
holdout,1,0.86,101,friction,0.5,friction,normal,normal,No actionable deviation,93.1,0.92,656a13341138a04a4f979989ba56e8cf52a8a1e0a19b68d0a5fab5aeab15b2aa,11.7506
holdout,1,0.86,101,friction,0.75,friction,friction,diagnosed,Friction growth,89.1,0.73,1782762029e03da7a354c91ed1296df2fea806af168756d70ede244179dd00f7,11.6023
holdout,1,0.86,101,friction,1.0,friction,friction,diagnosed,Friction growth,85.2,0.77,9c26ee155851964c73aa8db46314877cff947ea20482c327dbbc4a1600937146,11.7085
holdout,1,0.86,101,stiction,0.0,normal,normal,normal,No actionable deviation,100.0,0.92,228505c407f907bb7e4eafa720db325579ffa519d881f9c5eb4251a678795c1a,11.7298
holdout,1,0.86,101,stiction,0.25,stiction,stiction,diagnosed,Persistent localized stiction,49.1,0.92,19e04426627bd33135deacd59e12702b8c7ff1ec114d77aeffa84b06edb4922b,11.6888
holdout,1,0.86,101,stiction,0.5,stiction,stiction,diagnosed,Persistent localized stiction,30.6,0.92,0a3792c2a618dddf188c25b1e848b26ad09b120ac2cb65ffdb4a6f527f223f69,11.7089
holdout,1,0.86,101,stiction,0.75,stiction,stiction,diagnosed,Persistent localized stiction,29.1,0.92,76877626141c336ae26bebd9712d27eaa1678153b4b51e2bc68876bfb3296ce8,11.8693
holdout,1,0.86,101,stiction,1.0,stiction,stiction,diagnosed,Persistent localized stiction,28.1,0.92,be03d62308556cddd2202629d843b555f3c2c74cc9b2f7cfe32bf0ceb0c6f756,11.7922
holdout,1,0.86,101,obstruction,0.0,normal,normal,normal,No actionable deviation,100.0,0.92,228505c407f907bb7e4eafa720db325579ffa519d881f9c5eb4251a678795c1a,11.6087
holdout,1,0.86,101,obstruction,0.25,obstruction,obstruction,diagnosed,Travel obstruction or persistent stiction,64.0,0.89,3214ea3e7dcef7b8460a5663066424c202a934b4d7c35bc23ff3c60b211a4848,12.0067
holdout,1,0.86,101,obstruction,0.5,obstruction,obstruction,diagnosed,Travel obstruction or persistent stiction,48.4,0.89,4f81962226cd75ebfb2fef6534b1867dedc688550d6895edf23911265526b775,12.3667
holdout,1,0.86,101,obstruction,0.75,obstruction,obstruction,diagnosed,Travel obstruction or persistent stiction,37.0,0.92,d53977eacec2d7ae3b5d75ce334c5bde22c1c6fbfcf19f430f01ceb3f55d0df2,11.6727
holdout,1,0.86,101,obstruction,1.0,obstruction,obstruction,diagnosed,Travel obstruction or persistent stiction,26.8,0.92,4a65f4afe4c69dc0cb77ef99f829d373f116c01ef6affd2e9f18de244241303c,11.7812
holdout,1,0.86,101,actuator_degradation,0.0,normal,normal,normal,No actionable deviation,100.0,0.92,228505c407f907bb7e4eafa720db325579ffa519d881f9c5eb4251a678795c1a,12.1131
holdout,1,0.86,101,actuator_degradation,0.25,actuator_degradation,actuator_degradation,diagnosed,Actuator performance degradation,97.2,0.67,4fa99005c07b58dc6f9f545c2bfac52c3361659933cb525c8b90e50505ccc1d9,11.744
holdout,1,0.86,101,actuator_degradation,0.5,actuator_degradation,actuator_degradation,diagnosed,Actuator performance degradation,92.8,0.75,c8b0c7acd4304de700e27c7f6822023db5dd220051737ab0b3f9385377004606,11.7998
holdout,1,0.86,101,actuator_degradation,0.75,actuator_degradation,sensor_drift,diagnosed,Position sensor drift / process inconsistency,80.9,0.88,08ef81788ad39350a3e1220370cdb7975dd46afa117ea395f1a8b21f27f82073,11.7396
holdout,1,0.86,101,actuator_degradation,1.0,actuator_degradation,actuator_degradation,diagnosed,Actuator performance degradation,57.8,0.92,fe94d61a20d4f7759989aa5bfa6db6619994f57198c518fa1c863741be4a6bf0,11.8217
holdout,1,0.86,101,sensor_drift,0.0,normal,normal,normal,No actionable deviation,100.0,0.92,228505c407f907bb7e4eafa720db325579ffa519d881f9c5eb4251a678795c1a,11.8171
holdout,1,0.86,101,sensor_drift,0.25,sensor_drift,normal,normal,No actionable deviation,98.8,0.92,0564839f5d1e22b95bcd96f8204d38e93e722dc6332c67d918259e1117d0aefa,12.1358
holdout,1,0.86,101,sensor_drift,0.5,sensor_drift,normal,normal,No actionable deviation,97.6,0.92,ed0c6b740fde7e58addb051abde352a5767679e2a7f13c35db1b46c70695614d,11.927
holdout,1,0.86,101,sensor_drift,0.75,sensor_drift,sensor_drift,diagnosed,Position sensor drift / process inconsistency,96.5,0.65,8870e75155ba304f32dec47e914debdad04f6d6aefaa830e4e9d6129de90e8a0,11.9504
holdout,1,0.86,101,sensor_drift,1.0,sensor_drift,sensor_drift,diagnosed,Position sensor drift / process inconsistency,95.4,0.66,227e35978dbe68694fb01edf4fe591be57fa7fe15c6b983fe82a4de89b114c97,11.6385
holdout,1,0.86,102,normal,0.0,normal,normal,normal,No actionable deviation,100.0,0.92,704f7528cf3526065aa890a3ec45d4af7ad7e81db067cf1731d5014f47915384,11.9555
holdout,1,0.86,102,normal,0.25,normal,normal,normal,No actionable deviation,100.0,0.92,704f7528cf3526065aa890a3ec45d4af7ad7e81db067cf1731d5014f47915384,11.6534
holdout,1,0.86,102,normal,0.5,normal,normal,normal,No actionable deviation,100.0,0.92,704f7528cf3526065aa890a3ec45d4af7ad7e81db067cf1731d5014f47915384,11.7661
holdout,1,0.86,102,normal,0.75,normal,normal,normal,No actionable deviation,100.0,0.92,704f7528cf3526065aa890a3ec45d4af7ad7e81db067cf1731d5014f47915384,11.9011
holdout,1,0.86,102,normal,1.0,normal,normal,normal,No actionable deviation,100.0,0.92,704f7528cf3526065aa890a3ec45d4af7ad7e81db067cf1731d5014f47915384,11.9987
holdout,1,0.86,102,friction,0.0,normal,normal,normal,No actionable deviation,100.0,0.92,704f7528cf3526065aa890a3ec45d4af7ad7e81db067cf1731d5014f47915384,12.5508
holdout,1,0.86,102,friction,0.25,friction,normal,normal,No actionable deviation,96.9,0.92,3445147846802a6390f094e2f532036af2eee8ea69c1be32bbb17cce7950d13f,12.4631
holdout,1,0.86,102,friction,0.5,friction,normal,normal,No actionable deviation,93.1,0.92,9fa7823b2eb43891aa83d147eea5a62e35d67803dec26e499c57df3922d41ad7,12.1444
holdout,1,0.86,102,friction,0.75,friction,friction,diagnosed,Friction growth,88.9,0.73,d97d97357a0a71c76107dc6e79d24eaf4ea17a4a55dfef2b58658212cc283c69,13.3915
holdout,1,0.86,102,friction,1.0,friction,friction,diagnosed,Friction growth,85.4,0.77,45f4fe8028c8009865410133b41151a142b78ae330b30b5361c399dbe98df6c0,13.4913
holdout,1,0.86,102,stiction,0.0,normal,normal,normal,No actionable deviation,100.0,0.92,704f7528cf3526065aa890a3ec45d4af7ad7e81db067cf1731d5014f47915384,11.8639
holdout,1,0.86,102,stiction,0.25,stiction,stiction,diagnosed,Persistent localized stiction,49.1,0.92,8eaf4af763cb2158164c4651f044351bb2d1ff60692359753280408bbfe270d8,11.9026
holdout,1,0.86,102,stiction,0.5,stiction,stiction,diagnosed,Persistent localized stiction,30.8,0.92,1a9390148036d3ad8a880a8506f3bd3aaeb6ccc4a1c787165da77c60114d5af4,12.079
holdout,1,0.86,102,stiction,0.75,stiction,stiction,diagnosed,Persistent localized stiction,29.1,0.92,d14d4871cd1ceed1c9f98f92013f874bcdeb4d0353fad773988f4cdfc46a46da,12.2257
holdout,1,0.86,102,stiction,1.0,stiction,stiction,diagnosed,Persistent localized stiction,28.2,0.92,ab362b4fbea285153ec30e7edd3acb55ee2881c5956bf80f42b6ed02603a21da,12.1857
holdout,1,0.86,102,obstruction,0.0,normal,normal,normal,No actionable deviation,100.0,0.92,704f7528cf3526065aa890a3ec45d4af7ad7e81db067cf1731d5014f47915384,11.9521
holdout,1,0.86,102,obstruction,0.25,obstruction,obstruction,diagnosed,Travel obstruction or persistent stiction,63.6,0.89,1dc5438160f9d6bc328c55202ec4aa323e500370af5a68a34661e0641ab6c787,12.2898
holdout,1,0.86,102,obstruction,0.5,obstruction,obstruction,diagnosed,Travel obstruction or persistent stiction,48.4,0.89,391cc5068a58c9ef2a4127a03aa6bea102c4744adb03c41db1faa2bedcc661a6,12.139
holdout,1,0.86,102,obstruction,0.75,obstruction,obstruction,diagnosed,Travel obstruction or persistent stiction,37.2,0.92,5fbb5602c6018e9088894c05bdefbe89bde0c4102d6db89911740006a129b77f,12.2102
holdout,1,0.86,102,obstruction,1.0,obstruction,obstruction,diagnosed,Travel obstruction or persistent stiction,26.8,0.92,c67507e2e863a5ff8e1444abfd223526447a27cbdb58409734ded606e784b9b4,12.2862
holdout,1,0.86,102,actuator_degradation,0.0,normal,normal,normal,No actionable deviation,100.0,0.92,704f7528cf3526065aa890a3ec45d4af7ad7e81db067cf1731d5014f47915384,12.3445
holdout,1,0.86,102,actuator_degradation,0.25,actuator_degradation,actuator_degradation,diagnosed,Actuator performance degradation,97.0,0.67,f22114deb73e2502a22cff47784bd718e074da4e9c40cba7a4738144f652ed9e,12.4429
holdout,1,0.86,102,actuator_degradation,0.5,actuator_degradation,actuator_degradation,diagnosed,Actuator performance degradation,92.8,0.75,28e39d73ae0dfde5457d42ce217b0ae95442e23ec96abe70d989dc9f1ea6b3ff,13.4927
holdout,1,0.86,102,actuator_degradation,0.75,actuator_degradation,sensor_drift,diagnosed,Position sensor drift / process inconsistency,80.9,0.88,140bb23d198059ac4579c4fab4e8b4c80d03775351022d612a26f3290effdd03,13.9195
holdout,1,0.86,102,actuator_degradation,1.0,actuator_degradation,actuator_degradation,diagnosed,Actuator performance degradation,57.9,0.92,2f4167c91443ea4d633a817007fa176e411fea5391789f92aa23d2800c0bb46a,12.0575
holdout,1,0.86,102,sensor_drift,0.0,normal,normal,normal,No actionable deviation,100.0,0.92,704f7528cf3526065aa890a3ec45d4af7ad7e81db067cf1731d5014f47915384,12.9952
holdout,1,0.86,102,sensor_drift,0.25,sensor_drift,normal,normal,No actionable deviation,98.7,0.92,9b728d47cc6a6dbd65e6d1d059622d31c6c3be4377f83f58d7c1872ce51df63d,12.6616
holdout,1,0.86,102,sensor_drift,0.5,sensor_drift,normal,normal,No actionable deviation,97.5,0.92,e1b224a1735c4774066b1a0e7bc59839b3b26db32bd766948ba37bafae4f555e,12.4119
holdout,1,0.86,102,sensor_drift,0.75,sensor_drift,sensor_drift,diagnosed,Position sensor drift / process inconsistency,96.5,0.65,a9be4102fa187d6fddcc54efe6b34f2637dee8dc1d0b4819ce0b4826251dbf5c,12.7696
holdout,1,0.86,102,sensor_drift,1.0,sensor_drift,sensor_drift,diagnosed,Position sensor drift / process inconsistency,95.4,0.66,2335237d7633949d267c458c67506e580b61c8e3c1a78a75f16722d5278c262c,12.5033
holdout,1,0.86,103,normal,0.0,normal,normal,normal,No actionable deviation,100.0,0.92,52ed89df1ff262c8017659949f45eb32b628b4d8a19ec239d977fa338b8d792e,12.4947
holdout,1,0.86,103,normal,0.25,normal,normal,normal,No actionable deviation,100.0,0.92,52ed89df1ff262c8017659949f45eb32b628b4d8a19ec239d977fa338b8d792e,12.2681
holdout,1,0.86,103,normal,0.5,normal,normal,normal,No actionable deviation,100.0,0.92,52ed89df1ff262c8017659949f45eb32b628b4d8a19ec239d977fa338b8d792e,12.4901
holdout,1,0.86,103,normal,0.75,normal,normal,normal,No actionable deviation,100.0,0.92,52ed89df1ff262c8017659949f45eb32b628b4d8a19ec239d977fa338b8d792e,13.5216
holdout,1,0.86,103,normal,1.0,normal,normal,normal,No actionable deviation,100.0,0.92,52ed89df1ff262c8017659949f45eb32b628b4d8a19ec239d977fa338b8d792e,14.1417
holdout,1,0.86,103,friction,0.0,normal,normal,normal,No actionable deviation,100.0,0.92,52ed89df1ff262c8017659949f45eb32b628b4d8a19ec239d977fa338b8d792e,12.3519
holdout,1,0.86,103,friction,0.25,friction,normal,normal,No actionable deviation,97.0,0.92,a1a7cab6f17b58a80a4b3e638ae587e8cd6d24bcd240837c93dc2c0329eb3e8b,11.8179
holdout,1,0.86,103,friction,0.5,friction,normal,normal,No actionable deviation,93.1,0.92,d3ac9ccb797bc0edb2240d68e73be79b61b9ffc5a796f45aa7f44bd1a6a6d327,11.861
holdout,1,0.86,103,friction,0.75,friction,friction,diagnosed,Friction growth,89.2,0.73,3c9a933aaf4b3397ca714e9ab7afb1d4e1e5c62da62c3d3d3ed0e5eccd3971b3,11.7372
holdout,1,0.86,103,friction,1.0,friction,friction,diagnosed,Friction growth,85.4,0.77,01bbaa86564c960cbfbff6c36369f749c29eef678378e5a117656ec070139762,11.7234
holdout,1,0.86,103,stiction,0.0,normal,normal,normal,No actionable deviation,100.0,0.92,52ed89df1ff262c8017659949f45eb32b628b4d8a19ec239d977fa338b8d792e,12.1116
holdout,1,0.86,103,stiction,0.25,stiction,stiction,diagnosed,Persistent localized stiction,48.9,0.92,da49a41045ed3c48daa6f9365e86d19ef86ff3c4fd25b1a06292098e90db2901,11.9696
holdout,1,0.86,103,stiction,0.5,stiction,stiction,diagnosed,Persistent localized stiction,30.7,0.92,bb3f5c7853858dda5fcc9a146c194c01f4ce13bc1b557f2a8dae4681bba64d84,11.6644
holdout,1,0.86,103,stiction,0.75,stiction,stiction,diagnosed,Persistent localized stiction,29.1,0.92,8a2f7acc4056b222d2972bcdd9dcd93b75293e74035288d5e7779e0a9c7f63fa,11.831
holdout,1,0.86,103,stiction,1.0,stiction,stiction,diagnosed,Persistent localized stiction,28.1,0.92,59b370adbd2180e75f7d5ed338809e4ebf3421899af1d652d1afbee6c2e8f77f,11.9214
holdout,1,0.86,103,obstruction,0.0,normal,normal,normal,No actionable deviation,100.0,0.92,52ed89df1ff262c8017659949f45eb32b628b4d8a19ec239d977fa338b8d792e,11.9604
holdout,1,0.86,103,obstruction,0.25,obstruction,obstruction,diagnosed,Travel obstruction or persistent stiction,64.0,0.89,e1c7ba295d01cf942819f94abf7f5c6492a71347380e334084b1c34a799e77e1,11.9197
holdout,1,0.86,103,obstruction,0.5,obstruction,obstruction,diagnosed,Travel obstruction or persistent stiction,48.0,0.89,05d991b7445f4d801b00c9e2b83770dc5efec6ac6014df0798b7d8569830708b,11.9299
holdout,1,0.86,103,obstruction,0.75,obstruction,obstruction,diagnosed,Travel obstruction or persistent stiction,36.7,0.92,15df7329d8fad76ddd0d16ddd51e8587dba29944ed9fa6d3e6c7dbf5d725e2c9,11.7789
holdout,1,0.86,103,obstruction,1.0,obstruction,obstruction,diagnosed,Travel obstruction or persistent stiction,26.9,0.92,665752e7f75c02e25829febbd51aced7cca70f67b2075538410d4483d8d8e2af,11.8393
holdout,1,0.86,103,actuator_degradation,0.0,normal,normal,normal,No actionable deviation,100.0,0.92,52ed89df1ff262c8017659949f45eb32b628b4d8a19ec239d977fa338b8d792e,11.772
holdout,1,0.86,103,actuator_degradation,0.25,actuator_degradation,actuator_degradation,diagnosed,Actuator performance degradation,97.0,0.67,0320e1ebd68b9c169b5f4b1425bdf8b4db41fdf2bb94a03c2cab41fed0c96635,11.8371
holdout,1,0.86,103,actuator_degradation,0.5,actuator_degradation,actuator_degradation,diagnosed,Actuator performance degradation,92.8,0.75,aa09c120b89487868a8ee10467c9e24c4c98c4e7bf53f95bd869045c2eb5249b,11.8337
holdout,1,0.86,103,actuator_degradation,0.75,actuator_degradation,sensor_drift,diagnosed,Position sensor drift / process inconsistency,80.8,0.88,d5ad00a41c4d3790a50e37f0d2e1fee669e3179b92709ce4593bdae3718a33f0,11.8418
holdout,1,0.86,103,actuator_degradation,1.0,actuator_degradation,actuator_degradation,diagnosed,Actuator performance degradation,57.8,0.92,bdf0d9a6d32a7285491597720eeb9e3231624068fca58a6165ce1c19f0348a0b,11.9546
holdout,1,0.86,103,sensor_drift,0.0,normal,normal,normal,No actionable deviation,100.0,0.92,52ed89df1ff262c8017659949f45eb32b628b4d8a19ec239d977fa338b8d792e,12.0491
holdout,1,0.86,103,sensor_drift,0.25,sensor_drift,normal,normal,No actionable deviation,98.7,0.92,8d0196c0059c1b1fc61fa167901673f01fa4ed24e014cbf8d8d074a5d36e80d8,11.8326
holdout,1,0.86,103,sensor_drift,0.5,sensor_drift,normal,normal,No actionable deviation,97.5,0.92,a6b41eab3704aa9ae6ce31600d39fc96bca8f0a1b005e4e27e9a82225abca82b,12.0979
holdout,1,0.86,103,sensor_drift,0.75,sensor_drift,sensor_drift,diagnosed,Position sensor drift / process inconsistency,96.4,0.65,7f31daaade69b4828ed6d1b91dcbf54ea5af08a10907235a1627846f5b8ee455,12.6923
holdout,1,0.86,103,sensor_drift,1.0,sensor_drift,sensor_drift,diagnosed,Position sensor drift / process inconsistency,95.3,0.66,31bf4d386aa6b4902b61b167aa3f95fe21809d307d99d76ad6092650ea17c71e,13.251
holdout,1,0.86,104,normal,0.0,normal,normal,normal,No actionable deviation,100.0,0.92,7c1fae0016462c40a880744fc53be0d9e924f4f471479bd3708183e5643f08b6,12.0982
holdout,1,0.86,104,normal,0.25,normal,normal,normal,No actionable deviation,100.0,0.92,7c1fae0016462c40a880744fc53be0d9e924f4f471479bd3708183e5643f08b6,12.2594
holdout,1,0.86,104,normal,0.5,normal,normal,normal,No actionable deviation,100.0,0.92,7c1fae0016462c40a880744fc53be0d9e924f4f471479bd3708183e5643f08b6,11.9603
holdout,1,0.86,104,normal,0.75,normal,normal,normal,No actionable deviation,100.0,0.92,7c1fae0016462c40a880744fc53be0d9e924f4f471479bd3708183e5643f08b6,11.9282
holdout,1,0.86,104,normal,1.0,normal,normal,normal,No actionable deviation,100.0,0.92,7c1fae0016462c40a880744fc53be0d9e924f4f471479bd3708183e5643f08b6,12.2694
holdout,1,0.86,104,friction,0.0,normal,normal,normal,No actionable deviation,100.0,0.92,7c1fae0016462c40a880744fc53be0d9e924f4f471479bd3708183e5643f08b6,12.6946
holdout,1,0.86,104,friction,0.25,friction,normal,normal,No actionable deviation,96.8,0.92,8b5b4effac2a6795593977942f66855ca3268041f1f8952dfde94a58326ddca2,11.8328
holdout,1,0.86,104,friction,0.5,friction,normal,normal,No actionable deviation,93.0,0.92,d27ed0645dc2695040d050643881089a7d64c35056b868d7004eed144874b1d2,11.7779
holdout,1,0.86,104,friction,0.75,friction,friction,diagnosed,Friction growth,89.1,0.73,69d3c5379e9daa20ace63a92353597091beae36c989d258e35a5d5fa3f51aacf,11.95
holdout,1,0.86,104,friction,1.0,friction,friction,diagnosed,Friction growth,85.0,0.77,1181c8524f9952bf408151235a69872d8d8a7f2a20b423a5c01c47c7258035dc,11.8134
holdout,1,0.86,104,stiction,0.0,normal,normal,normal,No actionable deviation,100.0,0.92,7c1fae0016462c40a880744fc53be0d9e924f4f471479bd3708183e5643f08b6,11.9225
holdout,1,0.86,104,stiction,0.25,stiction,stiction,diagnosed,Persistent localized stiction,48.9,0.92,ce3ca58d2bb615fa9c0f2a0fee1ede866d2acf3f9e0b6cfdf4bfe315c3ca7a6e,11.8625
holdout,1,0.86,104,stiction,0.5,stiction,stiction,diagnosed,Persistent localized stiction,30.7,0.92,48b0cb54d12bd2981d8316051e57d1e998be14d12ef9cb8c20f07d4afe178f3e,11.9553
holdout,1,0.86,104,stiction,0.75,stiction,stiction,diagnosed,Persistent localized stiction,29.1,0.92,3a82bb230b77664e19694aa540aba483bf1e090b5f23867331f8c18b20d2441b,11.965
holdout,1,0.86,104,stiction,1.0,stiction,stiction,diagnosed,Persistent localized stiction,28.1,0.92,f6f45934f399a3ca96b5e2912af536aed55c7198ee7b7c549aaeaff3b1d85a2a,12.7544
holdout,1,0.86,104,obstruction,0.0,normal,normal,normal,No actionable deviation,100.0,0.92,7c1fae0016462c40a880744fc53be0d9e924f4f471479bd3708183e5643f08b6,12.2165
holdout,1,0.86,104,obstruction,0.25,obstruction,obstruction,diagnosed,Travel obstruction or persistent stiction,63.6,0.89,620efacf25941111cbb2e954b2b707c96fcf17ebf2d9c5e20eb69c220b342b88,11.9439
holdout,1,0.86,104,obstruction,0.5,obstruction,obstruction,diagnosed,Travel obstruction or persistent stiction,47.7,0.89,8e3d605ac8b74ca7cdb2eb9ccd315a58f56ca223a3d2a7f9545637f25aeb7ea6,11.9459
holdout,1,0.86,104,obstruction,0.75,obstruction,obstruction,diagnosed,Travel obstruction or persistent stiction,36.4,0.92,853ecf6329b9b747ccb568f64d090891450bba4652d0e38bda51f6c9df5dee80,11.9088
holdout,1,0.86,104,obstruction,1.0,obstruction,obstruction,diagnosed,Travel obstruction or persistent stiction,26.8,0.92,a2b1534a0f410a9268801f52828551ddb31288e25652a17c7bee34b2dddacb78,12.2518
holdout,1,0.86,104,actuator_degradation,0.0,normal,normal,normal,No actionable deviation,100.0,0.92,7c1fae0016462c40a880744fc53be0d9e924f4f471479bd3708183e5643f08b6,11.8317
holdout,1,0.86,104,actuator_degradation,0.25,actuator_degradation,actuator_degradation,diagnosed,Actuator performance degradation,97.0,0.67,5ff87ac2fc2acdee04541286415f6609c0eff03f5b02beb7f72b0294188f5990,12.0682
holdout,1,0.86,104,actuator_degradation,0.5,actuator_degradation,actuator_degradation,diagnosed,Actuator performance degradation,92.7,0.75,3d5608943d3df7373c825bd7074518ea76353f7b6e4d7fccc5db116f0b2c76ad,12.0877
holdout,1,0.86,104,actuator_degradation,0.75,actuator_degradation,sensor_drift,diagnosed,Position sensor drift / process inconsistency,80.8,0.88,c457a2a345bfc27745afb9b709ec7f198952c49be044f503098a5b911f240556,11.803
holdout,1,0.86,104,actuator_degradation,1.0,actuator_degradation,actuator_degradation,diagnosed,Actuator performance degradation,57.8,0.92,829f8bdc62198fa393ea5a2fadba2a953bd3fbd80b3e71e3531f34d9df096b06,11.7676
holdout,1,0.86,104,sensor_drift,0.0,normal,normal,normal,No actionable deviation,100.0,0.92,7c1fae0016462c40a880744fc53be0d9e924f4f471479bd3708183e5643f08b6,11.8087
holdout,1,0.86,104,sensor_drift,0.25,sensor_drift,normal,normal,No actionable deviation,98.6,0.92,6a59231b575df1a15563179285287533eb5ca792240b6685c174cff0c4297f26,11.8758
holdout,1,0.86,104,sensor_drift,0.5,sensor_drift,normal,normal,No actionable deviation,97.6,0.92,61e97652168bd2721453d1dbc8ba92e116d53ddba2e8616c74aaa9f89e0196cd,11.7012
holdout,1,0.86,104,sensor_drift,0.75,sensor_drift,sensor_drift,diagnosed,Position sensor drift / process inconsistency,96.3,0.65,74a75c34a6e4ca1e199e60c462ca45ffac0eee55835c3a109668c3638e022116,12.455
holdout,1,0.86,104,sensor_drift,1.0,sensor_drift,sensor_drift,diagnosed,Position sensor drift / process inconsistency,95.3,0.66,eb0a3b96e1cf0fb6a71b41ad221019b0b90d351cb28565e415362050273b0395,12.1184
holdout,1,0.86,105,normal,0.0,normal,normal,normal,No actionable deviation,100.0,0.92,48ac1b4c19db3a473b4355f6befccfca0acabc0f917f2e82e0f9eb5e44b3da71,12.281
holdout,1,0.86,105,normal,0.25,normal,normal,normal,No actionable deviation,100.0,0.92,48ac1b4c19db3a473b4355f6befccfca0acabc0f917f2e82e0f9eb5e44b3da71,12.0751
holdout,1,0.86,105,normal,0.5,normal,normal,normal,No actionable deviation,100.0,0.92,48ac1b4c19db3a473b4355f6befccfca0acabc0f917f2e82e0f9eb5e44b3da71,12.0093
holdout,1,0.86,105,normal,0.75,normal,normal,normal,No actionable deviation,100.0,0.92,48ac1b4c19db3a473b4355f6befccfca0acabc0f917f2e82e0f9eb5e44b3da71,12.8363
holdout,1,0.86,105,normal,1.0,normal,normal,normal,No actionable deviation,100.0,0.92,48ac1b4c19db3a473b4355f6befccfca0acabc0f917f2e82e0f9eb5e44b3da71,12.9426
holdout,1,0.86,105,friction,0.0,normal,normal,normal,No actionable deviation,100.0,0.92,48ac1b4c19db3a473b4355f6befccfca0acabc0f917f2e82e0f9eb5e44b3da71,11.8503
holdout,1,0.86,105,friction,0.25,friction,normal,normal,No actionable deviation,96.6,0.92,6b1e5e0b28299a2e651cc08c455cb21ecfac1baba0eb01ffbaff70995fc89cf5,11.6886
holdout,1,0.86,105,friction,0.5,friction,normal,normal,No actionable deviation,93.1,0.92,5e5e441ac8f2cd656c9e52fa0566c820d9c383d112ae0de47380ce8d22e624d2,11.6717
holdout,1,0.86,105,friction,0.75,friction,friction,diagnosed,Friction growth,89.0,0.73,e1b5e10b7470e562a9e9fc2a11497c6e3c4c92416943f9f5c4578891b36f7277,13.1466
holdout,1,0.86,105,friction,1.0,friction,friction,diagnosed,Friction growth,85.2,0.77,0d5b3cd6d3033e140a9d05be9c07c87fff1221d6836004d6c735fc3215a684f7,11.7284
holdout,1,0.86,105,stiction,0.0,normal,normal,normal,No actionable deviation,100.0,0.92,48ac1b4c19db3a473b4355f6befccfca0acabc0f917f2e82e0f9eb5e44b3da71,11.7991
holdout,1,0.86,105,stiction,0.25,stiction,stiction,diagnosed,Persistent localized stiction,49.1,0.92,72ac703e5ee7f4a2db858dfae559967c8bc068baf16ac80e1c35d243f8194151,12.2411
holdout,1,0.86,105,stiction,0.5,stiction,stiction,diagnosed,Persistent localized stiction,30.7,0.92,7abc19f37240178cf4b425d8943ace6884f7f09020dabff311594e328060659c,12.25
holdout,1,0.86,105,stiction,0.75,stiction,stiction,diagnosed,Persistent localized stiction,29.1,0.92,ecaf63ae8e91e2d2225ab75cd74d9788ad80f008c559daedbb94e8292bafdf8d,12.5939
holdout,1,0.86,105,stiction,1.0,stiction,stiction,diagnosed,Persistent localized stiction,28.1,0.92,fbbc1cd16b9c849e2d140e402f80bf1b65bd108790b056f7cebf997fd023898b,12.3826
holdout,1,0.86,105,obstruction,0.0,normal,normal,normal,No actionable deviation,100.0,0.92,48ac1b4c19db3a473b4355f6befccfca0acabc0f917f2e82e0f9eb5e44b3da71,12.4842
holdout,1,0.86,105,obstruction,0.25,obstruction,obstruction,diagnosed,Travel obstruction or persistent stiction,63.9,0.89,e9dfef0c9ef5ef6d80ee1408d462c0e76e3503ebcb021f2ca451cfcee0b3653f,12.0999
holdout,1,0.86,105,obstruction,0.5,obstruction,obstruction,diagnosed,Travel obstruction or persistent stiction,48.8,0.89,86fa071757f90b5173f23a562bd42c820d657dd2106b9d08ad83f2e05c26840b,12.1439
holdout,1,0.86,105,obstruction,0.75,obstruction,obstruction,diagnosed,Travel obstruction or persistent stiction,42.6,0.92,faf8c3e036ddc1d04f1a28d1f13a0a24fcff7c5ff2a3bf40f48a7147f2e6b6a9,12.1909
holdout,1,0.86,105,obstruction,1.0,obstruction,obstruction,diagnosed,Travel obstruction or persistent stiction,26.7,0.92,434c48c64fcbd2af143917b0a62a21ddebf0aae7a872d1ade2bc9f29c5d6251f,12.3159
holdout,1,0.86,105,actuator_degradation,0.0,normal,normal,normal,No actionable deviation,100.0,0.92,48ac1b4c19db3a473b4355f6befccfca0acabc0f917f2e82e0f9eb5e44b3da71,12.1275
holdout,1,0.86,105,actuator_degradation,0.25,actuator_degradation,actuator_degradation,diagnosed,Actuator performance degradation,97.2,0.67,44e263ef087819aa1642a89c957d62ea284938b0040846a32d02ecb8914411f6,11.7671
holdout,1,0.86,105,actuator_degradation,0.5,actuator_degradation,actuator_degradation,diagnosed,Actuator performance degradation,92.7,0.75,fc641740b03cd92747d95a02d22806ee5f0eefb342ef0b9b9ca2cf25084d1fcc,11.9432
holdout,1,0.86,105,actuator_degradation,0.75,actuator_degradation,sensor_drift,diagnosed,Position sensor drift / process inconsistency,80.9,0.88,abb603b3df778037d45f5f75440cbfbc1604da6166fffe96c8549f51b1ac8f77,11.7969
holdout,1,0.86,105,actuator_degradation,1.0,actuator_degradation,actuator_degradation,diagnosed,Actuator performance degradation,57.8,0.92,1d33b872ba3d16352170ea06c33fc87b616719b44c22a684f4fe5ee86c876674,11.8849
holdout,1,0.86,105,sensor_drift,0.0,normal,normal,normal,No actionable deviation,100.0,0.92,48ac1b4c19db3a473b4355f6befccfca0acabc0f917f2e82e0f9eb5e44b3da71,11.9095
holdout,1,0.86,105,sensor_drift,0.25,sensor_drift,normal,normal,No actionable deviation,98.6,0.92,dbcb228918d2cee31f4e14a4b1bc9696d8570ed436b117f7461a4eb0b8908e94,11.9306
holdout,1,0.86,105,sensor_drift,0.5,sensor_drift,normal,normal,No actionable deviation,97.5,0.92,20871ca7847a7753b9942762e96902810da15e897dd42ec2f0b240a6e8cce398,11.7834
holdout,1,0.86,105,sensor_drift,0.75,sensor_drift,sensor_drift,diagnosed,Position sensor drift / process inconsistency,96.2,0.65,e6629c5c8aa83c9f507dd6080e7b65c8c96a67025c7d630e4a6896433562491b,11.7934
holdout,1,0.86,105,sensor_drift,1.0,sensor_drift,sensor_drift,diagnosed,Position sensor drift / process inconsistency,95.3,0.66,5afb35973770ee2ba21990080156cf96e317bdebbeaab09ea349c010eb513ffb,12.0267
holdout,1,0.86,106,normal,0.0,normal,normal,normal,No actionable deviation,100.0,0.92,7f17e829a286ae43b67d5a6f49a12d4d954c71980af95f0140704e98b43fb7fa,13.5715
holdout,1,0.86,106,normal,0.25,normal,normal,normal,No actionable deviation,100.0,0.92,7f17e829a286ae43b67d5a6f49a12d4d954c71980af95f0140704e98b43fb7fa,13.4247
holdout,1,0.86,106,normal,0.5,normal,normal,normal,No actionable deviation,100.0,0.92,7f17e829a286ae43b67d5a6f49a12d4d954c71980af95f0140704e98b43fb7fa,13.4927
holdout,1,0.86,106,normal,0.75,normal,normal,normal,No actionable deviation,100.0,0.92,7f17e829a286ae43b67d5a6f49a12d4d954c71980af95f0140704e98b43fb7fa,13.2107
holdout,1,0.86,106,normal,1.0,normal,normal,normal,No actionable deviation,100.0,0.92,7f17e829a286ae43b67d5a6f49a12d4d954c71980af95f0140704e98b43fb7fa,12.0192
holdout,1,0.86,106,friction,0.0,normal,normal,normal,No actionable deviation,100.0,0.92,7f17e829a286ae43b67d5a6f49a12d4d954c71980af95f0140704e98b43fb7fa,11.9862
holdout,1,0.86,106,friction,0.25,friction,normal,normal,No actionable deviation,96.9,0.92,b89ed2f7a117b3bb821e871086c8b4448f217efc5c38d25c077a741b06a22559,13.0553
holdout,1,0.86,106,friction,0.5,friction,normal,normal,No actionable deviation,93.1,0.92,6f8fd8446ef9d6d3bb483df1752e44835f3c595229d7fd90ed97eedffb0716eb,13.429
holdout,1,0.86,106,friction,0.75,friction,friction,diagnosed,Friction growth,89.1,0.73,f134bba7aaedbd2972fc1e58ab9a97818fd4751bd4ec8898bc25dd8a2755e6d5,12.2772
holdout,1,0.86,106,friction,1.0,friction,friction,diagnosed,Friction growth,85.3,0.77,3f0a7c42c56e6a905fda843a3e106cad8036f37f47a5604d4ae83232f63f7c59,12.2581
holdout,1,0.86,106,stiction,0.0,normal,normal,normal,No actionable deviation,100.0,0.92,7f17e829a286ae43b67d5a6f49a12d4d954c71980af95f0140704e98b43fb7fa,12.1142
holdout,1,0.86,106,stiction,0.25,stiction,stiction,diagnosed,Persistent localized stiction,48.9,0.92,2e88561d0836cb24beb56c5b09b4611b6a31a6221a80d8b7336fa84c44114394,12.3217
holdout,1,0.86,106,stiction,0.5,stiction,stiction,diagnosed,Persistent localized stiction,30.7,0.92,4678662f2adb8b0d5ec46da3ffc36f026db27b958e2fd3e2669a16dd9a765d11,11.8861
holdout,1,0.86,106,stiction,0.75,stiction,stiction,diagnosed,Persistent localized stiction,29.1,0.92,d75bc613828cfbe034571a74ed045bc4b283443343d364b9431af5e3759aad23,11.7454
holdout,1,0.86,106,stiction,1.0,stiction,stiction,diagnosed,Persistent localized stiction,28.1,0.92,73f6403ead9171125737f31615b4d761b29f1a0eb68eea3d1fafb6eb27ba69aa,11.9203
holdout,1,0.86,106,obstruction,0.0,normal,normal,normal,No actionable deviation,100.0,0.92,7f17e829a286ae43b67d5a6f49a12d4d954c71980af95f0140704e98b43fb7fa,11.8645
holdout,1,0.86,106,obstruction,0.25,obstruction,obstruction,diagnosed,Travel obstruction or persistent stiction,64.7,0.89,6e6aebc3b0cc2ef845858109b637e61c2b092cef42104ab90cb7840542155843,11.9713
holdout,1,0.86,106,obstruction,0.5,obstruction,obstruction,diagnosed,Travel obstruction or persistent stiction,48.4,0.89,4785e42e84542aa452063b999234d265b6ba270f1b0c387ab96cea0b91a49835,12.1099
holdout,1,0.86,106,obstruction,0.75,obstruction,obstruction,diagnosed,Travel obstruction or persistent stiction,37.1,0.92,a3b5c50f9794ebee755274e9eaba0f3e08034e1e8b9530f283c1522d4d4cdd85,11.8685
holdout,1,0.86,106,obstruction,1.0,obstruction,obstruction,diagnosed,Travel obstruction or persistent stiction,26.9,0.92,ca3f2a695a58284bba0faa516c6f5ae63b85d87e0c9426389d29bda6a97ded82,11.8432
holdout,1,0.86,106,actuator_degradation,0.0,normal,normal,normal,No actionable deviation,100.0,0.92,7f17e829a286ae43b67d5a6f49a12d4d954c71980af95f0140704e98b43fb7fa,11.7527
holdout,1,0.86,106,actuator_degradation,0.25,actuator_degradation,actuator_degradation,diagnosed,Actuator performance degradation,97.2,0.67,b35e0aad98c7117de5d05fb6845bd53798391bcd91f4e57bd7a468029ee89891,11.7252
holdout,1,0.86,106,actuator_degradation,0.5,actuator_degradation,actuator_degradation,diagnosed,Actuator performance degradation,92.7,0.75,0941fb70eed2e68aa93a06c8cf749b0ea5e92d1b181b3ecb7a20ddfa4ea7b4ff,11.9999
holdout,1,0.86,106,actuator_degradation,0.75,actuator_degradation,sensor_drift,diagnosed,Position sensor drift / process inconsistency,80.9,0.88,622aa1e4c65e6ff4d577b3a9906d5b8476cc45c7215ffc57d7cf11d35a958d3e,11.8672
holdout,1,0.86,106,actuator_degradation,1.0,actuator_degradation,actuator_degradation,diagnosed,Actuator performance degradation,57.8,0.92,e5b3b5592d88c3c1bd6c9f885c37ee2259ee700702abaf747d52ab2d5c72d87f,11.8528
holdout,1,0.86,106,sensor_drift,0.0,normal,normal,normal,No actionable deviation,100.0,0.92,7f17e829a286ae43b67d5a6f49a12d4d954c71980af95f0140704e98b43fb7fa,12.1934
holdout,1,0.86,106,sensor_drift,0.25,sensor_drift,normal,normal,No actionable deviation,98.6,0.92,ebeb9b30de3e8bf085c239cd1b8f288c98813ac2ad43d7ff19a5d94c995f855e,11.9284
holdout,1,0.86,106,sensor_drift,0.5,sensor_drift,normal,normal,No actionable deviation,97.5,0.92,71fe75e0a9cd4fed57dbfd28b0e684c5f3badd00b318192f85586a7add17ec60,12.1635
holdout,1,0.86,106,sensor_drift,0.75,sensor_drift,sensor_drift,diagnosed,Position sensor drift / process inconsistency,96.2,0.65,ba466c6262b308f6ce846810b920182e9da299db02b5be9ce42c27cdbd642792,11.9739
holdout,1,0.86,106,sensor_drift,1.0,sensor_drift,sensor_drift,diagnosed,Position sensor drift / process inconsistency,95.2,0.66,8b2fa153985d2866d4256f8f6033bf8958ffd24cf9ea8f2ae53a0cedcf039a56,11.7671
holdout,1,0.86,107,normal,0.0,normal,normal,normal,No actionable deviation,100.0,0.92,276d100c80d814483fdb7d4351416968c7c71196e186d26b5f940251d50c7c59,11.9816
holdout,1,0.86,107,normal,0.25,normal,normal,normal,No actionable deviation,100.0,0.92,276d100c80d814483fdb7d4351416968c7c71196e186d26b5f940251d50c7c59,12.6867
holdout,1,0.86,107,normal,0.5,normal,normal,normal,No actionable deviation,100.0,0.92,276d100c80d814483fdb7d4351416968c7c71196e186d26b5f940251d50c7c59,11.7657
holdout,1,0.86,107,normal,0.75,normal,normal,normal,No actionable deviation,100.0,0.92,276d100c80d814483fdb7d4351416968c7c71196e186d26b5f940251d50c7c59,11.7067
holdout,1,0.86,107,normal,1.0,normal,normal,normal,No actionable deviation,100.0,0.92,276d100c80d814483fdb7d4351416968c7c71196e186d26b5f940251d50c7c59,12.045
holdout,1,0.86,107,friction,0.0,normal,normal,normal,No actionable deviation,100.0,0.92,276d100c80d814483fdb7d4351416968c7c71196e186d26b5f940251d50c7c59,12.0569
holdout,1,0.86,107,friction,0.25,friction,normal,normal,No actionable deviation,96.9,0.92,b4013adbfb3cc70a36b82c02b6f42b2ffdb269d310a2794ee62c7a713829be19,12.1405
holdout,1,0.86,107,friction,0.5,friction,normal,normal,No actionable deviation,93.0,0.92,16f4a1c03b7ef659d7250196765130b1c3b5d68e992e2a1107a29789de4d421b,11.8688
holdout,1,0.86,107,friction,0.75,friction,friction,diagnosed,Friction growth,89.0,0.73,790e3e03324be22fe15ebe04588a6f34bda0bd6765120e3cc6f295a6554f64a0,11.8049
holdout,1,0.86,107,friction,1.0,friction,friction,diagnosed,Friction growth,85.3,0.77,2d47c4a24c4097c790752cb2dd632c84108ea0efb7ddd21bd9153ec37fff9f0b,12.4555
holdout,1,0.86,107,stiction,0.0,normal,normal,normal,No actionable deviation,100.0,0.92,276d100c80d814483fdb7d4351416968c7c71196e186d26b5f940251d50c7c59,12.9518
holdout,1,0.86,107,stiction,0.25,stiction,stiction,diagnosed,Persistent localized stiction,48.8,0.92,dd967b0c383d9a466469c0cb5f8031976e2e25fc7ca5d054eb6389a449bb8a1c,13.7069
holdout,1,0.86,107,stiction,0.5,stiction,stiction,diagnosed,Persistent localized stiction,30.7,0.92,9a3500adfc90d3215075b4807df478c6622aa577574dcc1f4c359d3f0b1994bd,13.5765
holdout,1,0.86,107,stiction,0.75,stiction,stiction,diagnosed,Persistent localized stiction,29.0,0.92,a7fdbfc91e124a1cb12359eb372e9d8eca21d388094db8fe66c0ec2a055d1aa4,12.6901
holdout,1,0.86,107,stiction,1.0,stiction,stiction,diagnosed,Persistent localized stiction,28.1,0.92,5f8ff750d415f473603d58266f58a874d07fd7844967dd1c19478b4664ee65b2,13.7839
holdout,1,0.86,107,obstruction,0.0,normal,normal,normal,No actionable deviation,100.0,0.92,276d100c80d814483fdb7d4351416968c7c71196e186d26b5f940251d50c7c59,12.8137
holdout,1,0.86,107,obstruction,0.25,obstruction,obstruction,diagnosed,Travel obstruction or persistent stiction,64.1,0.89,488815a32f77138b167c8873290f418ddf22d93922705f56e78808a21e4c6712,13.1713
holdout,1,0.86,107,obstruction,0.5,obstruction,obstruction,diagnosed,Travel obstruction or persistent stiction,48.3,0.89,37de22891c827023b82ff645227bfad9727d63fde2250db19ed8b793e329bbe1,13.2146
holdout,1,0.86,107,obstruction,0.75,obstruction,obstruction,diagnosed,Travel obstruction or persistent stiction,37.5,0.92,052461541b496395ba8a70398bcec9402e296088a5029e7a892a1511b390d071,12.3088
holdout,1,0.86,107,obstruction,1.0,obstruction,obstruction,diagnosed,Travel obstruction or persistent stiction,26.7,0.92,aa25c850c78dec2b3434209fe7c75522548130c5da5bfa2d23abee6cc86424ed,12.2187
holdout,1,0.86,107,actuator_degradation,0.0,normal,normal,normal,No actionable deviation,100.0,0.92,276d100c80d814483fdb7d4351416968c7c71196e186d26b5f940251d50c7c59,12.9819
holdout,1,0.86,107,actuator_degradation,0.25,actuator_degradation,actuator_degradation,diagnosed,Actuator performance degradation,97.2,0.67,8caa00024ebae3a05c05df1cede833e5dadfd01d2f5cff23dd13092cf49c2499,14.3587
holdout,1,0.86,107,actuator_degradation,0.5,actuator_degradation,actuator_degradation,diagnosed,Actuator performance degradation,92.7,0.75,f0a2d037578434976bfca64f093f744358918f37086dfa0c7de4dd515532cd0d,13.3012
holdout,1,0.86,107,actuator_degradation,0.75,actuator_degradation,sensor_drift,diagnosed,Position sensor drift / process inconsistency,80.7,0.88,844c6b5a947acab14dd582ba84d3e8a2313dd278c2fe266da25f815f965ee88e,13.1711
holdout,1,0.86,107,actuator_degradation,1.0,actuator_degradation,actuator_degradation,diagnosed,Actuator performance degradation,57.8,0.92,ddda360866201157cc7dd0bbe6b4d7fcbef01aedd39481c366e0f10a10907dee,12.4373
holdout,1,0.86,107,sensor_drift,0.0,normal,normal,normal,No actionable deviation,100.0,0.92,276d100c80d814483fdb7d4351416968c7c71196e186d26b5f940251d50c7c59,11.9806
holdout,1,0.86,107,sensor_drift,0.25,sensor_drift,normal,normal,No actionable deviation,98.6,0.92,a5bd7111f5b2cdc952f0271ff78716968c9aeebab82e989171100a516e493ec5,12.017
holdout,1,0.86,107,sensor_drift,0.5,sensor_drift,normal,normal,No actionable deviation,97.4,0.92,d80d2148247608cb87131fceb49b10faff5377094835280e3bb41fa399d53358,12.1058
holdout,1,0.86,107,sensor_drift,0.75,sensor_drift,sensor_drift,diagnosed,Position sensor drift / process inconsistency,96.4,0.65,22a48764ba1d5bafe234f67464117b978584bc8e6bca35a105175016aada95e7,12.0683
holdout,1,0.86,107,sensor_drift,1.0,sensor_drift,sensor_drift,diagnosed,Position sensor drift / process inconsistency,95.2,0.66,57ed3e3a25276a75f1851a7dd19993eea4505c13a3a4069340db4baae659398c,11.9365
holdout,1,0.86,108,normal,0.0,normal,normal,normal,No actionable deviation,100.0,0.92,3e8f340035032ae0a37a18d50ce3c80267d88329f8d8f5d520bcd56e98e4426e,12.1052
holdout,1,0.86,108,normal,0.25,normal,normal,normal,No actionable deviation,100.0,0.92,3e8f340035032ae0a37a18d50ce3c80267d88329f8d8f5d520bcd56e98e4426e,12.0583
holdout,1,0.86,108,normal,0.5,normal,normal,normal,No actionable deviation,100.0,0.92,3e8f340035032ae0a37a18d50ce3c80267d88329f8d8f5d520bcd56e98e4426e,12.469
holdout,1,0.86,108,normal,0.75,normal,normal,normal,No actionable deviation,100.0,0.92,3e8f340035032ae0a37a18d50ce3c80267d88329f8d8f5d520bcd56e98e4426e,11.7461
holdout,1,0.86,108,normal,1.0,normal,normal,normal,No actionable deviation,100.0,0.92,3e8f340035032ae0a37a18d50ce3c80267d88329f8d8f5d520bcd56e98e4426e,11.8431
holdout,1,0.86,108,friction,0.0,normal,normal,normal,No actionable deviation,100.0,0.92,3e8f340035032ae0a37a18d50ce3c80267d88329f8d8f5d520bcd56e98e4426e,11.8672
holdout,1,0.86,108,friction,0.25,friction,normal,normal,No actionable deviation,96.9,0.92,d8e3a40f8d9062bdd7a8a16537112c48901a34aadf11dcea7c78474fde145dcb,12.0735
holdout,1,0.86,108,friction,0.5,friction,normal,normal,No actionable deviation,93.1,0.92,5d0d45d25c1c5324c18b75cf14f94ea79d01cafb54a8ba7230edec7a769f71ad,12.4954
holdout,1,0.86,108,friction,0.75,friction,friction,diagnosed,Friction growth,89.1,0.73,6d153fd1637c7c1f504001f1bc3a9e905fd42c22f810835c4971c96a5163f15c,11.8568
holdout,1,0.86,108,friction,1.0,friction,friction,diagnosed,Friction growth,85.2,0.77,0ce4e090eb59a6570e20ced8a244b01f40e5fd7fddc1047bb58dacba42d3aba6,11.8137
holdout,1,0.86,108,stiction,0.0,normal,normal,normal,No actionable deviation,100.0,0.92,3e8f340035032ae0a37a18d50ce3c80267d88329f8d8f5d520bcd56e98e4426e,12.1657
holdout,1,0.86,108,stiction,0.25,stiction,stiction,diagnosed,Persistent localized stiction,49.0,0.92,ff92064f71e4d16cfd838411ebadc88b1723ee89af37ab7f43a68710be2f1524,12.3961
holdout,1,0.86,108,stiction,0.5,stiction,stiction,diagnosed,Persistent localized stiction,30.8,0.92,9920d0e1616de5c4cb5e37385d0436b590d6f4818ac6987c7299f01a2f54b98a,12.3009
holdout,1,0.86,108,stiction,0.75,stiction,stiction,diagnosed,Persistent localized stiction,29.2,0.92,e3415afa0b3e6b637f6984432d1cacf030482580a88282095782bef7caae3914,12.306
holdout,1,0.86,108,stiction,1.0,stiction,stiction,diagnosed,Persistent localized stiction,28.2,0.92,57c93194b445c516fa9fcbd6609ca9d13a30e800ee31eff0661e92173ced1139,12.3237
holdout,1,0.86,108,obstruction,0.0,normal,normal,normal,No actionable deviation,100.0,0.92,3e8f340035032ae0a37a18d50ce3c80267d88329f8d8f5d520bcd56e98e4426e,12.2282
holdout,1,0.86,108,obstruction,0.25,obstruction,obstruction,diagnosed,Travel obstruction or persistent stiction,63.8,0.89,7c2889ff94a5373a5a9a252fe381c014d074b32eb170da4aa3249c3f6b4a34d5,12.2897
holdout,1,0.86,108,obstruction,0.5,obstruction,obstruction,diagnosed,Travel obstruction or persistent stiction,48.7,0.89,7a2ef8236a101caef92650d6a73761c1a9db6db4235488b43a2da641927c8330,12.2407
holdout,1,0.86,108,obstruction,0.75,obstruction,obstruction,diagnosed,Travel obstruction or persistent stiction,38.1,0.92,d601a8c804a837ccfcf3d1b3dee02d9f26b0c589e50ba681a278f64bb1bf9e83,12.0874
holdout,1,0.86,108,obstruction,1.0,obstruction,obstruction,diagnosed,Travel obstruction or persistent stiction,26.8,0.92,0566e316514f1443b3ed5a87f83631381b4157ba1bf7bc14b064f1ad0212b582,12.1824
holdout,1,0.86,108,actuator_degradation,0.0,normal,normal,normal,No actionable deviation,100.0,0.92,3e8f340035032ae0a37a18d50ce3c80267d88329f8d8f5d520bcd56e98e4426e,12.1627
holdout,1,0.86,108,actuator_degradation,0.25,actuator_degradation,actuator_degradation,diagnosed,Actuator performance degradation,97.2,0.67,e4726ad8a9068eb4c75fbf030cbb388d5b724b7b18fb25637d22b89df64200ad,11.9477
holdout,1,0.86,108,actuator_degradation,0.5,actuator_degradation,actuator_degradation,diagnosed,Actuator performance degradation,92.8,0.75,64b4f096033d4f7d0e73d113a62da47a3a5b6fb1c636f9b0b5b63fc37a4e77fc,11.8612
holdout,1,0.86,108,actuator_degradation,0.75,actuator_degradation,sensor_drift,diagnosed,Position sensor drift / process inconsistency,80.9,0.88,e15b9cfbc6a8e62013573ce2cec3c0ad3530ba0bb0ebe5853abca0aaad84206d,13.4886
holdout,1,0.86,108,actuator_degradation,1.0,actuator_degradation,actuator_degradation,diagnosed,Actuator performance degradation,57.9,0.92,5396f1d86be59c8a58f7f42e0268c8737bbeaef3f91ff311b6975703f6f6ec8b,13.1999
holdout,1,0.86,108,sensor_drift,0.0,normal,normal,normal,No actionable deviation,100.0,0.92,3e8f340035032ae0a37a18d50ce3c80267d88329f8d8f5d520bcd56e98e4426e,11.7834
holdout,1,0.86,108,sensor_drift,0.25,sensor_drift,normal,normal,No actionable deviation,98.7,0.92,fe492f17ff90f804667cb425f89d6370dfb5a2d7b220f54604abea54b862ae19,11.9238
holdout,1,0.86,108,sensor_drift,0.5,sensor_drift,normal,normal,No actionable deviation,97.5,0.92,e81f70e8bb5fac4c80018cc9ded7b68bf540a3c17fc17412b2f5f9c1489438fa,11.6853
holdout,1,0.86,108,sensor_drift,0.75,sensor_drift,sensor_drift,diagnosed,Position sensor drift / process inconsistency,96.4,0.65,bfc68ef6332bc3ca121008a2355256edfe7f49190ffe9818496baf92c1d0c040,11.7512
holdout,1,0.86,108,sensor_drift,1.0,sensor_drift,sensor_drift,diagnosed,Position sensor drift / process inconsistency,95.3,0.66,75acef8f2a7339138af64db86b796fbbf4c0a77844f0b6299ba4266d417934f8,11.8017
holdout,1,0.86,109,normal,0.0,normal,normal,normal,No actionable deviation,100.0,0.92,b2fb9bdf61a47d13f78919b72fe3dbc2b7add13310e8002f9d688c59ac15f6ae,12.0157
holdout,1,0.86,109,normal,0.25,normal,normal,normal,No actionable deviation,100.0,0.92,b2fb9bdf61a47d13f78919b72fe3dbc2b7add13310e8002f9d688c59ac15f6ae,11.6537
holdout,1,0.86,109,normal,0.5,normal,normal,normal,No actionable deviation,100.0,0.92,b2fb9bdf61a47d13f78919b72fe3dbc2b7add13310e8002f9d688c59ac15f6ae,11.8337
holdout,1,0.86,109,normal,0.75,normal,normal,normal,No actionable deviation,100.0,0.92,b2fb9bdf61a47d13f78919b72fe3dbc2b7add13310e8002f9d688c59ac15f6ae,11.7142
holdout,1,0.86,109,normal,1.0,normal,normal,normal,No actionable deviation,100.0,0.92,b2fb9bdf61a47d13f78919b72fe3dbc2b7add13310e8002f9d688c59ac15f6ae,11.9593
holdout,1,0.86,109,friction,0.0,normal,normal,normal,No actionable deviation,100.0,0.92,b2fb9bdf61a47d13f78919b72fe3dbc2b7add13310e8002f9d688c59ac15f6ae,12.2125
holdout,1,0.86,109,friction,0.25,friction,normal,normal,No actionable deviation,96.9,0.92,00df49691c0140dada50249aba7f448cdcbd25e703d99c6d6685afe6087a36fb,12.2899
holdout,1,0.86,109,friction,0.5,friction,normal,normal,No actionable deviation,93.0,0.92,60347fd6f8b48d16db4e213064a392ce1dec273feb19ec6765161e80d4138898,12.2553
holdout,1,0.86,109,friction,0.75,friction,friction,diagnosed,Friction growth,89.0,0.73,bda298b197140c036cf22de014365d9f245280b798c1084fe582ee4da268b8da,12.1438
holdout,1,0.86,109,friction,1.0,friction,friction,diagnosed,Friction growth,85.0,0.77,589205d55a19b61b09cd349e82746b642cf92f9c3785967ffa4c61589a717817,12.2376
holdout,1,0.86,109,stiction,0.0,normal,normal,normal,No actionable deviation,100.0,0.92,b2fb9bdf61a47d13f78919b72fe3dbc2b7add13310e8002f9d688c59ac15f6ae,12.0481
holdout,1,0.86,109,stiction,0.25,stiction,stiction,diagnosed,Persistent localized stiction,49.1,0.92,693a8772c725e0551b7546a93262f2b6589a46c6a689cdcaab71165229ed56d5,12.071
holdout,1,0.86,109,stiction,0.5,stiction,stiction,diagnosed,Persistent localized stiction,30.7,0.92,46de2b753f4202ce371c0cb7333b6742aedde41eb2212d025b2a1751a9ec7da7,12.0535
holdout,1,0.86,109,stiction,0.75,stiction,stiction,diagnosed,Persistent localized stiction,29.0,0.92,7e182b724c64d35affe90deaf818770f2debc526b48ea97f15a5a648da6e8fe9,12.3426
holdout,1,0.86,109,stiction,1.0,stiction,stiction,diagnosed,Persistent localized stiction,28.1,0.92,0997389b34ad3d8753be96c04e45523fd74938d69ba227268cf32af569165817,12.2787
holdout,1,0.86,109,obstruction,0.0,normal,normal,normal,No actionable deviation,100.0,0.92,b2fb9bdf61a47d13f78919b72fe3dbc2b7add13310e8002f9d688c59ac15f6ae,12.1474
holdout,1,0.86,109,obstruction,0.25,obstruction,obstruction,diagnosed,Travel obstruction or persistent stiction,63.6,0.89,2f0ffbef9d92a877d503ea66029721e844f1706d83f1a4878d268f8d6126d110,12.2091
holdout,1,0.86,109,obstruction,0.5,obstruction,obstruction,diagnosed,Travel obstruction or persistent stiction,48.0,0.89,2e5a30c851d06d03bbe947ff47163e88d4f9c5616c7e916d590ad7a3d1c1fa73,12.4364
holdout,1,0.86,109,obstruction,0.75,obstruction,obstruction,diagnosed,Travel obstruction or persistent stiction,37.3,0.92,16b0f8eac37ab6f09ce8744ff99e4ba9f961f917299cf8cfab48ee2d13f8b176,12.6552
holdout,1,0.86,109,obstruction,1.0,obstruction,obstruction,diagnosed,Travel obstruction or persistent stiction,26.8,0.92,d6e684079050c6e4ad2834aeccc6725330132233e0ca52ce0563cd3bb173a732,12.2166
holdout,1,0.86,109,actuator_degradation,0.0,normal,normal,normal,No actionable deviation,100.0,0.92,b2fb9bdf61a47d13f78919b72fe3dbc2b7add13310e8002f9d688c59ac15f6ae,12.0997
holdout,1,0.86,109,actuator_degradation,0.25,actuator_degradation,actuator_degradation,diagnosed,Actuator performance degradation,97.0,0.67,f61ea4bc30a200fa96cca333219aebb89c1c8c111c3f10c3d01e7fc06620d4a8,11.9698
holdout,1,0.86,109,actuator_degradation,0.5,actuator_degradation,actuator_degradation,diagnosed,Actuator performance degradation,92.7,0.75,4ba836006f3aabfd9148b833b200e123dc7537655da8cc7b4ea90b6a1fca6563,12.543
holdout,1,0.86,109,actuator_degradation,0.75,actuator_degradation,sensor_drift,diagnosed,Position sensor drift / process inconsistency,80.9,0.88,500b5fabca58bc96e4c570dd0791c076b0b8dba5dfd7940250a8de969235f120,12.2602
holdout,1,0.86,109,actuator_degradation,1.0,actuator_degradation,actuator_degradation,diagnosed,Actuator performance degradation,57.8,0.92,108a80a3a6dcf56774489fe453bfd46ce4f03a02872450b31f84836553f3c66d,11.994
holdout,1,0.86,109,sensor_drift,0.0,normal,normal,normal,No actionable deviation,100.0,0.92,b2fb9bdf61a47d13f78919b72fe3dbc2b7add13310e8002f9d688c59ac15f6ae,11.7875
holdout,1,0.86,109,sensor_drift,0.25,sensor_drift,normal,normal,No actionable deviation,98.8,0.92,9383521f3638fbdb0a56063a24f4ed15620bdcd2f11e05342bc5bea6bea2b038,11.8101
holdout,1,0.86,109,sensor_drift,0.5,sensor_drift,normal,normal,No actionable deviation,97.6,0.92,a6c6d5d84d4822fb5bbc6c278da3b9b7915ccec605855623af9d30237a09f16e,12.2615
holdout,1,0.86,109,sensor_drift,0.75,sensor_drift,sensor_drift,diagnosed,Position sensor drift / process inconsistency,96.5,0.65,77c771810031e052b7e04e1949890576dcb53252133488aa20cd4e1aceb2ad68,12.2979
holdout,1,0.86,109,sensor_drift,1.0,sensor_drift,sensor_drift,diagnosed,Position sensor drift / process inconsistency,95.3,0.66,a37483fae2561c08006044c0c1ca2ed22e5e9102a44c76015c1b795138ca17d2,12.2361
holdout,2,1.03,100,normal,0.0,normal,normal,normal,No actionable deviation,100.0,0.92,410e933e20fc6052bcf240e610f5636884233d15806a87ba40d5de0cf1141a02,12.2497
holdout,2,1.03,100,normal,0.25,normal,normal,normal,No actionable deviation,100.0,0.92,410e933e20fc6052bcf240e610f5636884233d15806a87ba40d5de0cf1141a02,12.2598
holdout,2,1.03,100,normal,0.5,normal,normal,normal,No actionable deviation,100.0,0.92,410e933e20fc6052bcf240e610f5636884233d15806a87ba40d5de0cf1141a02,12.3276
holdout,2,1.03,100,normal,0.75,normal,normal,normal,No actionable deviation,100.0,0.92,410e933e20fc6052bcf240e610f5636884233d15806a87ba40d5de0cf1141a02,12.9634
holdout,2,1.03,100,normal,1.0,normal,normal,normal,No actionable deviation,100.0,0.92,410e933e20fc6052bcf240e610f5636884233d15806a87ba40d5de0cf1141a02,11.6332
holdout,2,1.03,100,friction,0.0,normal,normal,normal,No actionable deviation,100.0,0.92,410e933e20fc6052bcf240e610f5636884233d15806a87ba40d5de0cf1141a02,11.8318
holdout,2,1.03,100,friction,0.25,friction,normal,normal,No actionable deviation,95.5,0.92,b4dbd3d9dcae51cd316c4654f8a53710ddead169efc1a9d54c3b8201d36451d3,12.0004
holdout,2,1.03,100,friction,0.5,friction,friction,diagnosed,Friction growth,91.1,0.7,e14eaedd23f5ac3f3925ef39c05e7ae0b36c3ce608c941a3b6ae89672cccabbc,12.4073
holdout,2,1.03,100,friction,0.75,friction,friction,diagnosed,Friction growth,85.7,0.74,3a23d202dad49a3708d39a58e9b72069906ccddb9142749e1c64dd1a401924e6,11.9066
holdout,2,1.03,100,friction,1.0,friction,friction,diagnosed,Friction growth,78.4,0.77,01d0a2adea49cbbc9e512753915be3ebd52f4c4e9442fbbdd6dd61f8eaea7491,12.0683
holdout,2,1.03,100,stiction,0.0,normal,normal,normal,No actionable deviation,100.0,0.92,410e933e20fc6052bcf240e610f5636884233d15806a87ba40d5de0cf1141a02,11.9282
holdout,2,1.03,100,stiction,0.25,stiction,stiction,diagnosed,Persistent localized stiction,38.5,0.92,ae005c58a3052eb0a8ef099828de06ce0d67ce5767368fe63be890ccbdb85168,12.1424
holdout,2,1.03,100,stiction,0.5,stiction,stiction,diagnosed,Persistent localized stiction,34.3,0.92,6bb61b6194d40c4acb7b3c0e31237a21ce88f2d7bdff1f73eba3decf83848351,11.8875
holdout,2,1.03,100,stiction,0.75,stiction,stiction,diagnosed,Persistent localized stiction,33.2,0.92,4837251107391d85d518afcfcbd36384524ac43044737b6504afff11590a9766,11.8314
holdout,2,1.03,100,stiction,1.0,stiction,stiction,diagnosed,Persistent localized stiction,32.4,0.92,4bf3d00fdf3865cb7b2eea0c14f6d31cdbdf462ebc0d5249aa34560203f394ca,11.831
holdout,2,1.03,100,obstruction,0.0,normal,normal,normal,No actionable deviation,100.0,0.92,410e933e20fc6052bcf240e610f5636884233d15806a87ba40d5de0cf1141a02,11.9112
holdout,2,1.03,100,obstruction,0.25,obstruction,obstruction,diagnosed,Travel obstruction or persistent stiction,71.3,0.8,9cd7d540e7aeea6a846185cf40d498bd9ce0f055ba9d7e9c093822be429fe55d,12.003
holdout,2,1.03,100,obstruction,0.5,obstruction,obstruction,diagnosed,Travel obstruction or persistent stiction,54.3,0.84,12e8cb70fff3ad07991cf79531363748ca1a9d3661e5062a81ea3423686bd4bf,11.9198
holdout,2,1.03,100,obstruction,0.75,obstruction,obstruction,diagnosed,Travel obstruction or persistent stiction,42.2,0.92,ea784d5adaffac3e8d178be328198c0315fd99cb5d2e2d352bffdef31f498269,11.7766
holdout,2,1.03,100,obstruction,1.0,obstruction,obstruction,diagnosed,Travel obstruction or persistent stiction,32.2,0.92,df8df55ad1aa3d0aefe02d300befbdd46b8522dcc2b32e3deb8cd2eb7e6e30e6,11.9015
holdout,2,1.03,100,actuator_degradation,0.0,normal,normal,normal,No actionable deviation,100.0,0.92,410e933e20fc6052bcf240e610f5636884233d15806a87ba40d5de0cf1141a02,11.7293
holdout,2,1.03,100,actuator_degradation,0.25,actuator_degradation,actuator_degradation,diagnosed,Actuator performance degradation,96.8,0.68,2ef437d5cfae7d78f25bc279317234856021b3ee5349fc0dec2a28450b742b25,11.7978
holdout,2,1.03,100,actuator_degradation,0.5,actuator_degradation,actuator_degradation,diagnosed,Actuator performance degradation,90.9,0.76,bade283627dd744f3fc3111c6d69490bc1aef225457a5ce330bf8574dea6732a,12.2955
holdout,2,1.03,100,actuator_degradation,0.75,actuator_degradation,actuator_degradation,diagnosed,Actuator performance degradation,71.7,0.81,a03e6434875a01173298e21d411e01c72cc1304c1eff95160fe87823ca133a41,12.1664
holdout,2,1.03,100,actuator_degradation,1.0,actuator_degradation,actuator_degradation,diagnosed,Actuator performance degradation,57.9,0.92,09c5c6145561670def801db08ebbe28a8b54269243ed2499217c771a566e8851,13.0793
holdout,2,1.03,100,sensor_drift,0.0,normal,normal,normal,No actionable deviation,100.0,0.92,410e933e20fc6052bcf240e610f5636884233d15806a87ba40d5de0cf1141a02,12.6999
holdout,2,1.03,100,sensor_drift,0.25,sensor_drift,normal,normal,No actionable deviation,98.6,0.92,4345160a2a72ec6fd518ce688f4681d92611ede9da902d42a3bcbad593ddcc06,13.3623
holdout,2,1.03,100,sensor_drift,0.5,sensor_drift,sensor_drift,diagnosed,Position sensor drift / process inconsistency,97.3,0.65,5b6318aaf900a830fb67cd950f2c0a780f58bae87c00b33b4318aeb8b53b6fa9,12.4726
holdout,2,1.03,100,sensor_drift,0.75,sensor_drift,sensor_drift,diagnosed,Position sensor drift / process inconsistency,96.0,0.66,f664f5d407a43ca78501ba87b2d62db3721e5465aab5b9c9c9d04cfd22b73b25,13.5403
holdout,2,1.03,100,sensor_drift,1.0,sensor_drift,sensor_drift,diagnosed,Position sensor drift / process inconsistency,94.8,0.67,c8fcfdbe92ee11ebdf2024e0dc64ba1aa17e10908ecfa40907e07842ef2a4fa3,13.2895
holdout,2,1.03,101,normal,0.0,normal,normal,normal,No actionable deviation,100.0,0.92,61ab285ec9d8c14280a1a8876d5b1113b1e46e2134275ea9e6486136ee4423b3,12.0345
holdout,2,1.03,101,normal,0.25,normal,normal,normal,No actionable deviation,100.0,0.92,61ab285ec9d8c14280a1a8876d5b1113b1e46e2134275ea9e6486136ee4423b3,11.9841
holdout,2,1.03,101,normal,0.5,normal,normal,normal,No actionable deviation,100.0,0.92,61ab285ec9d8c14280a1a8876d5b1113b1e46e2134275ea9e6486136ee4423b3,12.4049
holdout,2,1.03,101,normal,0.75,normal,normal,normal,No actionable deviation,100.0,0.92,61ab285ec9d8c14280a1a8876d5b1113b1e46e2134275ea9e6486136ee4423b3,13.1534
holdout,2,1.03,101,normal,1.0,normal,normal,normal,No actionable deviation,100.0,0.92,61ab285ec9d8c14280a1a8876d5b1113b1e46e2134275ea9e6486136ee4423b3,13.0582
holdout,2,1.03,101,friction,0.0,normal,normal,normal,No actionable deviation,100.0,0.92,61ab285ec9d8c14280a1a8876d5b1113b1e46e2134275ea9e6486136ee4423b3,12.9027
holdout,2,1.03,101,friction,0.25,friction,normal,normal,No actionable deviation,95.7,0.92,0427f47a4149f244483e04a83f786843e9dcbe2892f0afc948f377b85215f3ba,13.6456
holdout,2,1.03,101,friction,0.5,friction,friction,diagnosed,Friction growth,91.4,0.69,9aa2bc4cf98b49e99f15810884212b32c1bac32dc0102f3a4171f3d1573725b3,12.1136
holdout,2,1.03,101,friction,0.75,friction,friction,diagnosed,Friction growth,85.8,0.73,bdc8de6af53e3d17a8cc3deb71c53ea2ce614122fe99947bb774361c37b98697,12.141
holdout,2,1.03,101,friction,1.0,friction,friction,diagnosed,Friction growth,78.4,0.77,c09174daeda96b6e463197f0c20b651132fa407260feca55b674894062e0c8b2,11.9922
holdout,2,1.03,101,stiction,0.0,normal,normal,normal,No actionable deviation,100.0,0.92,61ab285ec9d8c14280a1a8876d5b1113b1e46e2134275ea9e6486136ee4423b3,12.3379
holdout,2,1.03,101,stiction,0.25,stiction,stiction,diagnosed,Persistent localized stiction,38.8,0.92,2b912261fc42f8cefdbb9b9956dbb7b6055f65791ce751d1bacba3ab1c6ff39c,12.7904
holdout,2,1.03,101,stiction,0.5,stiction,stiction,diagnosed,Persistent localized stiction,34.8,0.92,afbe9ae6ad964ab302edb875ec708fa3a99aa7854e6ccdfb11ab97cd038fa952,12.9566
holdout,2,1.03,101,stiction,0.75,stiction,stiction,diagnosed,Persistent localized stiction,33.5,0.92,20ef5ad8cd7d0d29961e9c4bfbbc8053c386aa25c7c4206599bc8190e6224a31,13.0255
holdout,2,1.03,101,stiction,1.0,stiction,stiction,diagnosed,Persistent localized stiction,32.7,0.92,b4740f9abd8fdc1d5b4cf99c83be8a27dce7a2f9b76048ae1742d6590d16d49c,12.3849
holdout,2,1.03,101,obstruction,0.0,normal,normal,normal,No actionable deviation,100.0,0.92,61ab285ec9d8c14280a1a8876d5b1113b1e46e2134275ea9e6486136ee4423b3,12.2198
holdout,2,1.03,101,obstruction,0.25,obstruction,obstruction,diagnosed,Travel obstruction or persistent stiction,71.6,0.79,aeaee8f5a09fffe292c917a8834a36741c87a82c7b206fa62d2f1da3b0d9e543,12.2326
holdout,2,1.03,101,obstruction,0.5,obstruction,obstruction,diagnosed,Travel obstruction or persistent stiction,54.2,0.84,14f43acef766d40981a5ab4ffd58007b692e052535c7231e63d81f2e54955e31,12.4839
holdout,2,1.03,101,obstruction,0.75,obstruction,obstruction,diagnosed,Travel obstruction or persistent stiction,42.3,0.92,614ddbc6f85dde8fe4fc2c9847f84bf9c9ff45b556fecd902544d3b04053fc23,12.3085
holdout,2,1.03,101,obstruction,1.0,obstruction,obstruction,diagnosed,Travel obstruction or persistent stiction,32.5,0.92,2fdc69bf5eba091fab7cecba9fec1a836c4d95fafddb3913af1d859f1d8c21a8,13.3354
holdout,2,1.03,101,actuator_degradation,0.0,normal,normal,normal,No actionable deviation,100.0,0.92,61ab285ec9d8c14280a1a8876d5b1113b1e46e2134275ea9e6486136ee4423b3,12.849
holdout,2,1.03,101,actuator_degradation,0.25,actuator_degradation,actuator_degradation,diagnosed,Actuator performance degradation,96.9,0.68,f60b9ce38cf5d641df48362e714eba34dbd4735a448418062985c7b314c16e3e,12.6778
holdout,2,1.03,101,actuator_degradation,0.5,actuator_degradation,actuator_degradation,diagnosed,Actuator performance degradation,91.1,0.75,5f7d4bdd91a3543f01c60a5454bb309851e2fb5cc2a9616b18f7a5d879b5609d,12.2189
holdout,2,1.03,101,actuator_degradation,0.75,actuator_degradation,actuator_degradation,diagnosed,Actuator performance degradation,71.9,0.81,539ed272399953c57f42d900435b2e1a046553e6acdeb399a1bcd148dfd6c969,12.0892
holdout,2,1.03,101,actuator_degradation,1.0,actuator_degradation,actuator_degradation,diagnosed,Actuator performance degradation,58.2,0.92,a62ccf625f29d55d3c7961d4b312f59e35b31d45b13b07447c3664d84cf3179d,11.9705
holdout,2,1.03,101,sensor_drift,0.0,normal,normal,normal,No actionable deviation,100.0,0.92,61ab285ec9d8c14280a1a8876d5b1113b1e46e2134275ea9e6486136ee4423b3,12.1876
holdout,2,1.03,101,sensor_drift,0.25,sensor_drift,normal,normal,No actionable deviation,98.6,0.92,83af7821fdb074bb6593dfa175816bae5d75f5c4c0426d531d420665d8f7ab9a,11.9134
holdout,2,1.03,101,sensor_drift,0.5,sensor_drift,sensor_drift,diagnosed,Position sensor drift / process inconsistency,97.3,0.65,63c8e40e849964c31239e4ba6ac4b7377344e93f1e3597dbb705d25cb0a9882f,11.9243
holdout,2,1.03,101,sensor_drift,0.75,sensor_drift,sensor_drift,diagnosed,Position sensor drift / process inconsistency,96.2,0.66,cb0852a4632c90be3bafc08497d452be2e1756593916bd74e8c184f83285e131,11.9349
holdout,2,1.03,101,sensor_drift,1.0,sensor_drift,sensor_drift,diagnosed,Position sensor drift / process inconsistency,95.1,0.67,a8ab63db847716103c161a3dee3df672ada9a7385feaaf044048da3f6ca65a40,11.8072
holdout,2,1.03,102,normal,0.0,normal,normal,normal,No actionable deviation,100.0,0.92,2d379c272280c13d5996d1ee93c757db2ddb05e3e97bc5e0908bf4da5711510a,11.9822
holdout,2,1.03,102,normal,0.25,normal,normal,normal,No actionable deviation,100.0,0.92,2d379c272280c13d5996d1ee93c757db2ddb05e3e97bc5e0908bf4da5711510a,11.9164
holdout,2,1.03,102,normal,0.5,normal,normal,normal,No actionable deviation,100.0,0.92,2d379c272280c13d5996d1ee93c757db2ddb05e3e97bc5e0908bf4da5711510a,11.9441
holdout,2,1.03,102,normal,0.75,normal,normal,normal,No actionable deviation,100.0,0.92,2d379c272280c13d5996d1ee93c757db2ddb05e3e97bc5e0908bf4da5711510a,11.707
holdout,2,1.03,102,normal,1.0,normal,normal,normal,No actionable deviation,100.0,0.92,2d379c272280c13d5996d1ee93c757db2ddb05e3e97bc5e0908bf4da5711510a,12.8256
holdout,2,1.03,102,friction,0.0,normal,normal,normal,No actionable deviation,100.0,0.92,2d379c272280c13d5996d1ee93c757db2ddb05e3e97bc5e0908bf4da5711510a,12.5797
holdout,2,1.03,102,friction,0.25,friction,normal,normal,No actionable deviation,95.4,0.92,76036798ae3af74c8bbb66af989ee727c27e02d199348f612238ff6751d6f2ad,12.2827
holdout,2,1.03,102,friction,0.5,friction,friction,diagnosed,Friction growth,91.1,0.7,6bb8862c472b7348efdfc89ff5dde27436fc7b6ed59e1fe32d4f9d3dbe6bbfd2,12.5324
holdout,2,1.03,102,friction,0.75,friction,friction,diagnosed,Friction growth,85.2,0.74,9f20d9cfad7134b6a1fcb6204e0452fbca906f6b02ec4e688f8cffea2f7cdcd7,12.2495
holdout,2,1.03,102,friction,1.0,friction,friction,diagnosed,Friction growth,78.2,0.77,e834fcb9e4abced285d04ad76d0f397ec3c4d566e42b5015c59a75f0f993fbd5,11.98
holdout,2,1.03,102,stiction,0.0,normal,normal,normal,No actionable deviation,100.0,0.92,2d379c272280c13d5996d1ee93c757db2ddb05e3e97bc5e0908bf4da5711510a,12.6276
holdout,2,1.03,102,stiction,0.25,stiction,stiction,diagnosed,Persistent localized stiction,38.5,0.92,10e779cb195c7b437942f793f2f9451039d6545c13d7717171b4984a7a828e83,12.4639
holdout,2,1.03,102,stiction,0.5,stiction,stiction,diagnosed,Persistent localized stiction,34.5,0.92,3d420f7f30935f47d44f1385bb1b55b971fa018458a06053d58c8511da4edec8,12.1717
holdout,2,1.03,102,stiction,0.75,stiction,stiction,diagnosed,Persistent localized stiction,33.2,0.92,1ce480e9b7b95ce08c63f29e7424dcfae01d03050ae489ae641bc345ebdfc0ef,12.3069
holdout,2,1.03,102,stiction,1.0,stiction,stiction,diagnosed,Persistent localized stiction,32.4,0.92,e17c8fca4b2c51e6ebc018c31af84867833126589ca47c045529daa4faff7d13,12.4066
holdout,2,1.03,102,obstruction,0.0,normal,normal,normal,No actionable deviation,100.0,0.92,2d379c272280c13d5996d1ee93c757db2ddb05e3e97bc5e0908bf4da5711510a,12.222
holdout,2,1.03,102,obstruction,0.25,obstruction,obstruction,diagnosed,Travel obstruction or persistent stiction,71.5,0.8,088e44fedae55587390121b900bc4b841edcc2a2996e597fd48b66cfcc7c2c8f,11.8157
holdout,2,1.03,102,obstruction,0.5,obstruction,obstruction,diagnosed,Travel obstruction or persistent stiction,55.4,0.84,dd6e54d5b731ec1ce0cc3fa480c885c426c1a17f23d58cce14f3554c15f6bc4b,11.9303
holdout,2,1.03,102,obstruction,0.75,obstruction,obstruction,diagnosed,Travel obstruction or persistent stiction,42.4,0.92,8c00a888cdd986200bb3e3bdec3ce59343e2c526cbc3258b0682668b060c11d5,11.8015
holdout,2,1.03,102,obstruction,1.0,obstruction,obstruction,diagnosed,Travel obstruction or persistent stiction,32.3,0.92,dc41268e960f522500c1ebe9ee0d645e7280ebaceb376f9e9022450665986bf5,13.2476
holdout,2,1.03,102,actuator_degradation,0.0,normal,normal,normal,No actionable deviation,100.0,0.92,2d379c272280c13d5996d1ee93c757db2ddb05e3e97bc5e0908bf4da5711510a,11.8426
holdout,2,1.03,102,actuator_degradation,0.25,actuator_degradation,actuator_degradation,diagnosed,Actuator performance degradation,96.8,0.68,a60d40c5e647a124474043512c8ff2de3578c7d6c0ef863283ac670a3232b709,11.9185
holdout,2,1.03,102,actuator_degradation,0.5,actuator_degradation,actuator_degradation,diagnosed,Actuator performance degradation,90.8,0.76,8637a86cffdebe02abef0be0323b2eb23a52360cf14b0f9f0caf1a81a3a7f9fb,11.9721
holdout,2,1.03,102,actuator_degradation,0.75,actuator_degradation,actuator_degradation,diagnosed,Actuator performance degradation,71.8,0.81,c3ad83ec69e5da8844e65afcc20ab3412935e614fdc23140ec115f3522b2acc3,11.864
holdout,2,1.03,102,actuator_degradation,1.0,actuator_degradation,actuator_degradation,diagnosed,Actuator performance degradation,57.9,0.92,7a3474f603b3f204f35977616eb76d11657af3aab9d1ea3e858893fd6a39e36b,12.8528
holdout,2,1.03,102,sensor_drift,0.0,normal,normal,normal,No actionable deviation,100.0,0.92,2d379c272280c13d5996d1ee93c757db2ddb05e3e97bc5e0908bf4da5711510a,12.8155
holdout,2,1.03,102,sensor_drift,0.25,sensor_drift,normal,normal,No actionable deviation,98.6,0.92,7265afadc01e80147caf476825e025654800e900ea1864d3990def30395d053e,13.5192
holdout,2,1.03,102,sensor_drift,0.5,sensor_drift,sensor_drift,diagnosed,Position sensor drift / process inconsistency,97.3,0.64,606e709caf6c0b4039bd3f35215bc89bd4aaed7c0cedb443e690ffd642ca272f,13.3636
holdout,2,1.03,102,sensor_drift,0.75,sensor_drift,sensor_drift,diagnosed,Position sensor drift / process inconsistency,96.1,0.66,a46336e111dfe8c7df23c5f47e4b5081d6ef78325d8ec187bc2080a08708dcd5,14.4488
holdout,2,1.03,102,sensor_drift,1.0,sensor_drift,sensor_drift,diagnosed,Position sensor drift / process inconsistency,95.0,0.67,75161e9d8a91aa1fd7cfca195ae659e116e295a4a59d897d60fb0fe3abf0c8ed,12.9173
holdout,2,1.03,103,normal,0.0,normal,normal,normal,No actionable deviation,100.0,0.92,6910459be895add3ff3ab0171d67a9f258fb70278fcdf92022a9b66e8daea1a1,12.5776
holdout,2,1.03,103,normal,0.25,normal,normal,normal,No actionable deviation,100.0,0.92,6910459be895add3ff3ab0171d67a9f258fb70278fcdf92022a9b66e8daea1a1,12.2189
holdout,2,1.03,103,normal,0.5,normal,normal,normal,No actionable deviation,100.0,0.92,6910459be895add3ff3ab0171d67a9f258fb70278fcdf92022a9b66e8daea1a1,12.381
holdout,2,1.03,103,normal,0.75,normal,normal,normal,No actionable deviation,100.0,0.92,6910459be895add3ff3ab0171d67a9f258fb70278fcdf92022a9b66e8daea1a1,12.3134
holdout,2,1.03,103,normal,1.0,normal,normal,normal,No actionable deviation,100.0,0.92,6910459be895add3ff3ab0171d67a9f258fb70278fcdf92022a9b66e8daea1a1,12.1477
holdout,2,1.03,103,friction,0.0,normal,normal,normal,No actionable deviation,100.0,0.92,6910459be895add3ff3ab0171d67a9f258fb70278fcdf92022a9b66e8daea1a1,11.9101
holdout,2,1.03,103,friction,0.25,friction,normal,normal,No actionable deviation,95.5,0.92,c06807fa5d763c03b7df91e9305e8ce12ebc93b9166c37dfb7a1a50e4ab90d00,11.6975
holdout,2,1.03,103,friction,0.5,friction,friction,diagnosed,Friction growth,91.2,0.7,ebe0a9a15e09f4800cba0a8c3af24dd1397708d547715e6426313b4bb96dc4f8,12.0231
holdout,2,1.03,103,friction,0.75,friction,friction,diagnosed,Friction growth,85.6,0.74,20cca2e3b7f79b53810788d4b3ad1629c9e80b3bda2fc2dd3238ed1be4a663fe,11.7538
holdout,2,1.03,103,friction,1.0,friction,friction,diagnosed,Friction growth,78.2,0.77,f43bd383bd97bb60ecab42f36ad4c00d54550bd0fe5d59d26bf72442aa564880,12.1148
holdout,2,1.03,103,stiction,0.0,normal,normal,normal,No actionable deviation,100.0,0.92,6910459be895add3ff3ab0171d67a9f258fb70278fcdf92022a9b66e8daea1a1,14.5526
holdout,2,1.03,103,stiction,0.25,stiction,stiction,diagnosed,Persistent localized stiction,38.4,0.92,54088c72f9c3bf7608f32c6f4a069ed732df8200f4857cd7cded13d5d98edd29,13.482
holdout,2,1.03,103,stiction,0.5,stiction,stiction,diagnosed,Persistent localized stiction,34.4,0.92,a14c759ef8e0cea3aad98a4857d45691c9c9535b43aa55306659414028dca45e,12.4431
holdout,2,1.03,103,stiction,0.75,stiction,stiction,diagnosed,Persistent localized stiction,33.2,0.92,d38b96a2be00875c02fc1779ca8a5c4d9c87a2b9dee67ae9796f0c02aca00185,12.3114
holdout,2,1.03,103,stiction,1.0,stiction,stiction,diagnosed,Persistent localized stiction,32.4,0.92,bb6ef740f1df97a5cd734a0fba4d7eda8d1bf3fd940b9b0285a0120a8f9945b4,12.2917
holdout,2,1.03,103,obstruction,0.0,normal,normal,normal,No actionable deviation,100.0,0.92,6910459be895add3ff3ab0171d67a9f258fb70278fcdf92022a9b66e8daea1a1,12.0342
holdout,2,1.03,103,obstruction,0.25,obstruction,obstruction,diagnosed,Travel obstruction or persistent stiction,71.7,0.8,1666e4e8b4a97967bcdf424290777d4cbf813e5b9299ce27180b09f9a57bad98,12.3531
holdout,2,1.03,103,obstruction,0.5,obstruction,obstruction,diagnosed,Travel obstruction or persistent stiction,54.5,0.84,2e4cb53c7bcf279b8c5e8398b9223c861cf9c5dbc7c97323e48f5488f99b8726,12.1987
holdout,2,1.03,103,obstruction,0.75,obstruction,obstruction,diagnosed,Travel obstruction or persistent stiction,42.2,0.92,62122c94ca7be0409924486337a44ecedf07e2a9a6dfe9b3389a9af8f7c1c4be,12.2373
holdout,2,1.03,103,obstruction,1.0,obstruction,obstruction,diagnosed,Travel obstruction or persistent stiction,32.3,0.92,97e00d8eca9d413a147922ecb493baea798721cc924e1a0cc604c5c47094a535,12.4349
holdout,2,1.03,103,actuator_degradation,0.0,normal,normal,normal,No actionable deviation,100.0,0.92,6910459be895add3ff3ab0171d67a9f258fb70278fcdf92022a9b66e8daea1a1,12.2863
holdout,2,1.03,103,actuator_degradation,0.25,actuator_degradation,actuator_degradation,diagnosed,Actuator performance degradation,96.8,0.68,bc9c13e199e074b48664002ddd9561a79a842bc4d62c88f04556f0f9d810c68b,12.1453
holdout,2,1.03,103,actuator_degradation,0.5,actuator_degradation,actuator_degradation,diagnosed,Actuator performance degradation,90.8,0.76,168055c5284bc89818651fa9096e79f1912722de73191176477da1b18a1f19be,12.222
holdout,2,1.03,103,actuator_degradation,0.75,actuator_degradation,actuator_degradation,diagnosed,Actuator performance degradation,71.5,0.81,5c3ec6efad8b050c2a430f73e3c77f768242333d4ce67edc08a9147ce4b03263,11.9891
holdout,2,1.03,103,actuator_degradation,1.0,actuator_degradation,actuator_degradation,diagnosed,Actuator performance degradation,57.6,0.92,2a40df65592fe35963fbefd6a3d3d938fbf5f3ed1cd878a4b3af062884a8832b,11.7985
holdout,2,1.03,103,sensor_drift,0.0,normal,normal,normal,No actionable deviation,100.0,0.92,6910459be895add3ff3ab0171d67a9f258fb70278fcdf92022a9b66e8daea1a1,11.7064
holdout,2,1.03,103,sensor_drift,0.25,sensor_drift,normal,normal,No actionable deviation,98.6,0.92,285b08fd0c2792866a904825474a460021668ca63daa6715cbb37102038e1b20,12.2026
holdout,2,1.03,103,sensor_drift,0.5,sensor_drift,sensor_drift,diagnosed,Position sensor drift / process inconsistency,97.4,0.65,f8a47351b5eee01322ad76667ceac6f7729b0c220ea5192aa9db932b02481cd3,12.2724
holdout,2,1.03,103,sensor_drift,0.75,sensor_drift,sensor_drift,diagnosed,Position sensor drift / process inconsistency,96.2,0.66,b2078dd42350f2eaec7e9165498a8d64050129c0ca5874c7a5e454efd6f4da42,12.0443
holdout,2,1.03,103,sensor_drift,1.0,sensor_drift,sensor_drift,diagnosed,Position sensor drift / process inconsistency,95.0,0.67,fca08da5e50146a5e879e85ef6c17b73f2b931e36494b08da6326f2cc28d1dd6,12.2583
holdout,2,1.03,104,normal,0.0,normal,normal,normal,No actionable deviation,100.0,0.92,f6f51377b50666799d12ff2f525ba59e4eb0155d4cd740d91097f35b9df4c1e2,12.1813
holdout,2,1.03,104,normal,0.25,normal,normal,normal,No actionable deviation,100.0,0.92,f6f51377b50666799d12ff2f525ba59e4eb0155d4cd740d91097f35b9df4c1e2,12.0951
holdout,2,1.03,104,normal,0.5,normal,normal,normal,No actionable deviation,100.0,0.92,f6f51377b50666799d12ff2f525ba59e4eb0155d4cd740d91097f35b9df4c1e2,12.5533
holdout,2,1.03,104,normal,0.75,normal,normal,normal,No actionable deviation,100.0,0.92,f6f51377b50666799d12ff2f525ba59e4eb0155d4cd740d91097f35b9df4c1e2,12.1301
holdout,2,1.03,104,normal,1.0,normal,normal,normal,No actionable deviation,100.0,0.92,f6f51377b50666799d12ff2f525ba59e4eb0155d4cd740d91097f35b9df4c1e2,12.1299
holdout,2,1.03,104,friction,0.0,normal,normal,normal,No actionable deviation,100.0,0.92,f6f51377b50666799d12ff2f525ba59e4eb0155d4cd740d91097f35b9df4c1e2,12.5264
holdout,2,1.03,104,friction,0.25,friction,normal,normal,No actionable deviation,95.7,0.92,4c1839e9bc28526bb244db994e54428a94101b051289589e8cadea3af1f13347,12.7283
holdout,2,1.03,104,friction,0.5,friction,friction,diagnosed,Friction growth,91.4,0.69,7735b642d3417d5387163aed333b25a81a725790407be93a1424814829493e58,13.313
holdout,2,1.03,104,friction,0.75,friction,friction,diagnosed,Friction growth,85.7,0.73,a2a613002412a50af48959bb5e24b42660926fc5404f235abf28eaa8283b319b,13.4376
holdout,2,1.03,104,friction,1.0,friction,friction,diagnosed,Friction growth,78.5,0.77,e7b8f13218cd38953e0ba80c3ccee7521a0768a99f6695ac4bd81a057460083d,13.1368
holdout,2,1.03,104,stiction,0.0,normal,normal,normal,No actionable deviation,100.0,0.92,f6f51377b50666799d12ff2f525ba59e4eb0155d4cd740d91097f35b9df4c1e2,12.6021
holdout,2,1.03,104,stiction,0.25,stiction,stiction,diagnosed,Persistent localized stiction,38.8,0.92,065a1b771ace554ecb4ffc0def1aa6fb28b2ff9b6e3a456fe08841ddf70cf16d,12.679
holdout,2,1.03,104,stiction,0.5,stiction,stiction,diagnosed,Persistent localized stiction,34.8,0.92,d3de7968c3b6eda0efd8448afdda1dce13e16bfd735798a4d849a57123edc8c0,13.7556
holdout,2,1.03,104,stiction,0.75,stiction,stiction,diagnosed,Persistent localized stiction,33.5,0.92,bab2effc7b23eebc7dbcb9b641f831baee076a610477e755df955461e1658dd5,14.2153
holdout,2,1.03,104,stiction,1.0,stiction,stiction,diagnosed,Persistent localized stiction,32.7,0.92,f927fd22f07eac2a522821821bba09a911ac4d4a361e22de32f3db17a57eb1c6,12.4841
holdout,2,1.03,104,obstruction,0.0,normal,normal,normal,No actionable deviation,100.0,0.92,f6f51377b50666799d12ff2f525ba59e4eb0155d4cd740d91097f35b9df4c1e2,12.1386
holdout,2,1.03,104,obstruction,0.25,obstruction,obstruction,diagnosed,Travel obstruction or persistent stiction,71.9,0.79,63f2bebe66ca7ccf64891f5b1ac70a8445b8f910afd75e2478bc7d1cd55710a8,12.2603
holdout,2,1.03,104,obstruction,0.5,obstruction,obstruction,diagnosed,Travel obstruction or persistent stiction,56.2,0.84,87b3587841a6b7282f0e2ed6e40e9583ac7b04a915a8dc769be1ecc460a9e7c8,12.1977
holdout,2,1.03,104,obstruction,0.75,obstruction,obstruction,diagnosed,Travel obstruction or persistent stiction,42.2,0.92,a90345c9b550dcb1c8e775166c1dc8ae4fc7930ae5888f9b090951c07eaecf62,12.2257
holdout,2,1.03,104,obstruction,1.0,obstruction,obstruction,diagnosed,Travel obstruction or persistent stiction,32.6,0.92,755e02ddf3c909ccce80af6075c683e648c14fdac56fdb4a6474741d4298f241,12.011
holdout,2,1.03,104,actuator_degradation,0.0,normal,normal,normal,No actionable deviation,100.0,0.92,f6f51377b50666799d12ff2f525ba59e4eb0155d4cd740d91097f35b9df4c1e2,11.9257
holdout,2,1.03,104,actuator_degradation,0.25,actuator_degradation,actuator_degradation,diagnosed,Actuator performance degradation,97.1,0.67,72587c0ff881e8ed89b3cb53eb157835fb5accb836f27e6dd9c6af887fec29bc,12.2016
holdout,2,1.03,104,actuator_degradation,0.5,actuator_degradation,actuator_degradation,diagnosed,Actuator performance degradation,91.0,0.75,275624ce0e239a6e1b733b1f791cc85bf2b44195d39f0530819e26719e0515e4,11.9862
holdout,2,1.03,104,actuator_degradation,0.75,actuator_degradation,actuator_degradation,diagnosed,Actuator performance degradation,72.1,0.81,1484f9f48519ba9d5634d8c1b68c93f9bdab40e9525e775f2b2b2714657bd8e7,12.1016
holdout,2,1.03,104,actuator_degradation,1.0,actuator_degradation,actuator_degradation,diagnosed,Actuator performance degradation,58.2,0.92,b2d775ef43e96c6a4c64d02fa59902a051f3c15c3c76cfd76414acb3cdf6cf3d,12.0069
holdout,2,1.03,104,sensor_drift,0.0,normal,normal,normal,No actionable deviation,100.0,0.92,f6f51377b50666799d12ff2f525ba59e4eb0155d4cd740d91097f35b9df4c1e2,12.1684
holdout,2,1.03,104,sensor_drift,0.25,sensor_drift,normal,normal,No actionable deviation,98.7,0.92,432d302c2b37973af2de56ad02df695fc4590c358d8c0801542530f3363f74ff,12.2394
holdout,2,1.03,104,sensor_drift,0.5,sensor_drift,sensor_drift,diagnosed,Position sensor drift / process inconsistency,97.5,0.65,02252687d6d0faecc00a04fed5a6b579856b22b711079f32a2db7563f038e6a9,12.2428
holdout,2,1.03,104,sensor_drift,0.75,sensor_drift,sensor_drift,diagnosed,Position sensor drift / process inconsistency,96.2,0.66,73f1986d9552317e4e661c7df4e867076753db1a66ac9720ff8b2e17c07842fe,12.2178
holdout,2,1.03,104,sensor_drift,1.0,sensor_drift,sensor_drift,diagnosed,Position sensor drift / process inconsistency,95.0,0.67,b2a62769e27467ccde54823ac45044515cfa7ef821dd6a03adb1d5f0ed01569c,12.1558
holdout,2,1.03,105,normal,0.0,normal,normal,normal,No actionable deviation,100.0,0.92,b963964066ed875c1b04dceaa222a69456f012042c94bd459d9377e1c108f000,12.3884
holdout,2,1.03,105,normal,0.25,normal,normal,normal,No actionable deviation,100.0,0.92,b963964066ed875c1b04dceaa222a69456f012042c94bd459d9377e1c108f000,13.3436
holdout,2,1.03,105,normal,0.5,normal,normal,normal,No actionable deviation,100.0,0.92,b963964066ed875c1b04dceaa222a69456f012042c94bd459d9377e1c108f000,12.3936
holdout,2,1.03,105,normal,0.75,normal,normal,normal,No actionable deviation,100.0,0.92,b963964066ed875c1b04dceaa222a69456f012042c94bd459d9377e1c108f000,11.8186
holdout,2,1.03,105,normal,1.0,normal,normal,normal,No actionable deviation,100.0,0.92,b963964066ed875c1b04dceaa222a69456f012042c94bd459d9377e1c108f000,11.8345
holdout,2,1.03,105,friction,0.0,normal,normal,normal,No actionable deviation,100.0,0.92,b963964066ed875c1b04dceaa222a69456f012042c94bd459d9377e1c108f000,12.146
holdout,2,1.03,105,friction,0.25,friction,normal,normal,No actionable deviation,95.2,0.92,431f832a89cea210f05a7399c3fdb052982790b0724d0622d175fd5e2baf94a2,11.9287
holdout,2,1.03,105,friction,0.5,friction,friction,diagnosed,Friction growth,91.0,0.7,40d396fd2282d5086399d3aae7abdbaaad709c27b1f3d82cfe4b6b3404cfcd2f,12.0909
holdout,2,1.03,105,friction,0.75,friction,friction,diagnosed,Friction growth,85.1,0.74,2c384487b3cdbffd72d85d0e64f6c0f7038cab5bb776b998ad120a744d34ce6f,12.327
holdout,2,1.03,105,friction,1.0,friction,friction,diagnosed,Friction growth,78.3,0.77,abdb7b8046ed73eeb135e5dba8a178f53974fcfb8aff719dbae6bddffce0b081,12.176
holdout,2,1.03,105,stiction,0.0,normal,normal,normal,No actionable deviation,100.0,0.92,b963964066ed875c1b04dceaa222a69456f012042c94bd459d9377e1c108f000,12.0246
holdout,2,1.03,105,stiction,0.25,stiction,stiction,diagnosed,Persistent localized stiction,38.6,0.92,26efa6a527e897dc07ea8ca852a4087d29b2275cfec875a9b9f60c2ffc81840d,12.3589
holdout,2,1.03,105,stiction,0.5,stiction,stiction,diagnosed,Persistent localized stiction,34.4,0.92,c97b43adb0945fa9085bfa8291caa3dec98850eb9c181007fca1b5ff797fa425,12.1764
holdout,2,1.03,105,stiction,0.75,stiction,stiction,diagnosed,Persistent localized stiction,33.2,0.92,4b8ad19daf54d150c584ab12b216eae959cd6173dc66cc9a9be8fffec7465daf,12.3791
holdout,2,1.03,105,stiction,1.0,stiction,stiction,diagnosed,Persistent localized stiction,32.4,0.92,57a688af5d00ebe9d98d18d46345bb5bd0f7d31adb7939587908d4dae7a47d9f,12.3738
holdout,2,1.03,105,obstruction,0.0,normal,normal,normal,No actionable deviation,100.0,0.92,b963964066ed875c1b04dceaa222a69456f012042c94bd459d9377e1c108f000,12.2135
holdout,2,1.03,105,obstruction,0.25,obstruction,obstruction,diagnosed,Travel obstruction or persistent stiction,71.5,0.8,ded0561ce93923e4e098ee526814a7aa06e17756bd6348a6a0f6d1dbbf41caa1,12.2377
holdout,2,1.03,105,obstruction,0.5,obstruction,obstruction,diagnosed,Travel obstruction or persistent stiction,56.7,0.84,47582fa5c9f07d4e798a9b59a0846f43c71403e3fb1611031ba2c4e729ed9cac,12.8135
holdout,2,1.03,105,obstruction,0.75,obstruction,obstruction,diagnosed,Travel obstruction or persistent stiction,42.7,0.92,e415231a9d31e4c30ea6794b997b9ed6cf068ac862d908715ef4047eb1533d08,12.0108
holdout,2,1.03,105,obstruction,1.0,obstruction,obstruction,diagnosed,Travel obstruction or persistent stiction,32.4,0.92,41ca879181ec0da24f70d6556de7b158a1f329fbe4edda710a9fa6e6d402fbb2,11.9596
holdout,2,1.03,105,actuator_degradation,0.0,normal,normal,normal,No actionable deviation,100.0,0.92,b963964066ed875c1b04dceaa222a69456f012042c94bd459d9377e1c108f000,12.5235
holdout,2,1.03,105,actuator_degradation,0.25,actuator_degradation,actuator_degradation,diagnosed,Actuator performance degradation,96.8,0.68,15f9dcbff229d487ff007d0c55ec6b551e47d75a4c0fed4c11b11e631faeba96,12.0227
holdout,2,1.03,105,actuator_degradation,0.5,actuator_degradation,actuator_degradation,diagnosed,Actuator performance degradation,90.8,0.76,a0a8ffa342f72795df72e99895e0a2ca9e4fdbd56e25b74801ef48b29ab941ed,11.994
holdout,2,1.03,105,actuator_degradation,0.75,actuator_degradation,actuator_degradation,diagnosed,Actuator performance degradation,71.9,0.81,cb3440f2ab321487d2a11ff384bc7b7190b02f493679a1c7f7d53210d591866d,12.0596
holdout,2,1.03,105,actuator_degradation,1.0,actuator_degradation,actuator_degradation,diagnosed,Actuator performance degradation,57.9,0.92,218a636fac230518f7e1a16e3a7e93c79e588182947041e37881ef40786f9532,12.1952
holdout,2,1.03,105,sensor_drift,0.0,normal,normal,normal,No actionable deviation,100.0,0.92,b963964066ed875c1b04dceaa222a69456f012042c94bd459d9377e1c108f000,12.0077
holdout,2,1.03,105,sensor_drift,0.25,sensor_drift,normal,normal,No actionable deviation,98.7,0.92,6cdcfaf6dcef309bb36c455f4ef217c85a0b3b1d0aa35a45410013a3dc2c1f62,12.0791
holdout,2,1.03,105,sensor_drift,0.5,sensor_drift,sensor_drift,diagnosed,Position sensor drift / process inconsistency,97.4,0.65,59002573214b7049e970f1a3470e23e6fc67ec466cac9b21fe7fe0671497ba8f,12.0043
holdout,2,1.03,105,sensor_drift,0.75,sensor_drift,sensor_drift,diagnosed,Position sensor drift / process inconsistency,96.2,0.66,311021f5368009ecd7feab7651072d26752d18c92c8d962f5f7b181de97663c3,11.985
holdout,2,1.03,105,sensor_drift,1.0,sensor_drift,sensor_drift,diagnosed,Position sensor drift / process inconsistency,95.1,0.67,000a20beccdf6ee42b975fc082f30056e7a46f1644020f6ca9594b828e6df6eb,12.788
holdout,2,1.03,106,normal,0.0,normal,normal,normal,No actionable deviation,100.0,0.92,ef2ec26134a30a9a9be699f0415daf53e0da8537f45be4e24e4876fb419dd9f7,12.6925
holdout,2,1.03,106,normal,0.25,normal,normal,normal,No actionable deviation,100.0,0.92,ef2ec26134a30a9a9be699f0415daf53e0da8537f45be4e24e4876fb419dd9f7,13.3133
holdout,2,1.03,106,normal,0.5,normal,normal,normal,No actionable deviation,100.0,0.92,ef2ec26134a30a9a9be699f0415daf53e0da8537f45be4e24e4876fb419dd9f7,12.2309
holdout,2,1.03,106,normal,0.75,normal,normal,normal,No actionable deviation,100.0,0.92,ef2ec26134a30a9a9be699f0415daf53e0da8537f45be4e24e4876fb419dd9f7,11.8466
holdout,2,1.03,106,normal,1.0,normal,normal,normal,No actionable deviation,100.0,0.92,ef2ec26134a30a9a9be699f0415daf53e0da8537f45be4e24e4876fb419dd9f7,12.0778
holdout,2,1.03,106,friction,0.0,normal,normal,normal,No actionable deviation,100.0,0.92,ef2ec26134a30a9a9be699f0415daf53e0da8537f45be4e24e4876fb419dd9f7,11.9321
holdout,2,1.03,106,friction,0.25,friction,normal,normal,No actionable deviation,95.5,0.92,60cd6befebf3cdeb28ffdf70cad195b33c2b15239d147d945f30344696264bd5,11.9684
holdout,2,1.03,106,friction,0.5,friction,friction,diagnosed,Friction growth,91.1,0.7,b6f1b7c3b6df7bf29b22b2d16950729d1faaab223bff318b2b553d287f1d7577,11.962
holdout,2,1.03,106,friction,0.75,friction,friction,diagnosed,Friction growth,85.5,0.74,d07d966b9f9d272d5010600e5cd8e8d4642134c805c70fc7e0cfd0cae9dcdd58,11.8965
holdout,2,1.03,106,friction,1.0,friction,friction,diagnosed,Friction growth,78.2,0.77,f5d04b20755a4de434316c6621a1260e433e3b6aab53090585faf4015033f498,11.753
holdout,2,1.03,106,stiction,0.0,normal,normal,normal,No actionable deviation,100.0,0.92,ef2ec26134a30a9a9be699f0415daf53e0da8537f45be4e24e4876fb419dd9f7,11.6694
holdout,2,1.03,106,stiction,0.25,stiction,stiction,diagnosed,Persistent localized stiction,38.4,0.92,fc9e8fa6bd74b6d22f4f3e9363729a981d05d3f99d51eee4b9f5c1ff6ae37f06,12.3667
holdout,2,1.03,106,stiction,0.5,stiction,stiction,diagnosed,Persistent localized stiction,34.4,0.92,9bfca39411380ae54752737dc879e635fe3595ff9ad4f9868092077ddacb42d9,12.0437
holdout,2,1.03,106,stiction,0.75,stiction,stiction,diagnosed,Persistent localized stiction,33.2,0.92,4e1dd4d63e9d9cdb8e25cc1e9a3cf4869cd17f75bd0f5a593a7e707f0392f402,11.7145
holdout,2,1.03,106,stiction,1.0,stiction,stiction,diagnosed,Persistent localized stiction,32.4,0.92,28187af2f1a5d9ef7395f99b58625069806c9a6d137952193ec967bd9dd100ae,11.976
holdout,2,1.03,106,obstruction,0.0,normal,normal,normal,No actionable deviation,100.0,0.92,ef2ec26134a30a9a9be699f0415daf53e0da8537f45be4e24e4876fb419dd9f7,11.7167
holdout,2,1.03,106,obstruction,0.25,obstruction,obstruction,diagnosed,Travel obstruction or persistent stiction,71.6,0.8,099fc3d3e61bd553fb4b919430a9ff391709dd2f851dd7803ed2b81b8fe51171,12.0063
holdout,2,1.03,106,obstruction,0.5,obstruction,obstruction,diagnosed,Travel obstruction or persistent stiction,54.8,0.84,c6e808f46d864709bacd27d8032ffcd64232d3945a049108fd2d14506688cda8,12.0157
holdout,2,1.03,106,obstruction,0.75,obstruction,obstruction,diagnosed,Travel obstruction or persistent stiction,42.4,0.92,5f57eeff7844678d05b4cbdf15dc4594bbcfae1b4b7cc14c7f41e83f13dc7f98,12.118
holdout,2,1.03,106,obstruction,1.0,obstruction,obstruction,diagnosed,Travel obstruction or persistent stiction,32.2,0.92,baec86781d3a5841f7745d466920c0bb1901a8e54a1be8b3ea076f8a27ee27c3,11.7318
holdout,2,1.03,106,actuator_degradation,0.0,normal,normal,normal,No actionable deviation,100.0,0.92,ef2ec26134a30a9a9be699f0415daf53e0da8537f45be4e24e4876fb419dd9f7,11.8218
holdout,2,1.03,106,actuator_degradation,0.25,actuator_degradation,actuator_degradation,diagnosed,Actuator performance degradation,96.8,0.68,50ef132363f43999c8ba71d0746114cb25df9afb66abab8ad2435c9af3d5f1a3,11.9213
holdout,2,1.03,106,actuator_degradation,0.5,actuator_degradation,actuator_degradation,diagnosed,Actuator performance degradation,90.8,0.76,c944511f9ba417aace3d9de5e8ab0fc6bb0a93ea49c405e669efa4b00c72a0fa,11.8984
holdout,2,1.03,106,actuator_degradation,0.75,actuator_degradation,actuator_degradation,diagnosed,Actuator performance degradation,71.8,0.81,a13f5f06054e4f80eb430c899dfbda40c4e5c33be3e2ebaa30803bea74e53634,11.7865
holdout,2,1.03,106,actuator_degradation,1.0,actuator_degradation,actuator_degradation,diagnosed,Actuator performance degradation,57.8,0.92,f8f8885fd67e53c01402fa06d4e63457c7086d449d66f3271ae4f6aead3d108e,11.8066
holdout,2,1.03,106,sensor_drift,0.0,normal,normal,normal,No actionable deviation,100.0,0.92,ef2ec26134a30a9a9be699f0415daf53e0da8537f45be4e24e4876fb419dd9f7,12.3914
holdout,2,1.03,106,sensor_drift,0.25,sensor_drift,normal,normal,No actionable deviation,98.5,0.92,481b187b1c212d6aa5528aaf5868845771e0c950093ef694c8e68f8e06cb4961,12.0345
holdout,2,1.03,106,sensor_drift,0.5,sensor_drift,sensor_drift,diagnosed,Position sensor drift / process inconsistency,97.4,0.65,7db8e29b3d52bd78cfd93e240de482ee61ac0a88424027a0c07e4c5671e6d78c,12.4225
holdout,2,1.03,106,sensor_drift,0.75,sensor_drift,sensor_drift,diagnosed,Position sensor drift / process inconsistency,96.3,0.66,fd9080b2c2bec0c74af7db80bea35278a5c77f55e1160f0a7467f9e36e207a76,11.8039
holdout,2,1.03,106,sensor_drift,1.0,sensor_drift,sensor_drift,diagnosed,Position sensor drift / process inconsistency,95.0,0.67,5d06362ca13784c8d819851545d09e4de72cd5494837165a41bbfd9a0fa54074,11.8009
holdout,2,1.03,107,normal,0.0,normal,normal,normal,No actionable deviation,100.0,0.92,2ec5963318f2ac20cf40043a551beb6083a71554b31fbe826cbcf17b8ac7b13c,11.8838
holdout,2,1.03,107,normal,0.25,normal,normal,normal,No actionable deviation,100.0,0.92,2ec5963318f2ac20cf40043a551beb6083a71554b31fbe826cbcf17b8ac7b13c,11.7657
holdout,2,1.03,107,normal,0.5,normal,normal,normal,No actionable deviation,100.0,0.92,2ec5963318f2ac20cf40043a551beb6083a71554b31fbe826cbcf17b8ac7b13c,11.8419
holdout,2,1.03,107,normal,0.75,normal,normal,normal,No actionable deviation,100.0,0.92,2ec5963318f2ac20cf40043a551beb6083a71554b31fbe826cbcf17b8ac7b13c,11.9432
holdout,2,1.03,107,normal,1.0,normal,normal,normal,No actionable deviation,100.0,0.92,2ec5963318f2ac20cf40043a551beb6083a71554b31fbe826cbcf17b8ac7b13c,11.8093
holdout,2,1.03,107,friction,0.0,normal,normal,normal,No actionable deviation,100.0,0.92,2ec5963318f2ac20cf40043a551beb6083a71554b31fbe826cbcf17b8ac7b13c,12.0076
holdout,2,1.03,107,friction,0.25,friction,normal,normal,No actionable deviation,95.4,0.92,db719a9e1c2b4eec7d61ea3f15224371d98b83075dc7ec184a082bb63b65d74d,12.1464
holdout,2,1.03,107,friction,0.5,friction,friction,diagnosed,Friction growth,91.1,0.7,d03a5e89aa427198ff211b1ce0653fed024b9c85e41a7ab93476ced604eaaae7,12.3641
holdout,2,1.03,107,friction,0.75,friction,friction,diagnosed,Friction growth,85.5,0.73,ece2c00b41a24541caac2ea6859e5961f6383efee97d760a1fb0ccb87fd046d3,12.4058
holdout,2,1.03,107,friction,1.0,friction,friction,diagnosed,Friction growth,78.1,0.77,a1e49b6a06449a87d65a8cceadca089825551b2957372e165053daa7f8b6d61f,12.3618
holdout,2,1.03,107,stiction,0.0,normal,normal,normal,No actionable deviation,100.0,0.92,2ec5963318f2ac20cf40043a551beb6083a71554b31fbe826cbcf17b8ac7b13c,12.1154
holdout,2,1.03,107,stiction,0.25,stiction,stiction,diagnosed,Persistent localized stiction,38.4,0.92,34fec6ddb7eed2070ca226fc732dd613b0ce82d0f97845883795072f1d238fd3,12.2078
holdout,2,1.03,107,stiction,0.5,stiction,stiction,diagnosed,Persistent localized stiction,34.4,0.92,b490566742820f7781c6aee7c13aa1f691a4c6ebc1ccdd50db9cc8ecbfd960ff,12.3493
holdout,2,1.03,107,stiction,0.75,stiction,stiction,diagnosed,Persistent localized stiction,33.1,0.92,a9db3c1efd77e838b08eb8137f72997474aedcf2edb7bf30e69cc3a048003a97,11.9688
holdout,2,1.03,107,stiction,1.0,stiction,stiction,diagnosed,Persistent localized stiction,32.3,0.92,6129adb2c55dcec51a3cf9e9e0fc36f9081ef6a2f0cbc51a8f80e36a4ecb59f6,12.1359
holdout,2,1.03,107,obstruction,0.0,normal,normal,normal,No actionable deviation,100.0,0.92,2ec5963318f2ac20cf40043a551beb6083a71554b31fbe826cbcf17b8ac7b13c,12.2266
holdout,2,1.03,107,obstruction,0.25,obstruction,obstruction,diagnosed,Travel obstruction or persistent stiction,71.5,0.8,9cc0b9a8ea956af84a1eae31953ad170f315abcd377e135a4c4f778a6e3b727d,12.2967
holdout,2,1.03,107,obstruction,0.5,obstruction,obstruction,diagnosed,Travel obstruction or persistent stiction,55.7,0.84,5e76f0402b7f52fe7c8bb2a95757a8fb246ff5d850294cd00268ea8e0dfc3964,12.0676
holdout,2,1.03,107,obstruction,0.75,obstruction,obstruction,diagnosed,Travel obstruction or persistent stiction,42.8,0.92,9564b68ccbfc9fbf678dc8b81f0ea88627916cef5695637d3082d65d6bcebdca,12.1961
holdout,2,1.03,107,obstruction,1.0,obstruction,obstruction,diagnosed,Travel obstruction or persistent stiction,32.2,0.92,142aac14d17c430badc1b75fb88f053d4e899bd55658bb3feccd76558886f285,12.2588
holdout,2,1.03,107,actuator_degradation,0.0,normal,normal,normal,No actionable deviation,100.0,0.92,2ec5963318f2ac20cf40043a551beb6083a71554b31fbe826cbcf17b8ac7b13c,12.2932
holdout,2,1.03,107,actuator_degradation,0.25,actuator_degradation,actuator_degradation,diagnosed,Actuator performance degradation,96.8,0.68,a348a10690c33b0618143075db83412644f4fc99785c387c2a15f72bf2b96cf4,12.0062
holdout,2,1.03,107,actuator_degradation,0.5,actuator_degradation,actuator_degradation,diagnosed,Actuator performance degradation,90.6,0.76,832878371aca57cc97ecf782f58d33c3d6fcf90cf96c7b0bf5186925e2ecf6b3,12.0184
holdout,2,1.03,107,actuator_degradation,0.75,actuator_degradation,actuator_degradation,diagnosed,Actuator performance degradation,71.6,0.81,ed5b5cc74ea04ba6973f17c1b64493d27218a175a2d6339790607b05fd23c6c7,12.1876
holdout,2,1.03,107,actuator_degradation,1.0,actuator_degradation,actuator_degradation,diagnosed,Actuator performance degradation,57.8,0.92,3e3dbda4f09e8019f46f3446313a508321074cc028d4d274f619916b6fdffa7a,12.5747
holdout,2,1.03,107,sensor_drift,0.0,normal,normal,normal,No actionable deviation,100.0,0.92,2ec5963318f2ac20cf40043a551beb6083a71554b31fbe826cbcf17b8ac7b13c,13.0887
holdout,2,1.03,107,sensor_drift,0.25,sensor_drift,normal,normal,No actionable deviation,98.5,0.92,92127fee87b8b4c647bd383d8af1a6985b077f9f9e8a4c41e2f2e5e10cccfc1d,12.2541
holdout,2,1.03,107,sensor_drift,0.5,sensor_drift,sensor_drift,diagnosed,Position sensor drift / process inconsistency,97.4,0.65,3859e91dc0e6943aabb5c1029026fb592913ad7345b01c89fe6a7caa639671c0,15.8324
holdout,2,1.03,107,sensor_drift,0.75,sensor_drift,sensor_drift,diagnosed,Position sensor drift / process inconsistency,96.1,0.66,8d982fcb926f40a5f798a9cc6a06aa1287800fc75cf0400c578c806172582383,12.0656
holdout,2,1.03,107,sensor_drift,1.0,sensor_drift,sensor_drift,diagnosed,Position sensor drift / process inconsistency,94.8,0.67,b5b7840900d8c9e19824049735fa0a1622764935f7c1e580b945a97fc13eb12d,12.0327
holdout,2,1.03,108,normal,0.0,normal,normal,normal,No actionable deviation,100.0,0.92,6248c53bf88343ace39b5ea617ef3e5f5ca27148010bd73ab1fd81ef563c2e70,12.0315
holdout,2,1.03,108,normal,0.25,normal,normal,normal,No actionable deviation,100.0,0.92,6248c53bf88343ace39b5ea617ef3e5f5ca27148010bd73ab1fd81ef563c2e70,11.8249
holdout,2,1.03,108,normal,0.5,normal,normal,normal,No actionable deviation,100.0,0.92,6248c53bf88343ace39b5ea617ef3e5f5ca27148010bd73ab1fd81ef563c2e70,11.9519
holdout,2,1.03,108,normal,0.75,normal,normal,normal,No actionable deviation,100.0,0.92,6248c53bf88343ace39b5ea617ef3e5f5ca27148010bd73ab1fd81ef563c2e70,11.9991
holdout,2,1.03,108,normal,1.0,normal,normal,normal,No actionable deviation,100.0,0.92,6248c53bf88343ace39b5ea617ef3e5f5ca27148010bd73ab1fd81ef563c2e70,11.9455
holdout,2,1.03,108,friction,0.0,normal,normal,normal,No actionable deviation,100.0,0.92,6248c53bf88343ace39b5ea617ef3e5f5ca27148010bd73ab1fd81ef563c2e70,11.9363
holdout,2,1.03,108,friction,0.25,friction,normal,normal,No actionable deviation,95.4,0.92,083960ac5e0c076f9cabb05bab15d5e35e555506bedb03e14f58c3af1a54dace,14.4112
holdout,2,1.03,108,friction,0.5,friction,friction,diagnosed,Friction growth,91.2,0.7,c9e3f57a71292a5ba3f76e37c742fbdceb502982519fd660a5be688b1cbc5c5d,12.9154
holdout,2,1.03,108,friction,0.75,friction,friction,diagnosed,Friction growth,85.2,0.74,b3c17b4fda16cbd473c4338a926a7925be3e196689e27a6d1f49ba37d2ba9672,12.7666
holdout,2,1.03,108,friction,1.0,friction,friction,diagnosed,Friction growth,78.2,0.77,5f58c11d557a1afd00a75e65cb2e0aaf907aeecd1d0295667775d2e5fa66e1d4,12.7113
holdout,2,1.03,108,stiction,0.0,normal,normal,normal,No actionable deviation,100.0,0.92,6248c53bf88343ace39b5ea617ef3e5f5ca27148010bd73ab1fd81ef563c2e70,11.8459
holdout,2,1.03,108,stiction,0.25,stiction,stiction,diagnosed,Persistent localized stiction,38.7,0.92,225159ad9564acaad7499a76856645572140194bfde6f5ddc73558b312a61b1b,11.8671
holdout,2,1.03,108,stiction,0.5,stiction,stiction,diagnosed,Persistent localized stiction,34.5,0.92,c01f42e1a018a49a28c4089cb5cc963061575f4c3ad8b9a338fb5279bb22f058,12.1614
holdout,2,1.03,108,stiction,0.75,stiction,stiction,diagnosed,Persistent localized stiction,33.3,0.92,27773c7e821be62a9d264ff2194c56b8682a25301c9b4434c5baaf40de72b2d7,12.3515
holdout,2,1.03,108,stiction,1.0,stiction,stiction,diagnosed,Persistent localized stiction,32.5,0.92,cbaf717c2eb1505a8f8b14713b5021bf4a10a91f266021b1241cd709d1055f56,12.2196
holdout,2,1.03,108,obstruction,0.0,normal,normal,normal,No actionable deviation,100.0,0.92,6248c53bf88343ace39b5ea617ef3e5f5ca27148010bd73ab1fd81ef563c2e70,12.1364
holdout,2,1.03,108,obstruction,0.25,obstruction,obstruction,diagnosed,Travel obstruction or persistent stiction,71.5,0.8,4e07946a28632721bcd4b8d209581afefd1c7850045572ff540889f64fc52c26,11.7603
holdout,2,1.03,108,obstruction,0.5,obstruction,obstruction,diagnosed,Travel obstruction or persistent stiction,54.9,0.84,b3ecf9ccb5cdfdeb2a5961b0d7fcd709ec35cc297e0724aa1ecd0ccb02be70be,11.9028
holdout,2,1.03,108,obstruction,0.75,obstruction,obstruction,diagnosed,Travel obstruction or persistent stiction,42.8,0.92,b6aa9e275f7504b1eecf06f86eb3829a1ae4736492e11d2290cc08d7b91567a3,11.855
holdout,2,1.03,108,obstruction,1.0,obstruction,obstruction,diagnosed,Travel obstruction or persistent stiction,32.3,0.92,5bae6777f18d96270eea8425dbf7a56335264f9ad579eac1452904484d9bdb21,11.8472
holdout,2,1.03,108,actuator_degradation,0.0,normal,normal,normal,No actionable deviation,100.0,0.92,6248c53bf88343ace39b5ea617ef3e5f5ca27148010bd73ab1fd81ef563c2e70,11.7795
holdout,2,1.03,108,actuator_degradation,0.25,actuator_degradation,actuator_degradation,diagnosed,Actuator performance degradation,96.8,0.68,931bef3cef65c864e8156bbff6c68624d2756d230a69a27383a696ae47c65ab9,12.1073
holdout,2,1.03,108,actuator_degradation,0.5,actuator_degradation,actuator_degradation,diagnosed,Actuator performance degradation,90.8,0.76,f2bba35a1a59cf6818f992b0137eeb17a47ff8892b0e57aaee22573b04257e0b,11.8197
holdout,2,1.03,108,actuator_degradation,0.75,actuator_degradation,actuator_degradation,diagnosed,Actuator performance degradation,71.6,0.81,daf6db2b75c0048929b951ea2fab7b1eb39223abc9a88e72a87fee88fb63c6db,12.0136
holdout,2,1.03,108,actuator_degradation,1.0,actuator_degradation,actuator_degradation,diagnosed,Actuator performance degradation,58.0,0.92,30551ebb35c33aca778f9358afbf2b388d8db05b0ee6f3bb6da63826ec653556,11.8286
holdout,2,1.03,108,sensor_drift,0.0,normal,normal,normal,No actionable deviation,100.0,0.92,6248c53bf88343ace39b5ea617ef3e5f5ca27148010bd73ab1fd81ef563c2e70,11.6548
holdout,2,1.03,108,sensor_drift,0.25,sensor_drift,normal,normal,No actionable deviation,98.5,0.92,92d8c909ef1f239d112950b693c45e085fafdaefa523d6096a3d78f6ce1ce2f9,11.9355
holdout,2,1.03,108,sensor_drift,0.5,sensor_drift,sensor_drift,diagnosed,Position sensor drift / process inconsistency,97.2,0.65,23a06ba7f06c67efef2d016c8bfd0c32e519f7afe67ec42f8171abd4710f9ee8,11.8118
holdout,2,1.03,108,sensor_drift,0.75,sensor_drift,sensor_drift,diagnosed,Position sensor drift / process inconsistency,96.0,0.66,ca440e55bf70f28a6066f2c735fc4573294db0b121022e5fe43b79996aeb1f48,11.8931
holdout,2,1.03,108,sensor_drift,1.0,sensor_drift,sensor_drift,diagnosed,Position sensor drift / process inconsistency,94.9,0.67,348c1840847fea2f75100aef866c92211e56731cf43b7bc562567801f5adc436,11.8131
holdout,2,1.03,109,normal,0.0,normal,normal,normal,No actionable deviation,100.0,0.92,38f6ff78ae96ce02ee2511923c4c1fdedb693a303ae8a053e01bfdd0f4581b3e,11.8288
holdout,2,1.03,109,normal,0.25,normal,normal,normal,No actionable deviation,100.0,0.92,38f6ff78ae96ce02ee2511923c4c1fdedb693a303ae8a053e01bfdd0f4581b3e,11.6966
holdout,2,1.03,109,normal,0.5,normal,normal,normal,No actionable deviation,100.0,0.92,38f6ff78ae96ce02ee2511923c4c1fdedb693a303ae8a053e01bfdd0f4581b3e,11.8924
holdout,2,1.03,109,normal,0.75,normal,normal,normal,No actionable deviation,100.0,0.92,38f6ff78ae96ce02ee2511923c4c1fdedb693a303ae8a053e01bfdd0f4581b3e,11.6934
holdout,2,1.03,109,normal,1.0,normal,normal,normal,No actionable deviation,100.0,0.92,38f6ff78ae96ce02ee2511923c4c1fdedb693a303ae8a053e01bfdd0f4581b3e,12.2131
holdout,2,1.03,109,friction,0.0,normal,normal,normal,No actionable deviation,100.0,0.92,38f6ff78ae96ce02ee2511923c4c1fdedb693a303ae8a053e01bfdd0f4581b3e,12.1026
holdout,2,1.03,109,friction,0.25,friction,normal,normal,No actionable deviation,95.5,0.92,6f9265d5983107a66095a0f45171afb39ee5ac3e40fea082772d3bbb19b1eeab,12.3178
holdout,2,1.03,109,friction,0.5,friction,friction,diagnosed,Friction growth,91.2,0.7,8945f768d372be6b9238af160dd618d5558b10b274a132dde0424e60ba2fe865,12.1299
holdout,2,1.03,109,friction,0.75,friction,friction,diagnosed,Friction growth,85.3,0.74,39cf43b4bfe9ebb1e9d307bd9510556926237f8f632fbe7e59ca595065971fc5,12.0723
holdout,2,1.03,109,friction,1.0,friction,friction,diagnosed,Friction growth,78.3,0.77,b4349265234b364021be535dfab3487fe180959f7431a8cf7279da1fb1bc489c,12.1001
holdout,2,1.03,109,stiction,0.0,normal,normal,normal,No actionable deviation,100.0,0.92,38f6ff78ae96ce02ee2511923c4c1fdedb693a303ae8a053e01bfdd0f4581b3e,11.8964
holdout,2,1.03,109,stiction,0.25,stiction,stiction,diagnosed,Persistent localized stiction,38.4,0.92,2c5349813c5d06ef85190106ca46dc145029d86ab7a4ab3f359c2c48228584da,12.0652
holdout,2,1.03,109,stiction,0.5,stiction,stiction,diagnosed,Persistent localized stiction,34.4,0.92,20ceb94fc9fc4d0cd8a06dab0aa1585d8439e6430b0499d5882e1226bfaac4e5,12.2636
holdout,2,1.03,109,stiction,0.75,stiction,stiction,diagnosed,Persistent localized stiction,33.1,0.92,24eb1c557e944f6a4ac17580272b5adc0450ada6350b80337da18bd3863579a1,12.2414
holdout,2,1.03,109,stiction,1.0,stiction,stiction,diagnosed,Persistent localized stiction,32.3,0.92,d869ab232fc659b40d815351d20dac8414adfb2aef96d7263e98a7089874ebfa,12.228
holdout,2,1.03,109,obstruction,0.0,normal,normal,normal,No actionable deviation,100.0,0.92,38f6ff78ae96ce02ee2511923c4c1fdedb693a303ae8a053e01bfdd0f4581b3e,12.211
holdout,2,1.03,109,obstruction,0.25,obstruction,obstruction,diagnosed,Travel obstruction or persistent stiction,71.7,0.8,050fe80c8c42e2ed87f27b1fcd7899c9d56ee8f82888797ae5f16b5f290c3d35,12.2894
holdout,2,1.03,109,obstruction,0.5,obstruction,obstruction,diagnosed,Travel obstruction or persistent stiction,55.4,0.84,1f95f3feb69fae73aecf1a701c22b9d5ec8e3ba5eee1279ebfbbffad9ec5d71e,12.0294
holdout,2,1.03,109,obstruction,0.75,obstruction,obstruction,diagnosed,Travel obstruction or persistent stiction,42.4,0.92,1eac51b18975357079ef280966d3461d68a4ca13c890b6cc90b1ba179de00653,12.0443
holdout,2,1.03,109,obstruction,1.0,obstruction,obstruction,diagnosed,Travel obstruction or persistent stiction,32.4,0.92,21a5e9eeefacc3d12ad1a3946fc66d7a2a94ee1b9f68255e31c12e2e5eb61072,12.1963
holdout,2,1.03,109,actuator_degradation,0.0,normal,normal,normal,No actionable deviation,100.0,0.92,38f6ff78ae96ce02ee2511923c4c1fdedb693a303ae8a053e01bfdd0f4581b3e,11.913
holdout,2,1.03,109,actuator_degradation,0.25,actuator_degradation,actuator_degradation,diagnosed,Actuator performance degradation,96.8,0.68,c8c41ca47062f323104352aa12acd4f3fd6891120539eaa310c022e0c28654df,11.8857
holdout,2,1.03,109,actuator_degradation,0.5,actuator_degradation,actuator_degradation,diagnosed,Actuator performance degradation,90.8,0.76,9d1d5ea14a5282270ccdb29ded57692b9e7c6fd5f3f15a54c9f0d5076049a043,12.047
holdout,2,1.03,109,actuator_degradation,0.75,actuator_degradation,actuator_degradation,diagnosed,Actuator performance degradation,71.7,0.81,fc202d099f3fdadbbf7ac037d28c93360137544c7ac71efc333cb892030ddcd3,12.0877
holdout,2,1.03,109,actuator_degradation,1.0,actuator_degradation,actuator_degradation,diagnosed,Actuator performance degradation,57.6,0.92,36d983579f27c261aab508d02a94250cedf23046f098c99d255086ef7be005df,12.2401
holdout,2,1.03,109,sensor_drift,0.0,normal,normal,normal,No actionable deviation,100.0,0.92,38f6ff78ae96ce02ee2511923c4c1fdedb693a303ae8a053e01bfdd0f4581b3e,12.1569
holdout,2,1.03,109,sensor_drift,0.25,sensor_drift,normal,normal,No actionable deviation,98.6,0.92,0e3a280f13850a85a50ccf47ddadfe55093a4daddd870c6a267ae6a3fe672047,12.2897
holdout,2,1.03,109,sensor_drift,0.5,sensor_drift,sensor_drift,diagnosed,Position sensor drift / process inconsistency,97.4,0.65,a1b8838a60f434373fbb7423165f59b8b2f1847976f9914ff1c62f8435f0f516,11.9574
holdout,2,1.03,109,sensor_drift,0.75,sensor_drift,sensor_drift,diagnosed,Position sensor drift / process inconsistency,96.0,0.66,bfb840f3961600a4fa15b44f9631181b88503e7aa53274d07b510369fe14b238,11.8825
holdout,2,1.03,109,sensor_drift,1.0,sensor_drift,sensor_drift,diagnosed,Position sensor drift / process inconsistency,95.0,0.67,5d933c62a850f1b70846ea373bbb816949c9d44f2fed039fa1a0a3772be31f16,12.1189
holdout,3,1.21,100,normal,0.0,normal,normal,normal,No actionable deviation,100.0,0.92,f0c7f7a666bb495d09861c8f23d20aa6add9330986e949c2d39affa7775dd446,12.2304
holdout,3,1.21,100,normal,0.25,normal,normal,normal,No actionable deviation,100.0,0.92,f0c7f7a666bb495d09861c8f23d20aa6add9330986e949c2d39affa7775dd446,12.0349
holdout,3,1.21,100,normal,0.5,normal,normal,normal,No actionable deviation,100.0,0.92,f0c7f7a666bb495d09861c8f23d20aa6add9330986e949c2d39affa7775dd446,12.0927
holdout,3,1.21,100,normal,0.75,normal,normal,normal,No actionable deviation,100.0,0.92,f0c7f7a666bb495d09861c8f23d20aa6add9330986e949c2d39affa7775dd446,11.7895
holdout,3,1.21,100,normal,1.0,normal,normal,normal,No actionable deviation,100.0,0.92,f0c7f7a666bb495d09861c8f23d20aa6add9330986e949c2d39affa7775dd446,11.9855
holdout,3,1.21,100,friction,0.0,normal,normal,normal,No actionable deviation,100.0,0.92,f0c7f7a666bb495d09861c8f23d20aa6add9330986e949c2d39affa7775dd446,11.7563
holdout,3,1.21,100,friction,0.25,friction,normal,normal,No actionable deviation,94.1,0.92,f08d0c33e3c1fa1adc0b81b3b9ef900e84342cf71ed4c9d9c2afe3c79fb88e5e,12.2509
holdout,3,1.21,100,friction,0.5,friction,friction,diagnosed,Friction growth,86.8,0.71,61b5b0c9ab8fe11fe01436118a2f838053dd4524f59bc0bdf3d7b72d31170f64,12.725
holdout,3,1.21,100,friction,0.75,friction,friction,diagnosed,Friction growth,77.0,0.76,951efd79a334008b3e357fa58cde60aabc539d0f2ecd4bba047fd1d171fb1aea,12.7811
holdout,3,1.21,100,friction,1.0,friction,friction,diagnosed,Friction growth,66.4,0.8,4b4bae41f632a1c70c02f8c4cd89d3a133e0db5235e44613a3935c2e4e352daa,12.3302
holdout,3,1.21,100,stiction,0.0,normal,normal,normal,No actionable deviation,100.0,0.92,f0c7f7a666bb495d09861c8f23d20aa6add9330986e949c2d39affa7775dd446,12.2058
holdout,3,1.21,100,stiction,0.25,stiction,stiction,diagnosed,Persistent localized stiction,40.4,0.92,378f39d4419c48fecd8a07a76b96c11d8aa7060e3a3fe80f03ab1cc2cab9e520,12.1
holdout,3,1.21,100,stiction,0.5,stiction,stiction,diagnosed,Persistent localized stiction,37.5,0.92,4c8721aa7752ae027b5d67c0b6ab46f4cca05e80eb086f536035bd610dd4edf3,13.2031
holdout,3,1.21,100,stiction,0.75,stiction,stiction,diagnosed,Persistent localized stiction,36.5,0.92,8b4897350e7ec943e1588ea998b024c3ffebfa3db43f715f308473a3132cab29,16.4169
holdout,3,1.21,100,stiction,1.0,stiction,stiction,diagnosed,Persistent localized stiction,35.8,0.92,f6b387519534fe0ec6bc7598cf3628abed0fed355ced337db05f5989ed245d21,12.2408
holdout,3,1.21,100,obstruction,0.0,normal,normal,normal,No actionable deviation,100.0,0.92,f0c7f7a666bb495d09861c8f23d20aa6add9330986e949c2d39affa7775dd446,11.8932
holdout,3,1.21,100,obstruction,0.25,obstruction,obstruction,diagnosed,Travel obstruction or persistent stiction,77.0,0.73,ccdc4536f50fc6b64f026ccddf75fdd13d5d5c29deb8b9687a3a7a34e283a4be,12.3129
holdout,3,1.21,100,obstruction,0.5,obstruction,obstruction,diagnosed,Travel obstruction or persistent stiction,62.6,0.84,475d72ff14a9bee62d639d263b80b98584b30e8eb26dfc956c89eaa74cfba8b7,12.485
holdout,3,1.21,100,obstruction,0.75,obstruction,obstruction,diagnosed,Travel obstruction or persistent stiction,47.7,0.92,2eb414a787e5a4133c3e0800ef22e7395791df5413af57ba3d7c575093474b0c,11.7954
holdout,3,1.21,100,obstruction,1.0,obstruction,obstruction,diagnosed,Travel obstruction or persistent stiction,37.4,0.92,55d58afff9cc726de2fb7d5fc12d30f5b24d0c9e453f44a99662b7eb12753952,12.156
holdout,3,1.21,100,actuator_degradation,0.0,normal,normal,normal,No actionable deviation,100.0,0.92,f0c7f7a666bb495d09861c8f23d20aa6add9330986e949c2d39affa7775dd446,11.6517
holdout,3,1.21,100,actuator_degradation,0.25,actuator_degradation,actuator_degradation,diagnosed,Actuator performance degradation,96.1,0.68,d8d489109202271f171ea634020c874b1778bfdd75b32dd9d0ed7b4623bcc199,11.8941
holdout,3,1.21,100,actuator_degradation,0.5,actuator_degradation,actuator_degradation,diagnosed,Actuator performance degradation,83.2,0.73,138da1b7fb9293d12a565b1161aa24ff48dd611816e31c2b85617d4e27609e34,11.9814
holdout,3,1.21,100,actuator_degradation,0.75,actuator_degradation,actuator_degradation,diagnosed,Actuator performance degradation,66.4,0.92,e1e3db8205432c7672fa2001c5b1e68d9c4b59812fcf0c0720b6b952409ba63d,11.8108
holdout,3,1.21,100,actuator_degradation,1.0,actuator_degradation,actuator_degradation,diagnosed,Actuator performance degradation,60.5,0.92,761422d347499c9d4c54a80651bcce8b999b944a5c896b320bb97ce52038bab6,11.824
holdout,3,1.21,100,sensor_drift,0.0,normal,normal,normal,No actionable deviation,100.0,0.92,f0c7f7a666bb495d09861c8f23d20aa6add9330986e949c2d39affa7775dd446,11.6496
holdout,3,1.21,100,sensor_drift,0.25,sensor_drift,normal,normal,No actionable deviation,98.5,0.92,f10e451497272020ab3b56ca7be57fe8145c0d0dba396e97e9f32ee453e14920,11.6937
holdout,3,1.21,100,sensor_drift,0.5,sensor_drift,sensor_drift,diagnosed,Position sensor drift / process inconsistency,97.0,0.65,d5001be97e4ddbcc62d84cc443178373700c636164dc86d4ee716e3528820dda,11.7276
holdout,3,1.21,100,sensor_drift,0.75,sensor_drift,sensor_drift,diagnosed,Position sensor drift / process inconsistency,95.7,0.67,3297b7d81b5bf2ea0ff63e149cf5acd15404c0b29177bca05c937b78b5dc21de,11.7073
holdout,3,1.21,100,sensor_drift,1.0,sensor_drift,sensor_drift,diagnosed,Position sensor drift / process inconsistency,94.3,0.68,4a025b07326830d01b2dd0cb8382b226bac832cb69ed7094adf6334d27e1bb9b,12.4472
holdout,3,1.21,101,normal,0.0,normal,normal,normal,No actionable deviation,100.0,0.92,448bfe954e3edc7bd17fbe8f55fa1b13b83734c1d4db940aa6e576b80c180d7f,12.5668
holdout,3,1.21,101,normal,0.25,normal,normal,normal,No actionable deviation,100.0,0.92,448bfe954e3edc7bd17fbe8f55fa1b13b83734c1d4db940aa6e576b80c180d7f,12.0872
holdout,3,1.21,101,normal,0.5,normal,normal,normal,No actionable deviation,100.0,0.92,448bfe954e3edc7bd17fbe8f55fa1b13b83734c1d4db940aa6e576b80c180d7f,12.3243
holdout,3,1.21,101,normal,0.75,normal,normal,normal,No actionable deviation,100.0,0.92,448bfe954e3edc7bd17fbe8f55fa1b13b83734c1d4db940aa6e576b80c180d7f,12.1593
holdout,3,1.21,101,normal,1.0,normal,normal,normal,No actionable deviation,100.0,0.92,448bfe954e3edc7bd17fbe8f55fa1b13b83734c1d4db940aa6e576b80c180d7f,12.4401
holdout,3,1.21,101,friction,0.0,normal,normal,normal,No actionable deviation,100.0,0.92,448bfe954e3edc7bd17fbe8f55fa1b13b83734c1d4db940aa6e576b80c180d7f,12.3865
holdout,3,1.21,101,friction,0.25,friction,normal,normal,No actionable deviation,94.4,0.92,4fdd3a1faf15623af1c87aba30f294b8a8a1e96cf55dcc80a8c0b30253ef77b6,12.2767
holdout,3,1.21,101,friction,0.5,friction,friction,diagnosed,Friction growth,87.0,0.71,2ee7ce165cb54beaeb8ce0e52d124ef244cc98821cf857dccb43e539824733d1,12.1163
holdout,3,1.21,101,friction,0.75,friction,friction,diagnosed,Friction growth,77.0,0.76,3e5389298f8a43f4699516638e23982b32017de4cb5b764f1c7fa9bb9c15f493,13.6284
holdout,3,1.21,101,friction,1.0,friction,friction,diagnosed,Friction growth,66.5,0.8,d1ca430ac75330207c3a07ff6afb6479d673770594c78ce4b36e06dd3b02b60b,13.7835
holdout,3,1.21,101,stiction,0.0,normal,normal,normal,No actionable deviation,100.0,0.92,448bfe954e3edc7bd17fbe8f55fa1b13b83734c1d4db940aa6e576b80c180d7f,12.7395
holdout,3,1.21,101,stiction,0.25,stiction,stiction,diagnosed,Persistent localized stiction,40.4,0.92,60f6f7cd91f2b8e934e376c96bfa1fa350e7b4967c45ca2ea78cc16be9ade332,13.1706
holdout,3,1.21,101,stiction,0.5,stiction,stiction,diagnosed,Persistent localized stiction,37.7,0.92,f74e60a6e5fd512a61c9c298ab7fe10358dc95354d32ea459d055e9feeef8369,13.0961
holdout,3,1.21,101,stiction,0.75,stiction,stiction,diagnosed,Persistent localized stiction,36.5,0.92,1a125f89988c3813d588d77308d3970713c8dfdd57ba6a8d419022f56c259797,12.0124
holdout,3,1.21,101,stiction,1.0,stiction,stiction,diagnosed,Persistent localized stiction,35.7,0.92,6ed900c106c7a7618809e34dd83289d73d629a1c1ab2216857c5ff4feead4840,12.0159
holdout,3,1.21,101,obstruction,0.0,normal,normal,normal,No actionable deviation,100.0,0.92,448bfe954e3edc7bd17fbe8f55fa1b13b83734c1d4db940aa6e576b80c180d7f,12.4233
holdout,3,1.21,101,obstruction,0.25,obstruction,obstruction,diagnosed,Travel obstruction or persistent stiction,77.1,0.73,29dc6da7f30ccdf1be72bd680af749ad0c41630b5d700bb1cdecab39eab24787,12.0005
holdout,3,1.21,101,obstruction,0.5,obstruction,obstruction,diagnosed,Travel obstruction or persistent stiction,62.7,0.84,cca46d3b2d9c687ddf78a856c0e8b2f0a92102a8af7a4fbc3b3d6db685820b0c,12.0189
holdout,3,1.21,101,obstruction,0.75,obstruction,obstruction,diagnosed,Travel obstruction or persistent stiction,47.6,0.92,7c846071c6094f4af88147211c03061d5ed77d265360287631201fc03a880e9e,12.3604
holdout,3,1.21,101,obstruction,1.0,obstruction,obstruction,diagnosed,Travel obstruction or persistent stiction,37.5,0.92,c0bdf47b7808bfaf4e05c17964ddcdd5ea90a7c3d9b98f5137d4886804c1f1c5,12.4207
holdout,3,1.21,101,actuator_degradation,0.0,normal,normal,normal,No actionable deviation,100.0,0.92,448bfe954e3edc7bd17fbe8f55fa1b13b83734c1d4db940aa6e576b80c180d7f,12.1174
holdout,3,1.21,101,actuator_degradation,0.25,actuator_degradation,actuator_degradation,diagnosed,Actuator performance degradation,96.4,0.67,a5ea4aea9fe7a051e07f52117d29f50554e09258852ccf75a227333a261bedb8,12.7462
holdout,3,1.21,101,actuator_degradation,0.5,actuator_degradation,actuator_degradation,diagnosed,Actuator performance degradation,83.3,0.73,b98c7ed4b5fffdf9cf9c224350adc6b6f0eef3504eaedaea60fa8d15e80c9633,13.8177
holdout,3,1.21,101,actuator_degradation,0.75,actuator_degradation,actuator_degradation,diagnosed,Actuator performance degradation,66.5,0.92,ba02889f33f934267a708e601dbd9a3ae16ad2c975bcc19b74874a129180c824,13.6561
holdout,3,1.21,101,actuator_degradation,1.0,actuator_degradation,actuator_degradation,diagnosed,Actuator performance degradation,60.9,0.92,e9093d3ac1a1fe8ab9211a810b1744a8540e698c99ade53e7da35d5400149023,14.1275
holdout,3,1.21,101,sensor_drift,0.0,normal,normal,normal,No actionable deviation,100.0,0.92,448bfe954e3edc7bd17fbe8f55fa1b13b83734c1d4db940aa6e576b80c180d7f,12.3463
holdout,3,1.21,101,sensor_drift,0.25,sensor_drift,normal,normal,No actionable deviation,98.5,0.92,27b88258f4bad3adf71098d0635a27d52ecac1243a762e2888ed6c7c88200cbb,12.3407
holdout,3,1.21,101,sensor_drift,0.5,sensor_drift,sensor_drift,diagnosed,Position sensor drift / process inconsistency,97.1,0.65,a5f9d2003dfbe1d78898a2c761fcf84541d2f405a2242439ab683221ffa8a1e8,12.3446
holdout,3,1.21,101,sensor_drift,0.75,sensor_drift,sensor_drift,diagnosed,Position sensor drift / process inconsistency,95.7,0.67,69312b98e468ef5fc488c65f63ef8ec20c9d044165fa491054fa7955d831a423,12.2912
holdout,3,1.21,101,sensor_drift,1.0,sensor_drift,sensor_drift,diagnosed,Position sensor drift / process inconsistency,94.5,0.68,d9ee5ea25faaa6310cac8ed4417e66989017026d1e1301d6194bd6b0e8e2abc8,12.3237
holdout,3,1.21,102,normal,0.0,normal,normal,normal,No actionable deviation,100.0,0.92,9baffd4a5e8a4ae26ebc5d25f023aa598f979b8c4096d7fe78e6fb9eefeee1ac,12.7474
holdout,3,1.21,102,normal,0.25,normal,normal,normal,No actionable deviation,100.0,0.92,9baffd4a5e8a4ae26ebc5d25f023aa598f979b8c4096d7fe78e6fb9eefeee1ac,12.8093
holdout,3,1.21,102,normal,0.5,normal,normal,normal,No actionable deviation,100.0,0.92,9baffd4a5e8a4ae26ebc5d25f023aa598f979b8c4096d7fe78e6fb9eefeee1ac,12.9538
holdout,3,1.21,102,normal,0.75,normal,normal,normal,No actionable deviation,100.0,0.92,9baffd4a5e8a4ae26ebc5d25f023aa598f979b8c4096d7fe78e6fb9eefeee1ac,11.8715
holdout,3,1.21,102,normal,1.0,normal,normal,normal,No actionable deviation,100.0,0.92,9baffd4a5e8a4ae26ebc5d25f023aa598f979b8c4096d7fe78e6fb9eefeee1ac,11.9027
holdout,3,1.21,102,friction,0.0,normal,normal,normal,No actionable deviation,100.0,0.92,9baffd4a5e8a4ae26ebc5d25f023aa598f979b8c4096d7fe78e6fb9eefeee1ac,11.9024
holdout,3,1.21,102,friction,0.25,friction,normal,normal,No actionable deviation,94.1,0.92,da16c14c814671ddb647f7594d2208fdb8dfd074615711fbd74d151deeff3281,11.8394
holdout,3,1.21,102,friction,0.5,friction,friction,diagnosed,Friction growth,86.6,0.71,b15767712d7ac1a756f58fd07adefad94d288721cdf15828839e99a3697f508a,11.9336
holdout,3,1.21,102,friction,0.75,friction,friction,diagnosed,Friction growth,76.7,0.76,266b3350cd2f3dc5b2a2853c52d89691cd652c6e580846e6f76d28bd9ecdef50,12.3975
holdout,3,1.21,102,friction,1.0,friction,friction,diagnosed,Friction growth,66.3,0.8,81660e2995cae7093c79433cc5190c49c2551b5d794c3095f290034c8468d832,12.0503
holdout,3,1.21,102,stiction,0.0,normal,normal,normal,No actionable deviation,100.0,0.92,9baffd4a5e8a4ae26ebc5d25f023aa598f979b8c4096d7fe78e6fb9eefeee1ac,11.9584
holdout,3,1.21,102,stiction,0.25,stiction,stiction,diagnosed,Persistent localized stiction,40.4,0.92,16395d0b60f5b57bc236525511a9fa7ad94527108467e58c13d5775bc8c9302c,11.9566
holdout,3,1.21,102,stiction,0.5,stiction,stiction,diagnosed,Persistent localized stiction,37.6,0.92,f4eaf1e9fdf89d3507c9713752299ea827b12eaf6e6eff98caaeea79e1e4c205,13.1484
holdout,3,1.21,102,stiction,0.75,stiction,stiction,diagnosed,Persistent localized stiction,36.4,0.92,da0c27264f96229ff27fac75a79e0e55bb2bb9c991aa865893966829aa84d161,12.6765
holdout,3,1.21,102,stiction,1.0,stiction,stiction,diagnosed,Persistent localized stiction,35.7,0.92,7584286cad8642e9abe4f357305aa003077b26143b9ae111d4e8b87cb2dd9883,13.8023
holdout,3,1.21,102,obstruction,0.0,normal,normal,normal,No actionable deviation,100.0,0.92,9baffd4a5e8a4ae26ebc5d25f023aa598f979b8c4096d7fe78e6fb9eefeee1ac,13.06
holdout,3,1.21,102,obstruction,0.25,obstruction,obstruction,diagnosed,Travel obstruction or persistent stiction,77.2,0.73,a1974dabfdd30997694673344f9bf5a15045d6c58ce2c3e06c7052ae9542f518,13.7718
holdout,3,1.21,102,obstruction,0.5,obstruction,obstruction,diagnosed,Travel obstruction or persistent stiction,62.8,0.84,b480c75266199a9d044baaab41911e9adc5cbd961c076af231acf9eeac542982,12.4394
holdout,3,1.21,102,obstruction,0.75,obstruction,obstruction,diagnosed,Travel obstruction or persistent stiction,48.1,0.92,5033262e1a80792910f1ee2459f83785523c58b8148a2747c29dcf36f7a6af1a,12.2041
holdout,3,1.21,102,obstruction,1.0,obstruction,obstruction,diagnosed,Travel obstruction or persistent stiction,37.5,0.92,5980b184791e372682342fd4b68fac483822ccefecd3c33384d94f5c4ea3b20f,12.2639
holdout,3,1.21,102,actuator_degradation,0.0,normal,normal,normal,No actionable deviation,100.0,0.92,9baffd4a5e8a4ae26ebc5d25f023aa598f979b8c4096d7fe78e6fb9eefeee1ac,12.2077
holdout,3,1.21,102,actuator_degradation,0.25,actuator_degradation,actuator_degradation,diagnosed,Actuator performance degradation,96.0,0.68,83a6f2134b88ed5316994ed7abb9031538d8edef6b6c73983ab963fff955ab6c,12.3591
holdout,3,1.21,102,actuator_degradation,0.5,actuator_degradation,actuator_degradation,diagnosed,Actuator performance degradation,83.1,0.73,bb6339b21aabe25437ab375b0035440da1a3f867c7e7f2ee4f87b203ba862556,12.0321
holdout,3,1.21,102,actuator_degradation,0.75,actuator_degradation,actuator_degradation,diagnosed,Actuator performance degradation,66.4,0.92,87bb381b190590cd1ef5e105a04ade2089b570d2c77b938e0e8f7362aa9499f4,12.0744
holdout,3,1.21,102,actuator_degradation,1.0,actuator_degradation,actuator_degradation,diagnosed,Actuator performance degradation,60.7,0.92,458549cd7701f3f727672c0a8292895635d04f171ed3b01126e6741aeac8554b,12.3551
holdout,3,1.21,102,sensor_drift,0.0,normal,normal,normal,No actionable deviation,100.0,0.92,9baffd4a5e8a4ae26ebc5d25f023aa598f979b8c4096d7fe78e6fb9eefeee1ac,11.9811
holdout,3,1.21,102,sensor_drift,0.25,sensor_drift,normal,normal,No actionable deviation,98.6,0.92,b73f900e689bd49958ecab7d7249d4bf9cd2efd35d5c774451bbc7b74793294d,11.9531
holdout,3,1.21,102,sensor_drift,0.5,sensor_drift,sensor_drift,diagnosed,Position sensor drift / process inconsistency,97.2,0.65,d02e2f836d146a9f0d73a333f39982dd49ca5931ca11e6ae3ce7d6b418c04b68,12.1029
holdout,3,1.21,102,sensor_drift,0.75,sensor_drift,sensor_drift,diagnosed,Position sensor drift / process inconsistency,95.8,0.66,27bd1b6a0ebb0ccc186a47987877b3227a319e8821cc51d6f025bbfc84678f95,11.7408
holdout,3,1.21,102,sensor_drift,1.0,sensor_drift,sensor_drift,diagnosed,Position sensor drift / process inconsistency,94.5,0.68,1df4e9662443091cd885024309cae4cd90426ea0bd45df3718a65eaed37d7410,11.8176
holdout,3,1.21,103,normal,0.0,normal,normal,normal,No actionable deviation,100.0,0.92,808ec2500f63d22e0a1bafc3ddf0f7a6d52bcb89539ef3fc74f9eb9e2edc4151,12.429
holdout,3,1.21,103,normal,0.25,normal,normal,normal,No actionable deviation,100.0,0.92,808ec2500f63d22e0a1bafc3ddf0f7a6d52bcb89539ef3fc74f9eb9e2edc4151,11.7049
holdout,3,1.21,103,normal,0.5,normal,normal,normal,No actionable deviation,100.0,0.92,808ec2500f63d22e0a1bafc3ddf0f7a6d52bcb89539ef3fc74f9eb9e2edc4151,11.8492
holdout,3,1.21,103,normal,0.75,normal,normal,normal,No actionable deviation,100.0,0.92,808ec2500f63d22e0a1bafc3ddf0f7a6d52bcb89539ef3fc74f9eb9e2edc4151,12.3792
holdout,3,1.21,103,normal,1.0,normal,normal,normal,No actionable deviation,100.0,0.92,808ec2500f63d22e0a1bafc3ddf0f7a6d52bcb89539ef3fc74f9eb9e2edc4151,12.0844
holdout,3,1.21,103,friction,0.0,normal,normal,normal,No actionable deviation,100.0,0.92,808ec2500f63d22e0a1bafc3ddf0f7a6d52bcb89539ef3fc74f9eb9e2edc4151,13.1866
holdout,3,1.21,103,friction,0.25,friction,normal,normal,No actionable deviation,94.3,0.92,2dd552e30d8f7a0ba7f7ef5b5ac7c8400e5651eb922cc048cbecfc953702f9ab,13.8138
holdout,3,1.21,103,friction,0.5,friction,friction,diagnosed,Friction growth,86.8,0.71,3c8a3db1afa83da0275a34ada2658f9a0803e4376ee21ef65e21cfadfd47d71b,12.4142
holdout,3,1.21,103,friction,0.75,friction,friction,diagnosed,Friction growth,76.6,0.76,ea5af97c6ed631a2336c3e2c57f554e3cf011f15a6066d1bc247a129d817f426,12.5521
holdout,3,1.21,103,friction,1.0,friction,friction,diagnosed,Friction growth,66.3,0.8,d4107ca273bf7ca78c443c57c016d53557e3761d9f4342cc7ab6f7194dc31b34,12.5384
holdout,3,1.21,103,stiction,0.0,normal,normal,normal,No actionable deviation,100.0,0.92,808ec2500f63d22e0a1bafc3ddf0f7a6d52bcb89539ef3fc74f9eb9e2edc4151,12.2031
holdout,3,1.21,103,stiction,0.25,stiction,stiction,diagnosed,Persistent localized stiction,40.3,0.92,d402e5d69d3e5c7e61a5ff2189d5371500024166c1279f08eaa6f21b0a5c8682,12.1605
holdout,3,1.21,103,stiction,0.5,stiction,stiction,diagnosed,Persistent localized stiction,37.6,0.92,e6ccbfc86528a80d72b1e9c1aea286de0d85ec105363634d5b684d8e91c02842,12.2851
holdout,3,1.21,103,stiction,0.75,stiction,stiction,diagnosed,Persistent localized stiction,36.5,0.92,a51e5c226e314fa19769afb17da4baa40c7633a828f3d2dc33d62067d045c643,12.3738
holdout,3,1.21,103,stiction,1.0,stiction,stiction,diagnosed,Persistent localized stiction,35.8,0.92,0153e9179dd945295bd1229e77095e27ec19ce08c990a7912aefb73b2ffcab72,13.3237
holdout,3,1.21,103,obstruction,0.0,normal,normal,normal,No actionable deviation,100.0,0.92,808ec2500f63d22e0a1bafc3ddf0f7a6d52bcb89539ef3fc74f9eb9e2edc4151,12.5529
holdout,3,1.21,103,obstruction,0.25,obstruction,obstruction,diagnosed,Travel obstruction or persistent stiction,77.3,0.73,a7cb6f6f58acb4121bcad3c11d249e2416a30ea618773c41e79581f83987070a,12.2281
holdout,3,1.21,103,obstruction,0.5,obstruction,obstruction,diagnosed,Travel obstruction or persistent stiction,58.8,0.84,79dfedbfc118667fac9439f665068c563e1e0007b01d96824dfd4718ce6bd447,12.037
holdout,3,1.21,103,obstruction,0.75,obstruction,obstruction,diagnosed,Travel obstruction or persistent stiction,47.6,0.92,24071cffcd366792f59af33bff9fadc090a2e4a93505720ced68b8c42a854c66,11.7473
holdout,3,1.21,103,obstruction,1.0,obstruction,obstruction,diagnosed,Travel obstruction or persistent stiction,37.5,0.92,55bca50b08edc81d21840eee58e40c9c2c2430decc4cc89f1c0fd965e95fe42c,12.1665
holdout,3,1.21,103,actuator_degradation,0.0,normal,normal,normal,No actionable deviation,100.0,0.92,808ec2500f63d22e0a1bafc3ddf0f7a6d52bcb89539ef3fc74f9eb9e2edc4151,11.7887
holdout,3,1.21,103,actuator_degradation,0.25,actuator_degradation,actuator_degradation,diagnosed,Actuator performance degradation,96.2,0.68,e3b178d36b402b677e796fe2e8c3b04d836c1b22cbcfe7960ff3e88ed23692a2,11.7275
holdout,3,1.21,103,actuator_degradation,0.5,actuator_degradation,actuator_degradation,diagnosed,Actuator performance degradation,83.1,0.73,1b0c826d0152ae570488d36aee88ac40f440da54bf5d41c084aa9d7d12105076,14.4005
holdout,3,1.21,103,actuator_degradation,0.75,actuator_degradation,actuator_degradation,diagnosed,Actuator performance degradation,66.3,0.92,6aa5fc61d0fc36a340251e68ba9a8d29ea62bf6352343ebdddeda1cdb74693e4,13.9542
holdout,3,1.21,103,actuator_degradation,1.0,actuator_degradation,actuator_degradation,diagnosed,Actuator performance degradation,60.7,0.92,221851fb1f7e4d3339f3900f3fe6053e52d66fec12b90347f8c24e3f645e7bb1,13.8748
holdout,3,1.21,103,sensor_drift,0.0,normal,normal,normal,No actionable deviation,100.0,0.92,808ec2500f63d22e0a1bafc3ddf0f7a6d52bcb89539ef3fc74f9eb9e2edc4151,12.7787
holdout,3,1.21,103,sensor_drift,0.25,sensor_drift,normal,normal,No actionable deviation,98.6,0.92,a4fecad1002f5e62dc4c64f5ff57726febf3f4a3c93bd0f37a335b7fff152b85,13.8569
holdout,3,1.21,103,sensor_drift,0.5,sensor_drift,sensor_drift,diagnosed,Position sensor drift / process inconsistency,97.1,0.65,9adc22f8283b2f114bb7b1709a0d46f4b40819a417d05f6ba8cc49b866f16d31,12.513
holdout,3,1.21,103,sensor_drift,0.75,sensor_drift,sensor_drift,diagnosed,Position sensor drift / process inconsistency,95.9,0.67,a1112ff7b75788a7926733cf9053bf9353a3e767f67f29fc7e420e4f1c4450fd,11.9302
holdout,3,1.21,103,sensor_drift,1.0,sensor_drift,sensor_drift,diagnosed,Position sensor drift / process inconsistency,94.4,0.68,dd25eff3f24ee65a242693dbf4c51ac1c9da6a81b92ddd28b082694a95df829c,12.4626
holdout,3,1.21,104,normal,0.0,normal,normal,normal,No actionable deviation,100.0,0.92,75583f7ed78f2c38bdaa1481ef78244562fbd500e8fb02542a3d4ffeef683617,11.9041
holdout,3,1.21,104,normal,0.25,normal,normal,normal,No actionable deviation,100.0,0.92,75583f7ed78f2c38bdaa1481ef78244562fbd500e8fb02542a3d4ffeef683617,12.0704
holdout,3,1.21,104,normal,0.5,normal,normal,normal,No actionable deviation,100.0,0.92,75583f7ed78f2c38bdaa1481ef78244562fbd500e8fb02542a3d4ffeef683617,12.1777
holdout,3,1.21,104,normal,0.75,normal,normal,normal,No actionable deviation,100.0,0.92,75583f7ed78f2c38bdaa1481ef78244562fbd500e8fb02542a3d4ffeef683617,12.2642
holdout,3,1.21,104,normal,1.0,normal,normal,normal,No actionable deviation,100.0,0.92,75583f7ed78f2c38bdaa1481ef78244562fbd500e8fb02542a3d4ffeef683617,11.8537
holdout,3,1.21,104,friction,0.0,normal,normal,normal,No actionable deviation,100.0,0.92,75583f7ed78f2c38bdaa1481ef78244562fbd500e8fb02542a3d4ffeef683617,11.7956
holdout,3,1.21,104,friction,0.25,friction,normal,normal,No actionable deviation,94.1,0.92,951e23bbf97e9b08c31db15e76ca8e1358911c5acd4504a9a7f579fc3db825a4,11.9357
holdout,3,1.21,104,friction,0.5,friction,friction,diagnosed,Friction growth,86.7,0.71,a8756bb06f0a71a4778e7a7358f3a030d78e3a119e9991ddc7aa669786d89587,11.7219
holdout,3,1.21,104,friction,0.75,friction,friction,diagnosed,Friction growth,76.7,0.76,3accdb76133c6c446cdf1984dd6790282d81194c19202b60dd0f4755b6595148,11.796
holdout,3,1.21,104,friction,1.0,friction,friction,diagnosed,Friction growth,66.4,0.8,3cf952ba6fdad33125c9b5e1b0cb05b859413981d267300ed76adbd6f6619122,12.2874
holdout,3,1.21,104,stiction,0.0,normal,normal,normal,No actionable deviation,100.0,0.92,75583f7ed78f2c38bdaa1481ef78244562fbd500e8fb02542a3d4ffeef683617,11.8864
holdout,3,1.21,104,stiction,0.25,stiction,stiction,diagnosed,Persistent localized stiction,40.4,0.92,db48de97cea49cdcf42965c6d4eb540f99346b8f109b051705691d6b3f888bd3,11.8069
holdout,3,1.21,104,stiction,0.5,stiction,stiction,diagnosed,Persistent localized stiction,37.6,0.92,9fdd27c6dba8ce3a75de13c511760579ceba894ea43026d3354717b85b760e2d,11.7915
holdout,3,1.21,104,stiction,0.75,stiction,stiction,diagnosed,Persistent localized stiction,36.5,0.92,51d2976241b858c55e9d5e1847d63c1e8f5c542705b98f102eca8e880202264e,11.8462
holdout,3,1.21,104,stiction,1.0,stiction,stiction,diagnosed,Persistent localized stiction,35.8,0.92,101c25f9afeaf83320c064d13d5bd8ee1f369a917ea9d0f4b354829c35118d93,11.7454
holdout,3,1.21,104,obstruction,0.0,normal,normal,normal,No actionable deviation,100.0,0.92,75583f7ed78f2c38bdaa1481ef78244562fbd500e8fb02542a3d4ffeef683617,11.7521
holdout,3,1.21,104,obstruction,0.25,obstruction,obstruction,diagnosed,Travel obstruction or persistent stiction,77.2,0.73,101487889a3346b421f46fb667691d85f71b0e01097b2f4d61f7b1bf18a9e6c8,13.7882
holdout,3,1.21,104,obstruction,0.5,obstruction,obstruction,diagnosed,Travel obstruction or persistent stiction,58.8,0.84,31240183dcaa2dddba2e7414ceb369f8423e9d2ba0bc40f53e921e660721fac6,13.5724
holdout,3,1.21,104,obstruction,0.75,obstruction,obstruction,diagnosed,Travel obstruction or persistent stiction,47.4,0.92,3ed081fc03c81d26bf5e4680f2d9d4110caae75c5e173fbf6d215bcc48b2b2b8,13.8731
holdout,3,1.21,104,obstruction,1.0,obstruction,obstruction,diagnosed,Travel obstruction or persistent stiction,37.4,0.92,a1820b84d762cf2256b9c23f1c93ab5dd06d64da8f3fbefeecf9a0afc900bf7a,12.8437
holdout,3,1.21,104,actuator_degradation,0.0,normal,normal,normal,No actionable deviation,100.0,0.92,75583f7ed78f2c38bdaa1481ef78244562fbd500e8fb02542a3d4ffeef683617,12.1095
holdout,3,1.21,104,actuator_degradation,0.25,actuator_degradation,actuator_degradation,diagnosed,Actuator performance degradation,96.0,0.68,0584c8cf5be21dbe6b3466921625d4636b14e6b97a572a3f3c215c2c291da653,12.2341
holdout,3,1.21,104,actuator_degradation,0.5,actuator_degradation,actuator_degradation,diagnosed,Actuator performance degradation,83.0,0.73,4b144349c459aa35dc54b5a1ea343d164d007f96bbc3c717b9ad483824983704,12.6516
holdout,3,1.21,104,actuator_degradation,0.75,actuator_degradation,actuator_degradation,diagnosed,Actuator performance degradation,66.3,0.92,0da74781f2ea04fc2e38d2523551b865720b202a7438b1016d4a93193f5bd76e,12.1736
holdout,3,1.21,104,actuator_degradation,1.0,actuator_degradation,actuator_degradation,diagnosed,Actuator performance degradation,60.7,0.92,15125bcd3a27680ef2194dd0ea1d6df3d38fd5e2d5ce68ac265eb7b19b699860,12.0132
holdout,3,1.21,104,sensor_drift,0.0,normal,normal,normal,No actionable deviation,100.0,0.92,75583f7ed78f2c38bdaa1481ef78244562fbd500e8fb02542a3d4ffeef683617,11.9666
holdout,3,1.21,104,sensor_drift,0.25,sensor_drift,normal,normal,No actionable deviation,98.5,0.92,c8c9260f671e4885149fe1c18068dffcfda8a443f0c789d12baf0bc6dbeaea16,11.7846
holdout,3,1.21,104,sensor_drift,0.5,sensor_drift,sensor_drift,diagnosed,Position sensor drift / process inconsistency,97.1,0.65,422d1266d860dad43c686234ffa879a497053b3e9b5dd7ebc65714a80f028ea1,12.1343
holdout,3,1.21,104,sensor_drift,0.75,sensor_drift,sensor_drift,diagnosed,Position sensor drift / process inconsistency,95.7,0.67,4eccc1c90074ba68b615cfdaa31f0b7a941c9c7a014945b967fe40999341d387,12.2871
holdout,3,1.21,104,sensor_drift,1.0,sensor_drift,sensor_drift,diagnosed,Position sensor drift / process inconsistency,94.3,0.68,6984495f58e09313d682cb72d1a90aa4c89766a5f19e6eb4f54a1c544c466f2b,11.9193
holdout,3,1.21,105,normal,0.0,normal,normal,normal,No actionable deviation,100.0,0.92,9570c290de9362b9f97ff7a560f40a5d732bd5f1b09d262c18be507a58874972,11.8542
holdout,3,1.21,105,normal,0.25,normal,normal,normal,No actionable deviation,100.0,0.92,9570c290de9362b9f97ff7a560f40a5d732bd5f1b09d262c18be507a58874972,12.078
holdout,3,1.21,105,normal,0.5,normal,normal,normal,No actionable deviation,100.0,0.92,9570c290de9362b9f97ff7a560f40a5d732bd5f1b09d262c18be507a58874972,14.9791
holdout,3,1.21,105,normal,0.75,normal,normal,normal,No actionable deviation,100.0,0.92,9570c290de9362b9f97ff7a560f40a5d732bd5f1b09d262c18be507a58874972,11.9032
holdout,3,1.21,105,normal,1.0,normal,normal,normal,No actionable deviation,100.0,0.92,9570c290de9362b9f97ff7a560f40a5d732bd5f1b09d262c18be507a58874972,12.0313
holdout,3,1.21,105,friction,0.0,normal,normal,normal,No actionable deviation,100.0,0.92,9570c290de9362b9f97ff7a560f40a5d732bd5f1b09d262c18be507a58874972,11.9077
holdout,3,1.21,105,friction,0.25,friction,normal,normal,No actionable deviation,94.4,0.92,0dee80718b4d108d827ac2347b3b91e55e2431ae255f30c5f7b7ce620f049200,11.9899
holdout,3,1.21,105,friction,0.5,friction,friction,diagnosed,Friction growth,87.0,0.71,a3dc5724df68d4091ca615a1ee219e07b68f1bda480c571ad9c0e2d706cd4195,11.8091
holdout,3,1.21,105,friction,0.75,friction,friction,diagnosed,Friction growth,76.9,0.76,2db9acefb7a0237e124f2206b2a39e7d50ab87146089c92283f3279311f873f2,11.9966
holdout,3,1.21,105,friction,1.0,friction,friction,diagnosed,Friction growth,66.6,0.8,bec108b2a6a553fc30f5417ca46ca4d0c1fb173bcc974690de3e81e92c56186d,12.2001
holdout,3,1.21,105,stiction,0.0,normal,normal,normal,No actionable deviation,100.0,0.92,9570c290de9362b9f97ff7a560f40a5d732bd5f1b09d262c18be507a58874972,11.8111
holdout,3,1.21,105,stiction,0.25,stiction,stiction,diagnosed,Persistent localized stiction,40.4,0.92,8365edd7dcf26c4638c71d54a53db11230a053a1823bee975e44577feb976c00,11.7923
holdout,3,1.21,105,stiction,0.5,stiction,stiction,diagnosed,Persistent localized stiction,37.7,0.92,cce0cfa55a44060b3085af7716d268e301e7141828ff688e1fc73019a972b311,12.185
holdout,3,1.21,105,stiction,0.75,stiction,stiction,diagnosed,Persistent localized stiction,36.4,0.92,aa19731740a7117f0a572531205f7b99b1277e3337c9a40a7b75eb2924459162,11.8698
holdout,3,1.21,105,stiction,1.0,stiction,stiction,diagnosed,Persistent localized stiction,35.8,0.92,0d8af2e83925fc9950ede387c2e759323212772d95b30879b888923f795f999f,12.1099
holdout,3,1.21,105,obstruction,0.0,normal,normal,normal,No actionable deviation,100.0,0.92,9570c290de9362b9f97ff7a560f40a5d732bd5f1b09d262c18be507a58874972,12.1401
holdout,3,1.21,105,obstruction,0.25,obstruction,obstruction,diagnosed,Travel obstruction or persistent stiction,77.3,0.73,bb0cc72adac6a832b2bd535468b5e727f7e3e2491f1139f26dee22b6f1a99bda,12.3059
holdout,3,1.21,105,obstruction,0.5,obstruction,obstruction,diagnosed,Travel obstruction or persistent stiction,62.8,0.84,f90458b15aa5547b6c0c28e64922d401f9c8e8e7d6c82dad77de372297e7ae76,12.0564
holdout,3,1.21,105,obstruction,0.75,obstruction,obstruction,diagnosed,Travel obstruction or persistent stiction,54.2,0.92,35bd49570a066618825b8e13acd81572e6003f3a13425c7a29fb1d246d81c0ad,13.4582
holdout,3,1.21,105,obstruction,1.0,obstruction,obstruction,diagnosed,Travel obstruction or persistent stiction,37.6,0.92,2e52e0cd90b36a1d5edb3e63ccd5f8d9126526a9932dd0d8ab70dee75acc6100,14.0148
holdout,3,1.21,105,actuator_degradation,0.0,normal,normal,normal,No actionable deviation,100.0,0.92,9570c290de9362b9f97ff7a560f40a5d732bd5f1b09d262c18be507a58874972,12.889
holdout,3,1.21,105,actuator_degradation,0.25,actuator_degradation,actuator_degradation,diagnosed,Actuator performance degradation,96.3,0.67,0afbde912030aa5bc95c4299acfeaf790f9381bb1278f28af035c781efcfbfd7,13.6466
holdout,3,1.21,105,actuator_degradation,0.5,actuator_degradation,actuator_degradation,diagnosed,Actuator performance degradation,83.4,0.73,aadfb56b2203e1c957b3cfaab1c7e37c82045c5a0b2daed86814b521eb9a524a,12.1915
holdout,3,1.21,105,actuator_degradation,0.75,actuator_degradation,actuator_degradation,diagnosed,Actuator performance degradation,66.6,0.92,ef2ef5e5e66cc3f6a7bd09cb0cd4162b955adc6defd84807728e0d5975183e34,11.8713
holdout,3,1.21,105,actuator_degradation,1.0,actuator_degradation,actuator_degradation,diagnosed,Actuator performance degradation,60.9,0.92,97f07956cba7436670070bc46388eb17ca5608e125f924248337e73a1860f9e9,11.77
holdout,3,1.21,105,sensor_drift,0.0,normal,normal,normal,No actionable deviation,100.0,0.92,9570c290de9362b9f97ff7a560f40a5d732bd5f1b09d262c18be507a58874972,11.7826
holdout,3,1.21,105,sensor_drift,0.25,sensor_drift,normal,normal,No actionable deviation,98.5,0.92,efbb035e00b3be749385442ad163ea8ce441ca0d50b755b6dd17cee3f98bb85c,11.8009
holdout,3,1.21,105,sensor_drift,0.5,sensor_drift,sensor_drift,diagnosed,Position sensor drift / process inconsistency,97.2,0.65,f5c08f7fe812506942b22fcf2490156f29f5b436326ab87667c563ce63bb0150,11.7942
holdout,3,1.21,105,sensor_drift,0.75,sensor_drift,sensor_drift,diagnosed,Position sensor drift / process inconsistency,95.8,0.67,a0e1ba11cf28cfab80ea7eadff2031eb65d4b7f590f34b070557eb2b58a31132,11.7396
holdout,3,1.21,105,sensor_drift,1.0,sensor_drift,sensor_drift,diagnosed,Position sensor drift / process inconsistency,94.5,0.68,de36ea768ae0ed018cb0cf2a5fb4e9cb2203e2b0b8a4d3908658352c2819d339,11.8512
holdout,3,1.21,106,normal,0.0,normal,normal,normal,No actionable deviation,100.0,0.92,4c5fb8d9aba9002d2c4b034f8c5ff64d72dcd7a18a0cc1974bd7c280ed8f5594,11.8183
holdout,3,1.21,106,normal,0.25,normal,normal,normal,No actionable deviation,100.0,0.92,4c5fb8d9aba9002d2c4b034f8c5ff64d72dcd7a18a0cc1974bd7c280ed8f5594,11.58
holdout,3,1.21,106,normal,0.5,normal,normal,normal,No actionable deviation,100.0,0.92,4c5fb8d9aba9002d2c4b034f8c5ff64d72dcd7a18a0cc1974bd7c280ed8f5594,11.9599
holdout,3,1.21,106,normal,0.75,normal,normal,normal,No actionable deviation,100.0,0.92,4c5fb8d9aba9002d2c4b034f8c5ff64d72dcd7a18a0cc1974bd7c280ed8f5594,11.7301
holdout,3,1.21,106,normal,1.0,normal,normal,normal,No actionable deviation,100.0,0.92,4c5fb8d9aba9002d2c4b034f8c5ff64d72dcd7a18a0cc1974bd7c280ed8f5594,11.7792
holdout,3,1.21,106,friction,0.0,normal,normal,normal,No actionable deviation,100.0,0.92,4c5fb8d9aba9002d2c4b034f8c5ff64d72dcd7a18a0cc1974bd7c280ed8f5594,11.7827
holdout,3,1.21,106,friction,0.25,friction,normal,normal,No actionable deviation,94.2,0.92,3220742fb0c35c867d3a38fc6ac5878c78283dba3391402d57fe0f5b62678f02,11.7659
holdout,3,1.21,106,friction,0.5,friction,friction,diagnosed,Friction growth,86.8,0.71,3715c4913419491b22e9a62931e6290f3a1e1169c51c9bb165dbfff07d93c513,11.7544
holdout,3,1.21,106,friction,0.75,friction,friction,diagnosed,Friction growth,76.8,0.76,bc1e88160ea20f9d136995814697c73e88dd80baa4b5a43beb4ba821d92b6c74,11.8928
holdout,3,1.21,106,friction,1.0,friction,friction,diagnosed,Friction growth,66.3,0.8,0092f413b71cb128d3f602457715f93e4a612d170d7f8cacd9c665b5c790e4f8,11.8879
holdout,3,1.21,106,stiction,0.0,normal,normal,normal,No actionable deviation,100.0,0.92,4c5fb8d9aba9002d2c4b034f8c5ff64d72dcd7a18a0cc1974bd7c280ed8f5594,11.9012
holdout,3,1.21,106,stiction,0.25,stiction,stiction,diagnosed,Persistent localized stiction,40.3,0.92,55b59229ee6e7c2c93f96f2ff880d0f6dde6fbfef1988e82ea03df74cbcf1102,12.2577
holdout,3,1.21,106,stiction,0.5,stiction,stiction,diagnosed,Persistent localized stiction,37.6,0.92,e01d38995e8bf8170762a8e53443a352cac00a1ba1de5b48cf5ecbd6e5f19678,12.5691
holdout,3,1.21,106,stiction,0.75,stiction,stiction,diagnosed,Persistent localized stiction,36.5,0.92,d47f8a101c0f04c9f325e5165f1a6bcf48bbd7a40e532a3d7de3f589cc90d054,12.1285
holdout,3,1.21,106,stiction,1.0,stiction,stiction,diagnosed,Persistent localized stiction,35.8,0.92,755da5841bb54bdcd8e04e65fb0b09c48ef340899d0164c44151f1f91a6037c8,12.5361
holdout,3,1.21,106,obstruction,0.0,normal,normal,normal,No actionable deviation,100.0,0.92,4c5fb8d9aba9002d2c4b034f8c5ff64d72dcd7a18a0cc1974bd7c280ed8f5594,12.2011
holdout,3,1.21,106,obstruction,0.25,obstruction,obstruction,diagnosed,Travel obstruction or persistent stiction,77.2,0.73,36c73a0a348084201245b348c49f4183ae5b0be1dca800de6f2c91d16fa809e6,14.548
holdout,3,1.21,106,obstruction,0.5,obstruction,obstruction,diagnosed,Travel obstruction or persistent stiction,58.8,0.84,9c82a603d0cb20d0579de0da3701c42cf22ff50447af3a494c32f7e69137131c,12.2635
holdout,3,1.21,106,obstruction,0.75,obstruction,obstruction,diagnosed,Travel obstruction or persistent stiction,48.0,0.92,152d4e4d70fa661720b288d293b02b98029734e418d7a9445d87cef37944ee81,12.3793
holdout,3,1.21,106,obstruction,1.0,obstruction,obstruction,diagnosed,Travel obstruction or persistent stiction,37.5,0.92,b566c95fe06fcbe1cc1250856c3d423cc9bd3a93d05eb302472c27a148afc111,12.6143
holdout,3,1.21,106,actuator_degradation,0.0,normal,normal,normal,No actionable deviation,100.0,0.92,4c5fb8d9aba9002d2c4b034f8c5ff64d72dcd7a18a0cc1974bd7c280ed8f5594,12.1625
holdout,3,1.21,106,actuator_degradation,0.25,actuator_degradation,actuator_degradation,diagnosed,Actuator performance degradation,96.1,0.68,59d3350cde91cc624719f761a33b4cf3db7f2be3be7dc0915c877700a4a32b3d,12.1421
holdout,3,1.21,106,actuator_degradation,0.5,actuator_degradation,actuator_degradation,diagnosed,Actuator performance degradation,83.0,0.73,bcdaa5aac40487b680f8a332822e8fb6bf07a6ba9844d23a1c3da1d4e7c2538f,12.4794
holdout,3,1.21,106,actuator_degradation,0.75,actuator_degradation,actuator_degradation,diagnosed,Actuator performance degradation,66.3,0.92,bf65f1ed7a292acf61fe9f4ec372bb9987867d5a8d9f64a9714b048357f5f01a,12.5304
holdout,3,1.21,106,actuator_degradation,1.0,actuator_degradation,actuator_degradation,diagnosed,Actuator performance degradation,60.7,0.92,4f429daff9c4bd4b6760c2825a6e5a32bbea924bbeb718f6874be4f97be9a565,12.277
holdout,3,1.21,106,sensor_drift,0.0,normal,normal,normal,No actionable deviation,100.0,0.92,4c5fb8d9aba9002d2c4b034f8c5ff64d72dcd7a18a0cc1974bd7c280ed8f5594,12.9788
holdout,3,1.21,106,sensor_drift,0.25,sensor_drift,normal,normal,No actionable deviation,98.4,0.92,fd0b30956f4fc57338cea86a99af5b8aac58fba67fc9764222f05d6ee2fabe36,12.7769
holdout,3,1.21,106,sensor_drift,0.5,sensor_drift,sensor_drift,diagnosed,Position sensor drift / process inconsistency,97.1,0.65,1a17a9c572e077acf034fb5e6c04709b6fa8b9a16255132f1f49d43e421f1689,12.0143
holdout,3,1.21,106,sensor_drift,0.75,sensor_drift,sensor_drift,diagnosed,Position sensor drift / process inconsistency,95.7,0.67,2cc18839c641a88ce77384114788164837432b2b2c65d737e9b7d32db569bd0b,11.9748
holdout,3,1.21,106,sensor_drift,1.0,sensor_drift,sensor_drift,diagnosed,Position sensor drift / process inconsistency,94.4,0.68,d03e88b5c73dbe2ab4f5267f6bafcfccca787363965f665aa6137a2d55d5820f,11.8701
holdout,3,1.21,107,normal,0.0,normal,normal,normal,No actionable deviation,100.0,0.92,bc73b35188b43d06bd5c83e7dc5a583d80a4075f18e9520dad852d63cc845022,12.6588
holdout,3,1.21,107,normal,0.25,normal,normal,normal,No actionable deviation,100.0,0.92,bc73b35188b43d06bd5c83e7dc5a583d80a4075f18e9520dad852d63cc845022,12.5401
holdout,3,1.21,107,normal,0.5,normal,normal,normal,No actionable deviation,100.0,0.92,bc73b35188b43d06bd5c83e7dc5a583d80a4075f18e9520dad852d63cc845022,12.3118
holdout,3,1.21,107,normal,0.75,normal,normal,normal,No actionable deviation,100.0,0.92,bc73b35188b43d06bd5c83e7dc5a583d80a4075f18e9520dad852d63cc845022,12.1915
holdout,3,1.21,107,normal,1.0,normal,normal,normal,No actionable deviation,100.0,0.92,bc73b35188b43d06bd5c83e7dc5a583d80a4075f18e9520dad852d63cc845022,12.5386
holdout,3,1.21,107,friction,0.0,normal,normal,normal,No actionable deviation,100.0,0.92,bc73b35188b43d06bd5c83e7dc5a583d80a4075f18e9520dad852d63cc845022,12.266
holdout,3,1.21,107,friction,0.25,friction,normal,normal,No actionable deviation,94.2,0.92,982c495aa84527b1ce4209ca0f91326099b62a601bdbce3dc86105f2ceb3c927,12.4884
holdout,3,1.21,107,friction,0.5,friction,friction,diagnosed,Friction growth,86.6,0.71,c088b85b375c719ad1cf0c352a52be93848b13c7cea7bace4a86c0f6612f292b,12.8197
holdout,3,1.21,107,friction,0.75,friction,friction,diagnosed,Friction growth,76.6,0.76,535189c50479ab4223a8e63892dbadd4bbc73cb9b41f701974bed19928b3e559,15.8175
holdout,3,1.21,107,friction,1.0,friction,friction,diagnosed,Friction growth,66.3,0.8,d5ee20cb28fdf9380db6c8795ebb93bc27807ec6cf007e564bfc63430acd2379,12.3903
holdout,3,1.21,107,stiction,0.0,normal,normal,normal,No actionable deviation,100.0,0.92,bc73b35188b43d06bd5c83e7dc5a583d80a4075f18e9520dad852d63cc845022,12.136
holdout,3,1.21,107,stiction,0.25,stiction,stiction,diagnosed,Persistent localized stiction,40.3,0.92,ca7a0e4a4db380c9f196c95592c81d7fb98d733711f3590791fd27a2514ee9d5,12.3304
holdout,3,1.21,107,stiction,0.5,stiction,stiction,diagnosed,Persistent localized stiction,37.6,0.92,e31fb481e224162b05a526650dcb930858c91b2feeaa1c3d849b7f2b05576b39,11.9518
holdout,3,1.21,107,stiction,0.75,stiction,stiction,diagnosed,Persistent localized stiction,36.4,0.92,0f768c5c86348e9f08853e43417327fef1a2c5c2eef55c527c31a970426764d2,12.5431
holdout,3,1.21,107,stiction,1.0,stiction,stiction,diagnosed,Persistent localized stiction,35.6,0.92,ab2dcd700f9d945fee1bb49f986d3d301b10f749f1e0856138ed5688bec04012,11.881
holdout,3,1.21,107,obstruction,0.0,normal,normal,normal,No actionable deviation,100.0,0.92,bc73b35188b43d06bd5c83e7dc5a583d80a4075f18e9520dad852d63cc845022,11.7578
holdout,3,1.21,107,obstruction,0.25,obstruction,obstruction,diagnosed,Travel obstruction or persistent stiction,77.1,0.73,7d3a08a1e68c9c3bc40a4472c8b2cdd726151b83aca53a29e00615c95d90c2cf,12.0003
holdout,3,1.21,107,obstruction,0.5,obstruction,obstruction,diagnosed,Travel obstruction or persistent stiction,62.8,0.84,4b261afae37dd7f6095e38ec203e7e1669969e09082d5470284fb39d500fd4c7,11.8425
holdout,3,1.21,107,obstruction,0.75,obstruction,obstruction,diagnosed,Travel obstruction or persistent stiction,48.7,0.92,a1133c7bd77d36e3a798a400bdce24fea1a7f81e69d76a4d626f840939ec4663,11.8388
holdout,3,1.21,107,obstruction,1.0,obstruction,obstruction,diagnosed,Travel obstruction or persistent stiction,37.4,0.92,1e65fb6b0022c03cbaad7018dae80d178c91adef52873d7d2d1efc0f8940c7d5,11.8971
holdout,3,1.21,107,actuator_degradation,0.0,normal,normal,normal,No actionable deviation,100.0,0.92,bc73b35188b43d06bd5c83e7dc5a583d80a4075f18e9520dad852d63cc845022,11.9501
holdout,3,1.21,107,actuator_degradation,0.25,actuator_degradation,actuator_degradation,diagnosed,Actuator performance degradation,96.1,0.68,3f1ba6d63a58bd58a479c900ec9b351f4192ed3c421db223a3190a5ed96c539d,12.3685
holdout,3,1.21,107,actuator_degradation,0.5,actuator_degradation,actuator_degradation,diagnosed,Actuator performance degradation,82.9,0.73,2e46a9cd183856a0ce815b58e72eae892d23df9fed9e60b17b0da5b9c3adb46d,12.1838
holdout,3,1.21,107,actuator_degradation,0.75,actuator_degradation,actuator_degradation,diagnosed,Actuator performance degradation,66.3,0.92,77a96979e1df3661a584689c237c4160ba1c5e67a4b5fcee3e2e4e4a9bffd7ab,12.33
holdout,3,1.21,107,actuator_degradation,1.0,actuator_degradation,actuator_degradation,diagnosed,Actuator performance degradation,60.7,0.92,972037e6295be27f02483171efa92f02a059b6fe91ee8a67098405dbc79fc582,13.3339
holdout,3,1.21,107,sensor_drift,0.0,normal,normal,normal,No actionable deviation,100.0,0.92,bc73b35188b43d06bd5c83e7dc5a583d80a4075f18e9520dad852d63cc845022,12.2377
holdout,3,1.21,107,sensor_drift,0.25,sensor_drift,normal,normal,No actionable deviation,98.6,0.92,0288fbb3ad7adfb5fafc0cb7f840c637523187a0a2d5dd7b45f7ebd4eeec1202,12.1959
holdout,3,1.21,107,sensor_drift,0.5,sensor_drift,sensor_drift,diagnosed,Position sensor drift / process inconsistency,96.9,0.65,d94b96fe8c398c291317c64cb1cd61a98cf6303fa0ae5848bf642a08413e40c0,12.3152
holdout,3,1.21,107,sensor_drift,0.75,sensor_drift,sensor_drift,diagnosed,Position sensor drift / process inconsistency,95.7,0.67,275c82bd8171eca4a9099a305455121948ac68a5ddb1a4702f6f539dd6c6b4b6,12.2187
holdout,3,1.21,107,sensor_drift,1.0,sensor_drift,sensor_drift,diagnosed,Position sensor drift / process inconsistency,94.4,0.68,8c8dfcbf2f71ae4ae74b2d9ab5f4b28257ec5e5b1530ca6ce82675c872f54168,12.1634
holdout,3,1.21,108,normal,0.0,normal,normal,normal,No actionable deviation,100.0,0.92,424ea307d318565070974a34fe92ffa3c13e35579a9c1adfff0bf6fb0ccf5f75,12.31
holdout,3,1.21,108,normal,0.25,normal,normal,normal,No actionable deviation,100.0,0.92,424ea307d318565070974a34fe92ffa3c13e35579a9c1adfff0bf6fb0ccf5f75,12.3096
holdout,3,1.21,108,normal,0.5,normal,normal,normal,No actionable deviation,100.0,0.92,424ea307d318565070974a34fe92ffa3c13e35579a9c1adfff0bf6fb0ccf5f75,12.2852
holdout,3,1.21,108,normal,0.75,normal,normal,normal,No actionable deviation,100.0,0.92,424ea307d318565070974a34fe92ffa3c13e35579a9c1adfff0bf6fb0ccf5f75,12.1371
holdout,3,1.21,108,normal,1.0,normal,normal,normal,No actionable deviation,100.0,0.92,424ea307d318565070974a34fe92ffa3c13e35579a9c1adfff0bf6fb0ccf5f75,12.0752
holdout,3,1.21,108,friction,0.0,normal,normal,normal,No actionable deviation,100.0,0.92,424ea307d318565070974a34fe92ffa3c13e35579a9c1adfff0bf6fb0ccf5f75,12.2156
holdout,3,1.21,108,friction,0.25,friction,normal,normal,No actionable deviation,94.4,0.92,be5bb44af6dc47df1a0987bae4a5353347472413aa8f7e868320e34009896e9d,12.9469
holdout,3,1.21,108,friction,0.5,friction,friction,diagnosed,Friction growth,86.9,0.71,40373ccae3ee120aa8f08045ead1bde7709aa60f9e3f89b215129cea2caba330,12.1936
holdout,3,1.21,108,friction,0.75,friction,friction,diagnosed,Friction growth,76.8,0.76,7dd0dcc9b44840807b76bd0cd48006f182264a63e12efcf6c9bd0f3f77943d8b,12.6605
holdout,3,1.21,108,friction,1.0,friction,friction,diagnosed,Friction growth,66.5,0.8,13999ec8618066a082e51aebf793df1d33fee9fcb491525197e424b98100ae4a,12.2336
holdout,3,1.21,108,stiction,0.0,normal,normal,normal,No actionable deviation,100.0,0.92,424ea307d318565070974a34fe92ffa3c13e35579a9c1adfff0bf6fb0ccf5f75,12.0179
holdout,3,1.21,108,stiction,0.25,stiction,stiction,diagnosed,Persistent localized stiction,40.5,0.92,6859858e1b37bd994f5df2551719a2488ef5fb79c90e9eb571c316ad7f169bcc,12.6984
holdout,3,1.21,108,stiction,0.5,stiction,stiction,diagnosed,Persistent localized stiction,37.8,0.92,02515c05ef9835f8a9c56fb7179668d161d9e16ed68a682e519a605b42c87b1f,12.3188
holdout,3,1.21,108,stiction,0.75,stiction,stiction,diagnosed,Persistent localized stiction,36.6,0.92,bd1afa74e115a07cd051c1f72256a758f0d35998df86b97f4f28581aa93cf3eb,12.3031
holdout,3,1.21,108,stiction,1.0,stiction,stiction,diagnosed,Persistent localized stiction,35.8,0.92,ebdb3c4cc626c6dc3c4b1c8e00971cb49cb73a42b32ccb718d267659e95293dc,11.8965
holdout,3,1.21,108,obstruction,0.0,normal,normal,normal,No actionable deviation,100.0,0.92,424ea307d318565070974a34fe92ffa3c13e35579a9c1adfff0bf6fb0ccf5f75,11.7261
holdout,3,1.21,108,obstruction,0.25,obstruction,obstruction,diagnosed,Travel obstruction or persistent stiction,77.2,0.73,eecaa30bfe05e92102e5820dff0d4f1dbe791bdafccf5da47c02ca89242430ac,12.1714
holdout,3,1.21,108,obstruction,0.5,obstruction,obstruction,diagnosed,Travel obstruction or persistent stiction,59.0,0.84,739f37ef773901ebd28565f4804329c5e75df96a5e8af100b80e9b2b3413bf5c,11.8106
holdout,3,1.21,108,obstruction,0.75,obstruction,obstruction,diagnosed,Travel obstruction or persistent stiction,48.5,0.92,54928ef58257e88824e327b2d5ccd02d98edf0bb739776d61dcf4e36f7cb7ff6,11.8357
holdout,3,1.21,108,obstruction,1.0,obstruction,obstruction,diagnosed,Travel obstruction or persistent stiction,37.6,0.92,98320cc99fff3fd8185a64b07c91a34898e54989b38cbafcbfbd2ca959df64a9,11.8665
holdout,3,1.21,108,actuator_degradation,0.0,normal,normal,normal,No actionable deviation,100.0,0.92,424ea307d318565070974a34fe92ffa3c13e35579a9c1adfff0bf6fb0ccf5f75,12.0027
holdout,3,1.21,108,actuator_degradation,0.25,actuator_degradation,actuator_degradation,diagnosed,Actuator performance degradation,96.2,0.67,6aa67cb51c53f6fca0c38279cf6f5867e2905eb71c2570d3b806d2167d61852b,12.1543
holdout,3,1.21,108,actuator_degradation,0.5,actuator_degradation,actuator_degradation,diagnosed,Actuator performance degradation,83.3,0.73,3b08c351d57bc6d628befd680b985277ab98a04ab61ebebe453de640b3ccc5d6,12.208
holdout,3,1.21,108,actuator_degradation,0.75,actuator_degradation,actuator_degradation,diagnosed,Actuator performance degradation,66.7,0.92,a44122f82da693eeace738cc00c63824e610c5350ccce47cc58108ee0693759f,12.2655
holdout,3,1.21,108,actuator_degradation,1.0,actuator_degradation,actuator_degradation,diagnosed,Actuator performance degradation,60.7,0.92,78d52598a2f845b6f10bd785bea00a18f270aec74e253576948abb96dcd00c3f,12.2338
holdout,3,1.21,108,sensor_drift,0.0,normal,normal,normal,No actionable deviation,100.0,0.92,424ea307d318565070974a34fe92ffa3c13e35579a9c1adfff0bf6fb0ccf5f75,12.1185
holdout,3,1.21,108,sensor_drift,0.25,sensor_drift,normal,normal,No actionable deviation,98.5,0.92,b25be128965a69389a0c0d02ca096d5c4676ffc9cf8927564d7493748ca77df4,12.1904
holdout,3,1.21,108,sensor_drift,0.5,sensor_drift,sensor_drift,diagnosed,Position sensor drift / process inconsistency,97.0,0.65,bfb3961cb8c08593b10cb0045226e1effd0136a8160b151b41c9e44184b29782,12.1867
holdout,3,1.21,108,sensor_drift,0.75,sensor_drift,sensor_drift,diagnosed,Position sensor drift / process inconsistency,95.6,0.67,723acffc0133e9e7c750cf0a7a3dfd1d597f4babadfdedfd79b08495cb50b73f,12.2551
holdout,3,1.21,108,sensor_drift,1.0,sensor_drift,sensor_drift,diagnosed,Position sensor drift / process inconsistency,94.3,0.68,b11153e0166db521f07c5436588a105c219e241a0643fa016d26d792366dcf2e,12.2701
holdout,3,1.21,109,normal,0.0,normal,normal,normal,No actionable deviation,100.0,0.92,fdc097e8b016ed77a8e4d3339761f26ba4e8f8f30952e3446aa0cc938aace54a,12.2693
holdout,3,1.21,109,normal,0.25,normal,normal,normal,No actionable deviation,100.0,0.92,fdc097e8b016ed77a8e4d3339761f26ba4e8f8f30952e3446aa0cc938aace54a,12.2338
holdout,3,1.21,109,normal,0.5,normal,normal,normal,No actionable deviation,100.0,0.92,fdc097e8b016ed77a8e4d3339761f26ba4e8f8f30952e3446aa0cc938aace54a,12.1221
holdout,3,1.21,109,normal,0.75,normal,normal,normal,No actionable deviation,100.0,0.92,fdc097e8b016ed77a8e4d3339761f26ba4e8f8f30952e3446aa0cc938aace54a,12.0565
holdout,3,1.21,109,normal,1.0,normal,normal,normal,No actionable deviation,100.0,0.92,fdc097e8b016ed77a8e4d3339761f26ba4e8f8f30952e3446aa0cc938aace54a,11.976
holdout,3,1.21,109,friction,0.0,normal,normal,normal,No actionable deviation,100.0,0.92,fdc097e8b016ed77a8e4d3339761f26ba4e8f8f30952e3446aa0cc938aace54a,11.9715
holdout,3,1.21,109,friction,0.25,friction,normal,normal,No actionable deviation,94.2,0.92,6160660f282680f71685a8f627145058445fa76e72098f63c1974fdcaf095ad5,12.7139
holdout,3,1.21,109,friction,0.5,friction,friction,diagnosed,Friction growth,86.7,0.71,e0b238d1a18f36a4efc5c48871bee651de77a945549fd514482d316b2cf11681,11.8079
holdout,3,1.21,109,friction,0.75,friction,friction,diagnosed,Friction growth,76.8,0.76,b851cd3a124cb6582450ebf417022f0a944f7c9cabbac092a84bfacc23892953,12.8132
holdout,3,1.21,109,friction,1.0,friction,friction,diagnosed,Friction growth,66.3,0.8,b289c575f018757444984cab063d3fd19e22060f5bcfdd76a6eeccd013ed3083,13.328
holdout,3,1.21,109,stiction,0.0,normal,normal,normal,No actionable deviation,100.0,0.92,fdc097e8b016ed77a8e4d3339761f26ba4e8f8f30952e3446aa0cc938aace54a,13.6022
holdout,3,1.21,109,stiction,0.25,stiction,stiction,diagnosed,Persistent localized stiction,40.3,0.92,783e49c02eb016fc8a93b7b45a1ac6104e9c519675778fc84530a9bd91408a57,13.5917
holdout,3,1.21,109,stiction,0.5,stiction,stiction,diagnosed,Persistent localized stiction,37.6,0.92,bfdfb75676eea0c1e4bdec92bd042d5d866c1175664a8debe90a269103eaa635,12.7266
holdout,3,1.21,109,stiction,0.75,stiction,stiction,diagnosed,Persistent localized stiction,36.5,0.92,430df7465b021b90b5f36b1cbb77592d3d3adb87d968bddf66ce2e8bf81e9a55,11.9772
holdout,3,1.21,109,stiction,1.0,stiction,stiction,diagnosed,Persistent localized stiction,35.8,0.92,fb7f42f6de448114ef1a119c0701a176f63091482a1951a69702e11f11662c66,12.144
holdout,3,1.21,109,obstruction,0.0,normal,normal,normal,No actionable deviation,100.0,0.92,fdc097e8b016ed77a8e4d3339761f26ba4e8f8f30952e3446aa0cc938aace54a,12.1627
holdout,3,1.21,109,obstruction,0.25,obstruction,obstruction,diagnosed,Travel obstruction or persistent stiction,77.3,0.73,037a82359c63ddec5cdaf5d8660d55ab742016f220b6695d865a2ed28308f287,12.274
holdout,3,1.21,109,obstruction,0.5,obstruction,obstruction,diagnosed,Travel obstruction or persistent stiction,59.5,0.84,e308c1a486951e015b1778bf803f4077831a8aad273254c3e9f839fbfd6f4957,12.0446
holdout,3,1.21,109,obstruction,0.75,obstruction,obstruction,diagnosed,Travel obstruction or persistent stiction,48.1,0.92,af799e1b2841e7be2501114bc3c04d89b7376bc24969ebbfd7cc37f594248203,12.0584
holdout,3,1.21,109,obstruction,1.0,obstruction,obstruction,diagnosed,Travel obstruction or persistent stiction,37.5,0.92,00d44c8639df4408ca34f7d63b2abceea9355c8636c463d9d56100a35f73ab5f,12.8384
holdout,3,1.21,109,actuator_degradation,0.0,normal,normal,normal,No actionable deviation,100.0,0.92,fdc097e8b016ed77a8e4d3339761f26ba4e8f8f30952e3446aa0cc938aace54a,12.3417
holdout,3,1.21,109,actuator_degradation,0.25,actuator_degradation,actuator_degradation,diagnosed,Actuator performance degradation,96.0,0.68,9a21d9176ffd0b350beb245099f06b44c07e8515f8e54f9bcd05932ac82bdf5e,11.9562
holdout,3,1.21,109,actuator_degradation,0.5,actuator_degradation,actuator_degradation,diagnosed,Actuator performance degradation,83.1,0.73,f57fe67f1fb7b240174a4e68f1a424635fb2501815917b316d39155a4891a36a,12.1943
holdout,3,1.21,109,actuator_degradation,0.75,actuator_degradation,actuator_degradation,diagnosed,Actuator performance degradation,66.3,0.92,254171e5e5a5602e2c1a5a1f1f5c3e5b9355786b2bb52dee131436a94364dbb4,12.1454
holdout,3,1.21,109,actuator_degradation,1.0,actuator_degradation,actuator_degradation,diagnosed,Actuator performance degradation,60.6,0.92,5d8670e935cfab13413d099776678c8d07ae2259afc7e19e6f32e33270e6e213,11.8321
holdout,3,1.21,109,sensor_drift,0.0,normal,normal,normal,No actionable deviation,100.0,0.92,fdc097e8b016ed77a8e4d3339761f26ba4e8f8f30952e3446aa0cc938aace54a,11.8653
holdout,3,1.21,109,sensor_drift,0.25,sensor_drift,normal,normal,No actionable deviation,98.5,0.92,a4a83c1b2ca2e27ed3efcbfa4a5d6469ce8d99a77f73e17265d866e5a2d3fa5d,12.0249
holdout,3,1.21,109,sensor_drift,0.5,sensor_drift,sensor_drift,diagnosed,Position sensor drift / process inconsistency,97.0,0.65,000828227fdc6f305d719e2a4e6d8e388b201028425b8a755adb7ff69d5dab5d,11.8979
holdout,3,1.21,109,sensor_drift,0.75,sensor_drift,sensor_drift,diagnosed,Position sensor drift / process inconsistency,95.7,0.67,f12383ba62bceaee72eb7251a91cd36abe39565582ce645f5363c826a8260d57,11.7557
holdout,3,1.21,109,sensor_drift,1.0,sensor_drift,sensor_drift,diagnosed,Position sensor drift / process inconsistency,94.4,0.68,660f94e2ec59b9d1821022e8c330420f5767b091fdc9276618f40a7e5a4b6950,11.9777
holdout,4,1.43,100,normal,0.0,normal,normal,normal,No actionable deviation,100.0,0.92,cf2f07f3dee2331c19f92ddc75094306967113fb4b2d4f9249f61f552033989c,12.044
holdout,4,1.43,100,normal,0.25,normal,normal,normal,No actionable deviation,100.0,0.92,cf2f07f3dee2331c19f92ddc75094306967113fb4b2d4f9249f61f552033989c,11.903
holdout,4,1.43,100,normal,0.5,normal,normal,normal,No actionable deviation,100.0,0.92,cf2f07f3dee2331c19f92ddc75094306967113fb4b2d4f9249f61f552033989c,12.1057
holdout,4,1.43,100,normal,0.75,normal,normal,normal,No actionable deviation,100.0,0.92,cf2f07f3dee2331c19f92ddc75094306967113fb4b2d4f9249f61f552033989c,11.9092
holdout,4,1.43,100,normal,1.0,normal,normal,normal,No actionable deviation,100.0,0.92,cf2f07f3dee2331c19f92ddc75094306967113fb4b2d4f9249f61f552033989c,12.0338
holdout,4,1.43,100,friction,0.0,normal,normal,normal,No actionable deviation,100.0,0.92,cf2f07f3dee2331c19f92ddc75094306967113fb4b2d4f9249f61f552033989c,11.9202
holdout,4,1.43,100,friction,0.25,friction,friction,diagnosed,Friction growth,89.5,0.68,67d2b70adef95d291e59e9029d58d16360197f069d9142d70054f107da19617a,12.1204
holdout,4,1.43,100,friction,0.5,friction,friction,diagnosed,Friction growth,77.6,0.75,0eebef4c08e3b1fc76dd5f5e48711d11d3e28cb2fcad97ad5015152e4c29a496,12.1205
holdout,4,1.43,100,friction,0.75,friction,friction,diagnosed,Friction growth,66.1,0.83,899d47e9a64d9aeb90dcd68a72376411897ee2ff596dd2d28eea8ce0040e204a,12.1301
holdout,4,1.43,100,friction,1.0,friction,friction,diagnosed,Friction growth,55.9,0.89,3834f9e07153fa09b5919a0052b08a8a5c2e7f85ffed5e347835c6d067674182,11.9102
holdout,4,1.43,100,stiction,0.0,normal,normal,normal,No actionable deviation,100.0,0.92,cf2f07f3dee2331c19f92ddc75094306967113fb4b2d4f9249f61f552033989c,11.927
holdout,4,1.43,100,stiction,0.25,stiction,stiction,diagnosed,Persistent localized stiction,42.7,0.92,ffa709e320a784d2bb94551a6aa0d326b6a02514ed7912c9f52be692b0f343ba,11.8746
holdout,4,1.43,100,stiction,0.5,stiction,stiction,diagnosed,Persistent localized stiction,40.5,0.92,6f4ba8e4689b7bd1b1f55923cc491f487795846978353b2b96cff678df4d5bbe,11.9546
holdout,4,1.43,100,stiction,0.75,stiction,stiction,diagnosed,Persistent localized stiction,39.6,0.92,94d267f2e9f5632e515a909ed1fe66993273015b08bc630c8b905036446bb542,12.0499
holdout,4,1.43,100,stiction,1.0,stiction,stiction,diagnosed,Persistent localized stiction,39.1,0.92,15ec50b75039c8fdc9fe030f6a828e7834af22f8eee1008757e22fa084cacc24,11.9192
holdout,4,1.43,100,obstruction,0.0,normal,normal,normal,No actionable deviation,100.0,0.92,cf2f07f3dee2331c19f92ddc75094306967113fb4b2d4f9249f61f552033989c,12.1431
holdout,4,1.43,100,obstruction,0.25,obstruction,obstruction,diagnosed,Travel obstruction or persistent stiction,83.6,0.73,7f68825a8572bb5ef6a679d3314c8d69a74027cd46db089df515d2eb719798c5,12.1278
holdout,4,1.43,100,obstruction,0.5,obstruction,obstruction,diagnosed,Travel obstruction or persistent stiction,70.2,0.84,7c9ec2035dabb536fcbd4b3418ae639950365733c91d0055a0a48a78250dfd57,11.9556
holdout,4,1.43,100,obstruction,0.75,obstruction,obstruction,diagnosed,Travel obstruction or persistent stiction,54.7,0.92,cbb7b5c12c21999b5904a66d48f3826d525c55ea57eda318b2aa0fe58c779263,12.0328
holdout,4,1.43,100,obstruction,1.0,obstruction,obstruction,diagnosed,Travel obstruction or persistent stiction,44.4,0.92,c5ec42eb63e110e9aad36b16720f30d59478d30708038bbb1aef97804e8a663c,12.0067
holdout,4,1.43,100,actuator_degradation,0.0,normal,normal,normal,No actionable deviation,100.0,0.92,cf2f07f3dee2331c19f92ddc75094306967113fb4b2d4f9249f61f552033989c,11.9311
holdout,4,1.43,100,actuator_degradation,0.25,actuator_degradation,actuator_degradation,diagnosed,Actuator performance degradation,90.4,0.7,363053514926bed551c6fddb8590f9496a38161ad0bef1918e4ff53dfe03befa,13.0681
holdout,4,1.43,100,actuator_degradation,0.5,actuator_degradation,actuator_degradation,diagnosed,Actuator performance degradation,74.5,0.87,d8553e5ed5a787f3324f0c8155eda2f7bec21d9860370940644fa0448f5deba4,13.1471
holdout,4,1.43,100,actuator_degradation,0.75,actuator_degradation,actuator_degradation,diagnosed,Actuator performance degradation,65.7,0.92,3d966deec8e160dcd6df149ce457df191c51f2fbc023a63612d1f449c765da09,12.5376
holdout,4,1.43,100,actuator_degradation,1.0,actuator_degradation,actuator_degradation,diagnosed,Actuator performance degradation,64.3,0.92,d75d699819672096a9ace48401c1ecb54488816425b0e064c4d27443509361aa,15.031
holdout,4,1.43,100,sensor_drift,0.0,normal,normal,normal,No actionable deviation,100.0,0.92,cf2f07f3dee2331c19f92ddc75094306967113fb4b2d4f9249f61f552033989c,16.2076
holdout,4,1.43,100,sensor_drift,0.25,sensor_drift,normal,normal,No actionable deviation,99.2,0.92,462bf34238735f8811f17759e23e93fbb794d2dcbc50d992c93421a9911ce7c6,12.7957
holdout,4,1.43,100,sensor_drift,0.5,sensor_drift,sensor_drift,diagnosed,Position sensor drift / process inconsistency,97.6,0.64,29b257b6dce48c871996cf24017245c4500dc9e4b08e659fcaeb75a3553d05ac,13.2379
holdout,4,1.43,100,sensor_drift,0.75,sensor_drift,sensor_drift,diagnosed,Position sensor drift / process inconsistency,96.1,0.66,2785ec08f30b20cd77f038f780149ab195e0b630b457d8ad5517d263e9600e11,13.5943
holdout,4,1.43,100,sensor_drift,1.0,sensor_drift,sensor_drift,diagnosed,Position sensor drift / process inconsistency,94.7,0.68,66149829b2c1489622edc7783d57b3e7041a98b89e61587b8333180315845ddf,13.0378
holdout,4,1.43,101,normal,0.0,normal,normal,normal,No actionable deviation,100.0,0.92,f4c44ee72b8094235bb7622ca24ca924408a16b2c4d68f03fc8bf9397981536a,12.5205
holdout,4,1.43,101,normal,0.25,normal,normal,normal,No actionable deviation,100.0,0.92,f4c44ee72b8094235bb7622ca24ca924408a16b2c4d68f03fc8bf9397981536a,16.9837
holdout,4,1.43,101,normal,0.5,normal,normal,normal,No actionable deviation,100.0,0.92,f4c44ee72b8094235bb7622ca24ca924408a16b2c4d68f03fc8bf9397981536a,12.5216
holdout,4,1.43,101,normal,0.75,normal,normal,normal,No actionable deviation,100.0,0.92,f4c44ee72b8094235bb7622ca24ca924408a16b2c4d68f03fc8bf9397981536a,12.86
holdout,4,1.43,101,normal,1.0,normal,normal,normal,No actionable deviation,100.0,0.92,f4c44ee72b8094235bb7622ca24ca924408a16b2c4d68f03fc8bf9397981536a,12.1892
holdout,4,1.43,101,friction,0.0,normal,normal,normal,No actionable deviation,100.0,0.92,f4c44ee72b8094235bb7622ca24ca924408a16b2c4d68f03fc8bf9397981536a,12.3171
holdout,4,1.43,101,friction,0.25,friction,friction,diagnosed,Friction growth,89.3,0.68,fd8e4b302d031be1a8a8ef4336cb1093f7adfe6f8d88e75f23b02a83bfe3a1e6,12.5163
holdout,4,1.43,101,friction,0.5,friction,friction,diagnosed,Friction growth,77.4,0.75,593dff0b9bb018eae1d92b20bcc6d71a9e2eac0bae3bf52c880fa54c42535198,12.9578
holdout,4,1.43,101,friction,0.75,friction,friction,diagnosed,Friction growth,66.0,0.83,744255b5978e897230039de95c0f4f42cc30ef09f2d099700b06c15a3eb941cd,12.2605
holdout,4,1.43,101,friction,1.0,friction,friction,diagnosed,Friction growth,55.8,0.89,ac0623a1ed5ad92c3c39e36bedadded56118a058d93750e6b64d56a457770573,12.1709
holdout,4,1.43,101,stiction,0.0,normal,normal,normal,No actionable deviation,100.0,0.92,f4c44ee72b8094235bb7622ca24ca924408a16b2c4d68f03fc8bf9397981536a,16.67
holdout,4,1.43,101,stiction,0.25,stiction,stiction,diagnosed,Persistent localized stiction,42.7,0.92,53f6163713113ddc34f0dbb0512a7c381f6eef6d95d506f28b1c474f944c5be0,12.3372
holdout,4,1.43,101,stiction,0.5,stiction,stiction,diagnosed,Persistent localized stiction,40.6,0.92,87a051e37292f88ff108e295ac837b99f9eff2bbbd9de8c820db2fd007da6507,12.2967
holdout,4,1.43,101,stiction,0.75,stiction,stiction,diagnosed,Persistent localized stiction,39.7,0.92,ab63145c425b1c0cfbd636ad7311af041e5808eca764488db403a65bb87c6e96,13.38
holdout,4,1.43,101,stiction,1.0,stiction,stiction,diagnosed,Persistent localized stiction,38.9,0.92,9090c6ed6e1ace813fd43dd764916d17d441a14a85106ed4872167130d602e43,13.1038
holdout,4,1.43,101,obstruction,0.0,normal,normal,normal,No actionable deviation,100.0,0.92,f4c44ee72b8094235bb7622ca24ca924408a16b2c4d68f03fc8bf9397981536a,12.5062
holdout,4,1.43,101,obstruction,0.25,obstruction,obstruction,diagnosed,Travel obstruction or persistent stiction,84.3,0.73,e9eee8baadca00ec081ce3ba185f904fdf770598be04f1f51d41439c6687f83d,11.8901
holdout,4,1.43,101,obstruction,0.5,obstruction,obstruction,diagnosed,Travel obstruction or persistent stiction,70.3,0.84,c0a7baca09d7e471a63af1dd8ed1257190da779bd45cfe02c86c3d8f372fcd2d,12.3624
holdout,4,1.43,101,obstruction,0.75,obstruction,obstruction,diagnosed,Travel obstruction or persistent stiction,54.5,0.92,cb80ba61c0464734e98d08a42757d56c59f0e77d814950ebda5dcceb2279d9a6,12.574
holdout,4,1.43,101,obstruction,1.0,obstruction,obstruction,diagnosed,Travel obstruction or persistent stiction,44.5,0.92,45ed43575828054f3d0e036f7466b7d1ea8d80eb5ee5002d506f5d74c353b1aa,14.3827
holdout,4,1.43,101,actuator_degradation,0.0,normal,normal,normal,No actionable deviation,100.0,0.92,f4c44ee72b8094235bb7622ca24ca924408a16b2c4d68f03fc8bf9397981536a,12.107
holdout,4,1.43,101,actuator_degradation,0.25,actuator_degradation,actuator_degradation,diagnosed,Actuator performance degradation,90.2,0.7,e4418cda6a1a8e41e143b5a534e06f9c191308977e3b88fc955eef57fb224e8e,12.4027
holdout,4,1.43,101,actuator_degradation,0.5,actuator_degradation,actuator_degradation,diagnosed,Actuator performance degradation,74.5,0.87,abdd0f4934423022c1f5c72631e9da039298a1d7922a915b102533d32c953d11,12.9712
holdout,4,1.43,101,actuator_degradation,0.75,actuator_degradation,actuator_degradation,diagnosed,Actuator performance degradation,65.7,0.92,8825f86a0ca898c2874efae929214dad0905fb8875be7bc0f46c3d43f1e887b1,12.1908
holdout,4,1.43,101,actuator_degradation,1.0,actuator_degradation,actuator_degradation,diagnosed,Actuator performance degradation,64.2,0.92,57048f171098662fe05593bb74b5021791ca41f7c030c09b413b3a7a80781008,11.7608
holdout,4,1.43,101,sensor_drift,0.0,normal,normal,normal,No actionable deviation,100.0,0.92,f4c44ee72b8094235bb7622ca24ca924408a16b2c4d68f03fc8bf9397981536a,11.7389
holdout,4,1.43,101,sensor_drift,0.25,sensor_drift,normal,normal,No actionable deviation,99.3,0.92,a95d635b8f627ac87aeb3ed9a434fe1005dcce458c20611f65252af8ae59a056,11.9317
holdout,4,1.43,101,sensor_drift,0.5,sensor_drift,sensor_drift,diagnosed,Position sensor drift / process inconsistency,97.7,0.64,582edd8348309e89f1cc3f90a810ed8329b115fc1055b91c623a65f5c3805078,12.4813
holdout,4,1.43,101,sensor_drift,0.75,sensor_drift,sensor_drift,diagnosed,Position sensor drift / process inconsistency,96.2,0.66,3de864279ca3b9e80078da9655dbf8db636653b36fe1095b8f39c49aea2fb9e0,11.6794
holdout,4,1.43,101,sensor_drift,1.0,sensor_drift,sensor_drift,diagnosed,Position sensor drift / process inconsistency,94.7,0.68,5a8f4445b66d7c5b64bd405a8526402e60f1bb0722a341e5a9f54723780e3f9d,11.7115
holdout,4,1.43,102,normal,0.0,normal,normal,normal,No actionable deviation,100.0,0.92,306a32b87c4b80ca4749020a33eae59b095ae71fb0edc6033a282b62f9371a22,11.9298
holdout,4,1.43,102,normal,0.25,normal,normal,normal,No actionable deviation,100.0,0.92,306a32b87c4b80ca4749020a33eae59b095ae71fb0edc6033a282b62f9371a22,11.5884
holdout,4,1.43,102,normal,0.5,normal,normal,normal,No actionable deviation,100.0,0.92,306a32b87c4b80ca4749020a33eae59b095ae71fb0edc6033a282b62f9371a22,11.6228
holdout,4,1.43,102,normal,0.75,normal,normal,normal,No actionable deviation,100.0,0.92,306a32b87c4b80ca4749020a33eae59b095ae71fb0edc6033a282b62f9371a22,11.5951
holdout,4,1.43,102,normal,1.0,normal,normal,normal,No actionable deviation,100.0,0.92,306a32b87c4b80ca4749020a33eae59b095ae71fb0edc6033a282b62f9371a22,11.7343
holdout,4,1.43,102,friction,0.0,normal,normal,normal,No actionable deviation,100.0,0.92,306a32b87c4b80ca4749020a33eae59b095ae71fb0edc6033a282b62f9371a22,11.7516
holdout,4,1.43,102,friction,0.25,friction,friction,diagnosed,Friction growth,89.5,0.68,63ea3dc727851af42412abe1d8aec17ec9f1c84d4194332d6d41429ea86cf41d,12.548
holdout,4,1.43,102,friction,0.5,friction,friction,diagnosed,Friction growth,77.6,0.75,fc9bf5abda432f1f3cb7caf7c523422eb437963ac293125d9f543c86d37de294,11.881
holdout,4,1.43,102,friction,0.75,friction,friction,diagnosed,Friction growth,66.1,0.83,315eda9e4f953fbfcb0539dec51e8d2b404be9b4cdc8e55dce5892c57f97624d,11.9525
holdout,4,1.43,102,friction,1.0,friction,friction,diagnosed,Friction growth,55.9,0.89,5683fe4edf4a9e234bb7c09a920aaca428bd06da7bfa561711383755a70c042f,12.3642
holdout,4,1.43,102,stiction,0.0,normal,normal,normal,No actionable deviation,100.0,0.92,306a32b87c4b80ca4749020a33eae59b095ae71fb0edc6033a282b62f9371a22,12.0746
holdout,4,1.43,102,stiction,0.25,stiction,stiction,diagnosed,Persistent localized stiction,42.8,0.92,1dfe72f80957359b58dc1acce304a57218de29acf274289b13b352f2ffe51d70,12.1912
holdout,4,1.43,102,stiction,0.5,stiction,stiction,diagnosed,Persistent localized stiction,40.7,0.92,0a3cc12910c4338277cc24f6d8cbd135ee5a0eced2641ec57be362d6790ab64a,12.1028
holdout,4,1.43,102,stiction,0.75,stiction,stiction,diagnosed,Persistent localized stiction,39.6,0.92,543fc7495219f6b4571c26e4072880237ea51f6ed41cb358a9f0a618d9fbe2e4,15.2445
holdout,4,1.43,102,stiction,1.0,stiction,stiction,diagnosed,Persistent localized stiction,39.1,0.92,d423d6a3c032ac7d98d4625402cc3c419893e3433fa1787d15f8ffa553f79b87,12.4058
holdout,4,1.43,102,obstruction,0.0,normal,normal,normal,No actionable deviation,100.0,0.92,306a32b87c4b80ca4749020a33eae59b095ae71fb0edc6033a282b62f9371a22,11.8531
holdout,4,1.43,102,obstruction,0.25,obstruction,obstruction,diagnosed,Travel obstruction or persistent stiction,83.6,0.73,d75a2fcb5918c5daa3b284f79c05efdb59c594bb68e3677cc9e20f84cc85f9db,11.7843
holdout,4,1.43,102,obstruction,0.5,obstruction,obstruction,diagnosed,Travel obstruction or persistent stiction,70.4,0.84,57a624a34b716f9bb0fa24276ec7215009431aa2f02cddbda843926e887c4be0,11.5766
holdout,4,1.43,102,obstruction,0.75,obstruction,obstruction,diagnosed,Travel obstruction or persistent stiction,54.9,0.92,d4b52104094a4e0ddf244a98e218a7b9cc755d9cacb6a4fec641a3755bded7d8,11.6661
holdout,4,1.43,102,obstruction,1.0,obstruction,obstruction,diagnosed,Travel obstruction or persistent stiction,44.6,0.92,5920e721b16bbfa5ee44440d5c59f7d5464150980af0c4295fa840bef3d4b8b1,11.7434
holdout,4,1.43,102,actuator_degradation,0.0,normal,normal,normal,No actionable deviation,100.0,0.92,306a32b87c4b80ca4749020a33eae59b095ae71fb0edc6033a282b62f9371a22,11.6902
holdout,4,1.43,102,actuator_degradation,0.25,actuator_degradation,actuator_degradation,diagnosed,Actuator performance degradation,90.3,0.7,93e15636f502dc94f0de9ab4070f0ace3e3c72b8745741fb5e244f57d96e74ec,11.5421
holdout,4,1.43,102,actuator_degradation,0.5,actuator_degradation,actuator_degradation,diagnosed,Actuator performance degradation,74.5,0.87,c10a307975f58b9ad88c88d3e064e5a5206122fa3b370f6d3bf9c21a9de3dd2d,11.7352
holdout,4,1.43,102,actuator_degradation,0.75,actuator_degradation,actuator_degradation,diagnosed,Actuator performance degradation,65.8,0.92,206a4407a62ac12f1aac94aa071060b93a796f09fa86bd58a700484981fcac53,12.0433
holdout,4,1.43,102,actuator_degradation,1.0,actuator_degradation,actuator_degradation,diagnosed,Actuator performance degradation,64.3,0.92,c7a0b96ae6bb35507a0e1c1fbe17c61daac2ff396ad8939faa6fd14b559c7992,11.7544
holdout,4,1.43,102,sensor_drift,0.0,normal,normal,normal,No actionable deviation,100.0,0.92,306a32b87c4b80ca4749020a33eae59b095ae71fb0edc6033a282b62f9371a22,11.6707
holdout,4,1.43,102,sensor_drift,0.25,sensor_drift,normal,normal,No actionable deviation,99.4,0.92,ee1fba812ee4fb36eb1daf10d17c38da1f539020f30bb5641aaafeabcfcaa36f,11.708
holdout,4,1.43,102,sensor_drift,0.5,sensor_drift,sensor_drift,diagnosed,Position sensor drift / process inconsistency,97.7,0.64,a6357924d352e559792aea417a7b12a1e9a5a40caf52379cf34016adf393b09c,11.7384
holdout,4,1.43,102,sensor_drift,0.75,sensor_drift,sensor_drift,diagnosed,Position sensor drift / process inconsistency,96.3,0.66,5ca0f6bb7a846bba8c74d5010a8fed759629bae0e69e1d9012cd418664332a75,11.6591
holdout,4,1.43,102,sensor_drift,1.0,sensor_drift,sensor_drift,diagnosed,Position sensor drift / process inconsistency,94.7,0.68,a62526aa4ff6ed205eddd7eec6d30f910b3287a7259fe467b585f4ad07a4e181,11.6089
holdout,4,1.43,103,normal,0.0,normal,normal,normal,No actionable deviation,100.0,0.92,4d174db2d9abfc8a9801a3c5b4b07af7b1cf5b3d59c049f0806c299380f73c87,11.7232
holdout,4,1.43,103,normal,0.25,normal,normal,normal,No actionable deviation,100.0,0.92,4d174db2d9abfc8a9801a3c5b4b07af7b1cf5b3d59c049f0806c299380f73c87,11.5958
holdout,4,1.43,103,normal,0.5,normal,normal,normal,No actionable deviation,100.0,0.92,4d174db2d9abfc8a9801a3c5b4b07af7b1cf5b3d59c049f0806c299380f73c87,11.649
holdout,4,1.43,103,normal,0.75,normal,normal,normal,No actionable deviation,100.0,0.92,4d174db2d9abfc8a9801a3c5b4b07af7b1cf5b3d59c049f0806c299380f73c87,11.8118
holdout,4,1.43,103,normal,1.0,normal,normal,normal,No actionable deviation,100.0,0.92,4d174db2d9abfc8a9801a3c5b4b07af7b1cf5b3d59c049f0806c299380f73c87,11.6396
holdout,4,1.43,103,friction,0.0,normal,normal,normal,No actionable deviation,100.0,0.92,4d174db2d9abfc8a9801a3c5b4b07af7b1cf5b3d59c049f0806c299380f73c87,11.6059
holdout,4,1.43,103,friction,0.25,friction,friction,diagnosed,Friction growth,89.3,0.68,3037a160a03e0bd480e8991164bb3f72828f1cff20cd40033fbebe0e035c8962,11.7924
holdout,4,1.43,103,friction,0.5,friction,friction,diagnosed,Friction growth,77.3,0.75,058b139f2361c5d98bdd29bf95d309618080aba5448628f2a9e444f12c82f0b9,12.3334
holdout,4,1.43,103,friction,0.75,friction,friction,diagnosed,Friction growth,65.8,0.83,1e603d94c823ee685aed42788aa494dc78dcac0a46031f38e2257a49a8456779,12.0949
holdout,4,1.43,103,friction,1.0,friction,friction,diagnosed,Friction growth,55.6,0.89,25f8f84e63fff44d650a4921d2fbbfe3ff9aee49bcf8e6e372e34c83cd6a4c33,12.172
holdout,4,1.43,103,stiction,0.0,normal,normal,normal,No actionable deviation,100.0,0.92,4d174db2d9abfc8a9801a3c5b4b07af7b1cf5b3d59c049f0806c299380f73c87,11.8062
holdout,4,1.43,103,stiction,0.25,stiction,stiction,diagnosed,Persistent localized stiction,42.7,0.92,d6f182079916b36effaa88c566b7ff2ae2972ef0a2aa334457df9c5bcc2fbd81,11.7357
holdout,4,1.43,103,stiction,0.5,stiction,stiction,diagnosed,Persistent localized stiction,40.6,0.92,96311a0831b697ac604f4312f93e55189f11401d6eb88291b5ef3c87fe4fbb73,11.6698
holdout,4,1.43,103,stiction,0.75,stiction,stiction,diagnosed,Persistent localized stiction,39.6,0.92,62f70113e59794ae742809a84b7c40bb982663ee5d7df57f2160f63a2a47945a,11.7041
holdout,4,1.43,103,stiction,1.0,stiction,stiction,diagnosed,Persistent localized stiction,39.1,0.92,a65ddea4319ad065606298042c8250a267b36948712b3bf28670cf8a11944faf,11.62
holdout,4,1.43,103,obstruction,0.0,normal,normal,normal,No actionable deviation,100.0,0.92,4d174db2d9abfc8a9801a3c5b4b07af7b1cf5b3d59c049f0806c299380f73c87,11.6563
holdout,4,1.43,103,obstruction,0.25,obstruction,obstruction,diagnosed,Travel obstruction or persistent stiction,84.0,0.73,bb066cd75ce38062c31ecd3ee206b0323cbc2726f777898a93cebf77cac0ae13,13.0581
holdout,4,1.43,103,obstruction,0.5,obstruction,obstruction,diagnosed,Travel obstruction or persistent stiction,70.5,0.84,9bf3138433516132c60903b7f9c2ad6093453c07820f1a3fad3420e0553cf47b,12.0666
holdout,4,1.43,103,obstruction,0.75,obstruction,obstruction,diagnosed,Travel obstruction or persistent stiction,54.4,0.92,b8c1342ad6411e978cdad639cc691c99d788f1f572185f0e67ac1eee42a51a14,11.927
holdout,4,1.43,103,obstruction,1.0,obstruction,obstruction,diagnosed,Travel obstruction or persistent stiction,44.6,0.92,cf417070bfb860bc0c3d9fd3875e8838150bf326329c9a9aba1bdcf2dce972ae,12.0957
holdout,4,1.43,103,actuator_degradation,0.0,normal,normal,normal,No actionable deviation,100.0,0.92,4d174db2d9abfc8a9801a3c5b4b07af7b1cf5b3d59c049f0806c299380f73c87,12.0054
holdout,4,1.43,103,actuator_degradation,0.25,actuator_degradation,actuator_degradation,diagnosed,Actuator performance degradation,90.1,0.7,303d3297d2f6ff8c2ad86927fbc56f2ce4c50c28052fa1826c346df29a6b519a,12.0243
holdout,4,1.43,103,actuator_degradation,0.5,actuator_degradation,actuator_degradation,diagnosed,Actuator performance degradation,74.2,0.87,a8a340a855513a497a200631c304c5391b72f1ebff4656aea791af52fec439d9,11.8859
holdout,4,1.43,103,actuator_degradation,0.75,actuator_degradation,actuator_degradation,diagnosed,Actuator performance degradation,65.5,0.92,46d7f47deb69ffd00367262437bb235fd6154ae9782e491c5c85bc0f49cb2d80,12.5463
holdout,4,1.43,103,actuator_degradation,1.0,actuator_degradation,actuator_degradation,diagnosed,Actuator performance degradation,64.2,0.92,2ae7ef787b45ca58cefdc2f98b048f488db5d8f3a2802f58483453a940d1f566,13.1849
holdout,4,1.43,103,sensor_drift,0.0,normal,normal,normal,No actionable deviation,100.0,0.92,4d174db2d9abfc8a9801a3c5b4b07af7b1cf5b3d59c049f0806c299380f73c87,12.7929
holdout,4,1.43,103,sensor_drift,0.25,sensor_drift,normal,normal,No actionable deviation,99.3,0.92,463feda2892d1ae5bcebede769cba86955af7503adab08e085e53fd84e3df4ae,13.344
holdout,4,1.43,103,sensor_drift,0.5,sensor_drift,sensor_drift,diagnosed,Position sensor drift / process inconsistency,97.6,0.64,b320fdaa0508c4c29664ef88b74b851bc636385882df652ee45f4792494cd2e8,12.1621
holdout,4,1.43,103,sensor_drift,0.75,sensor_drift,sensor_drift,diagnosed,Position sensor drift / process inconsistency,96.0,0.66,f0da3dbc6e7b670610490b173ff9152c10f3159518a33ab0562f49b9a65c2fe2,11.9467
holdout,4,1.43,103,sensor_drift,1.0,sensor_drift,sensor_drift,diagnosed,Position sensor drift / process inconsistency,94.6,0.68,be733aba58cb3c4f10532f0f4e78d6a05a6c6337f77e0f832b9cf7ebeffa1e01,12.133
holdout,4,1.43,104,normal,0.0,normal,normal,normal,No actionable deviation,100.0,0.92,681f1d1db12dc326274a2bcccf327b929bb3cf6d4615c4ec3b38264838d282d0,12.0867
holdout,4,1.43,104,normal,0.25,normal,normal,normal,No actionable deviation,100.0,0.92,681f1d1db12dc326274a2bcccf327b929bb3cf6d4615c4ec3b38264838d282d0,11.7435
holdout,4,1.43,104,normal,0.5,normal,normal,normal,No actionable deviation,100.0,0.92,681f1d1db12dc326274a2bcccf327b929bb3cf6d4615c4ec3b38264838d282d0,11.7773
holdout,4,1.43,104,normal,0.75,normal,normal,normal,No actionable deviation,100.0,0.92,681f1d1db12dc326274a2bcccf327b929bb3cf6d4615c4ec3b38264838d282d0,12.3267
holdout,4,1.43,104,normal,1.0,normal,normal,normal,No actionable deviation,100.0,0.92,681f1d1db12dc326274a2bcccf327b929bb3cf6d4615c4ec3b38264838d282d0,12.4796
holdout,4,1.43,104,friction,0.0,normal,normal,normal,No actionable deviation,100.0,0.92,681f1d1db12dc326274a2bcccf327b929bb3cf6d4615c4ec3b38264838d282d0,12.1549
holdout,4,1.43,104,friction,0.25,friction,friction,diagnosed,Friction growth,89.5,0.68,3abb3366226c1ef9cfdda3cc62a992880138a7747dd879cb6121f332f6315a03,12.1882
holdout,4,1.43,104,friction,0.5,friction,friction,diagnosed,Friction growth,77.5,0.75,78dba3a378ab99496a6834c46bfec16feae2a6638a20683dc2929e337062697b,12.3822
holdout,4,1.43,104,friction,0.75,friction,friction,diagnosed,Friction growth,66.0,0.83,935155a5a69e2d08ccc591463ab58e0372239408e0c79ade7ab7150f5a406911,12.1069
holdout,4,1.43,104,friction,1.0,friction,friction,diagnosed,Friction growth,55.8,0.89,02b4d6f9baa64bc4e849624fb7529961ae92e30160906faa52a8bf5c6b315f1e,12.3699
holdout,4,1.43,104,stiction,0.0,normal,normal,normal,No actionable deviation,100.0,0.92,681f1d1db12dc326274a2bcccf327b929bb3cf6d4615c4ec3b38264838d282d0,12.1916
holdout,4,1.43,104,stiction,0.25,stiction,stiction,diagnosed,Persistent localized stiction,42.7,0.92,85dba270dae020d16ea77e9aedae4234aedc4eae8e860669729f4aa580c34874,11.9223
holdout,4,1.43,104,stiction,0.5,stiction,stiction,diagnosed,Persistent localized stiction,40.7,0.92,ea0bd64b8856150164994954fc1fe203bbe32a23ecbf600e1c36e9f178c2af4f,12.3333
holdout,4,1.43,104,stiction,0.75,stiction,stiction,diagnosed,Persistent localized stiction,39.7,0.92,55d68b4648205710f1ae7b16c9eafc0d79509c6b9e37b205850a958a8cb0d36b,11.9411
holdout,4,1.43,104,stiction,1.0,stiction,stiction,diagnosed,Persistent localized stiction,39.1,0.92,5363214d246e645b0301d64605a2a2748036079983210bb08e9bde1e88e0b0df,12.0256
holdout,4,1.43,104,obstruction,0.0,normal,normal,normal,No actionable deviation,100.0,0.92,681f1d1db12dc326274a2bcccf327b929bb3cf6d4615c4ec3b38264838d282d0,12.2947
holdout,4,1.43,104,obstruction,0.25,obstruction,obstruction,diagnosed,Travel obstruction or persistent stiction,84.6,0.73,088a9d1896352f78e694b1bb07c1fcd64ee9f54531fce22c58c8fdfd1b8ab89a,12.0535
holdout,4,1.43,104,obstruction,0.5,obstruction,obstruction,diagnosed,Travel obstruction or persistent stiction,70.5,0.84,048e8cdcff0061b2081b924ddf111eece4ae394499c321b7beb755aacd6c426a,12.1249
holdout,4,1.43,104,obstruction,0.75,obstruction,obstruction,diagnosed,Travel obstruction or persistent stiction,55.3,0.92,d598666f66d727b859ae0bae767e054294e5db40d8946e10fab2feb43ac8bf35,12.1977
holdout,4,1.43,104,obstruction,1.0,obstruction,obstruction,diagnosed,Travel obstruction or persistent stiction,44.5,0.92,069465ea39595aef11c66ff2fc40d150bd69a2b3020e1045255f075ad45eb55f,12.0206
holdout,4,1.43,104,actuator_degradation,0.0,normal,normal,normal,No actionable deviation,100.0,0.92,681f1d1db12dc326274a2bcccf327b929bb3cf6d4615c4ec3b38264838d282d0,12.0775
holdout,4,1.43,104,actuator_degradation,0.25,actuator_degradation,actuator_degradation,diagnosed,Actuator performance degradation,90.1,0.7,3f0d04cfa17adf1cb50bb69e6155601f3eb99067e7e3fa0ef99d98f1702e45f8,12.0545
holdout,4,1.43,104,actuator_degradation,0.5,actuator_degradation,actuator_degradation,diagnosed,Actuator performance degradation,74.4,0.87,5ef892272f8d31df440140e882bad9293c88d183d3cec06b546edd90570a4a1f,12.1754
holdout,4,1.43,104,actuator_degradation,0.75,actuator_degradation,actuator_degradation,diagnosed,Actuator performance degradation,65.8,0.92,fabd74613f1ae5b68fc7916c2fc94c933bb0a7f30e3da245e5e79f1fee71bfe9,12.083
holdout,4,1.43,104,actuator_degradation,1.0,actuator_degradation,actuator_degradation,diagnosed,Actuator performance degradation,64.4,0.92,6358ff67e34ae1ca3bd31a9531a10962b2da6283111b69f9561a3aa80360dd71,12.5268
holdout,4,1.43,104,sensor_drift,0.0,normal,normal,normal,No actionable deviation,100.0,0.92,681f1d1db12dc326274a2bcccf327b929bb3cf6d4615c4ec3b38264838d282d0,12.436
holdout,4,1.43,104,sensor_drift,0.25,sensor_drift,normal,normal,No actionable deviation,99.4,0.92,db691762e786c979914177c5be38256018bfb6eaacdedd4518c35d8abd5569e0,12.1197
holdout,4,1.43,104,sensor_drift,0.5,sensor_drift,normal,normal,No actionable deviation,97.6,0.92,12ef4072ceec3c384336f3784d589edccabfeeaa2eebb35c92b409e6c6422cdf,12.1044
holdout,4,1.43,104,sensor_drift,0.75,sensor_drift,sensor_drift,diagnosed,Position sensor drift / process inconsistency,96.1,0.66,2a9248cf43fcaf12a20bdc3fc5ec2932767103a228526392c73895ff18511288,12.2885
holdout,4,1.43,104,sensor_drift,1.0,sensor_drift,sensor_drift,diagnosed,Position sensor drift / process inconsistency,94.7,0.68,c921f35131e10d044bfd53d9201a6154247353fb9624d561e0f65f9f73398953,12.0269
holdout,4,1.43,105,normal,0.0,normal,normal,normal,No actionable deviation,100.0,0.92,95abd508bc289a4c80957e38bc99fb69a51f4767f6721188341a9e8edcc7c081,12.281
holdout,4,1.43,105,normal,0.25,normal,normal,normal,No actionable deviation,100.0,0.92,95abd508bc289a4c80957e38bc99fb69a51f4767f6721188341a9e8edcc7c081,12.0214
holdout,4,1.43,105,normal,0.5,normal,normal,normal,No actionable deviation,100.0,0.92,95abd508bc289a4c80957e38bc99fb69a51f4767f6721188341a9e8edcc7c081,11.7331
holdout,4,1.43,105,normal,0.75,normal,normal,normal,No actionable deviation,100.0,0.92,95abd508bc289a4c80957e38bc99fb69a51f4767f6721188341a9e8edcc7c081,12.0363
holdout,4,1.43,105,normal,1.0,normal,normal,normal,No actionable deviation,100.0,0.92,95abd508bc289a4c80957e38bc99fb69a51f4767f6721188341a9e8edcc7c081,11.9145
holdout,4,1.43,105,friction,0.0,normal,normal,normal,No actionable deviation,100.0,0.92,95abd508bc289a4c80957e38bc99fb69a51f4767f6721188341a9e8edcc7c081,12.1487
holdout,4,1.43,105,friction,0.25,friction,friction,diagnosed,Friction growth,89.5,0.68,3388cb80f5865c3c507c6411bcd59975e7a9c83bf3337267ac3b04a384defb81,12.0768
holdout,4,1.43,105,friction,0.5,friction,friction,diagnosed,Friction growth,77.5,0.75,32887ed4686080cb799cde0969a553ee703a046cfdd9356ca709c72db16157d1,11.9368
holdout,4,1.43,105,friction,0.75,friction,friction,diagnosed,Friction growth,66.1,0.83,be282c0ecff5becde01aecff858bf6f749eadb39e3020eb769bf62d3179b50cc,13.832
holdout,4,1.43,105,friction,1.0,friction,friction,diagnosed,Friction growth,55.9,0.89,e4a1a9e3a4111926cb2460f2deab48306c3022e1b458593a5111638b103c5b0b,13.2367
holdout,4,1.43,105,stiction,0.0,normal,normal,normal,No actionable deviation,100.0,0.92,95abd508bc289a4c80957e38bc99fb69a51f4767f6721188341a9e8edcc7c081,13.628
holdout,4,1.43,105,stiction,0.25,stiction,stiction,diagnosed,Persistent localized stiction,42.8,0.92,8b244a49c92aa5354bc20bbcaf94086c028172280cc140f749788948047777bd,13.6684
holdout,4,1.43,105,stiction,0.5,stiction,stiction,diagnosed,Persistent localized stiction,40.7,0.92,75e8434533afca4cf6dcfae218f867b5c6c7148c72f8a06a35f41d9c1deb124a,13.4218
holdout,4,1.43,105,stiction,0.75,stiction,stiction,diagnosed,Persistent localized stiction,39.6,0.92,c24a7537c45f829e5cdbe6792d10a0c6d46426d4465fcded57eaa38a7c5d3963,13.9981
holdout,4,1.43,105,stiction,1.0,stiction,stiction,diagnosed,Persistent localized stiction,39.1,0.92,d0f2f80c58ceb5d498f3c814e2223f6ff5523367dbc80d617b2bbe75f1cb9753,13.5922
holdout,4,1.43,105,obstruction,0.0,normal,normal,normal,No actionable deviation,100.0,0.92,95abd508bc289a4c80957e38bc99fb69a51f4767f6721188341a9e8edcc7c081,13.7192
holdout,4,1.43,105,obstruction,0.25,obstruction,obstruction,diagnosed,Travel obstruction or persistent stiction,84.5,0.73,d994671cb2a506c8a68ab48fa4c130f343ab4ba9966aef11bfae865d7515b9c7,11.9802
holdout,4,1.43,105,obstruction,0.5,obstruction,obstruction,diagnosed,Travel obstruction or persistent stiction,70.4,0.84,6672ac6025c24bef21fdf1dcc32945b48c9e249cad9855d19c679272ae8de264,11.9302
holdout,4,1.43,105,obstruction,0.75,obstruction,obstruction,diagnosed,Travel obstruction or persistent stiction,55.2,0.92,dec301c1ec066ceb3c20d4f9e15f8938fa917315c4ac1a99de4ec72c322bbb72,12.7715
holdout,4,1.43,105,obstruction,1.0,obstruction,obstruction,diagnosed,Travel obstruction or persistent stiction,44.6,0.92,0f696fc8c354725a9933a95700fdbc4347083ab081b08bdf04697b6cd892e42e,13.2123
holdout,4,1.43,105,actuator_degradation,0.0,normal,normal,normal,No actionable deviation,100.0,0.92,95abd508bc289a4c80957e38bc99fb69a51f4767f6721188341a9e8edcc7c081,12.4902
holdout,4,1.43,105,actuator_degradation,0.25,actuator_degradation,actuator_degradation,diagnosed,Actuator performance degradation,90.3,0.7,623e4ccbc02f3d11811cd1a5e3d922e1d42fbafe17b6127b83e9b3d16792feb3,11.9288
holdout,4,1.43,105,actuator_degradation,0.5,actuator_degradation,actuator_degradation,diagnosed,Actuator performance degradation,74.5,0.87,fd2520a6735a17097f25e3ad12b0f66bb64bbcf1752ef92be8169d53f47975c5,11.997
holdout,4,1.43,105,actuator_degradation,0.75,actuator_degradation,actuator_degradation,diagnosed,Actuator performance degradation,65.8,0.92,de871b4b854d4108d3817f1493cca8c12a8437d7d54f7a78530fc1cd1dee2df3,12.0072
holdout,4,1.43,105,actuator_degradation,1.0,actuator_degradation,actuator_degradation,diagnosed,Actuator performance degradation,64.4,0.92,d7c19b0f7f80ae0d3be49a224c64678a069bf3e0daf75190f920967a8c39174d,12.7022
holdout,4,1.43,105,sensor_drift,0.0,normal,normal,normal,No actionable deviation,100.0,0.92,95abd508bc289a4c80957e38bc99fb69a51f4767f6721188341a9e8edcc7c081,12.0464
holdout,4,1.43,105,sensor_drift,0.25,sensor_drift,normal,normal,No actionable deviation,99.3,0.92,0709fd794523c9183f57d50be01b37c2042b64dc6f643f7a8176462e0722f845,12.0654
holdout,4,1.43,105,sensor_drift,0.5,sensor_drift,sensor_drift,diagnosed,Position sensor drift / process inconsistency,97.8,0.64,c319e182c7038641fa38c0bddb2791382df0b4557976b606f151fd1ad23fd4f9,12.3022
holdout,4,1.43,105,sensor_drift,0.75,sensor_drift,sensor_drift,diagnosed,Position sensor drift / process inconsistency,96.0,0.66,f39c9e62a35b3f37d1f0921faa7e684ff94e9ebc53c4ddf2c8388cc5c7307d09,12.3716
holdout,4,1.43,105,sensor_drift,1.0,sensor_drift,sensor_drift,diagnosed,Position sensor drift / process inconsistency,94.7,0.68,1254ef5d3317619c9a5a148eaefed1a5e085e22538da0a746d954a9479112509,12.1459
holdout,4,1.43,106,normal,0.0,normal,normal,normal,No actionable deviation,100.0,0.92,7bc4d6b4e32d1825da2657e7eb806ad6c670fc5ad1498040f7f4c788d2c43bcd,13.6274
holdout,4,1.43,106,normal,0.25,normal,normal,normal,No actionable deviation,100.0,0.92,7bc4d6b4e32d1825da2657e7eb806ad6c670fc5ad1498040f7f4c788d2c43bcd,12.1175
holdout,4,1.43,106,normal,0.5,normal,normal,normal,No actionable deviation,100.0,0.92,7bc4d6b4e32d1825da2657e7eb806ad6c670fc5ad1498040f7f4c788d2c43bcd,12.2063
holdout,4,1.43,106,normal,0.75,normal,normal,normal,No actionable deviation,100.0,0.92,7bc4d6b4e32d1825da2657e7eb806ad6c670fc5ad1498040f7f4c788d2c43bcd,12.3309
holdout,4,1.43,106,normal,1.0,normal,normal,normal,No actionable deviation,100.0,0.92,7bc4d6b4e32d1825da2657e7eb806ad6c670fc5ad1498040f7f4c788d2c43bcd,11.6859
holdout,4,1.43,106,friction,0.0,normal,normal,normal,No actionable deviation,100.0,0.92,7bc4d6b4e32d1825da2657e7eb806ad6c670fc5ad1498040f7f4c788d2c43bcd,12.0873
holdout,4,1.43,106,friction,0.25,friction,friction,diagnosed,Friction growth,89.3,0.68,a789afafbe6fce1e22b69ae1c1cb4e49bd81be8dc4eb0c9b7e774bcf5f741d75,12.8071
holdout,4,1.43,106,friction,0.5,friction,friction,diagnosed,Friction growth,77.4,0.75,0ae224e8aaf8686d65b01123633eef41b880afce15b552475b86e7cff7cb13c1,12.577
holdout,4,1.43,106,friction,0.75,friction,friction,diagnosed,Friction growth,65.9,0.83,08bb1b2f59c2a1dd1464967b90c523d6a2ff8130c72e861737191313e97b440e,12.2298
holdout,4,1.43,106,friction,1.0,friction,friction,diagnosed,Friction growth,55.7,0.89,832cf76d55211b8f73b1b55f322e3a983a264808d6a801488d9f233807753fe9,12.1256
holdout,4,1.43,106,stiction,0.0,normal,normal,normal,No actionable deviation,100.0,0.92,7bc4d6b4e32d1825da2657e7eb806ad6c670fc5ad1498040f7f4c788d2c43bcd,12.4301
holdout,4,1.43,106,stiction,0.25,stiction,stiction,diagnosed,Persistent localized stiction,42.8,0.92,ab762f3754adf13cf20423a7de03c7abbead9bfc2af6c2f6b43ccc09ad46d10f,12.2913
holdout,4,1.43,106,stiction,0.5,stiction,stiction,diagnosed,Persistent localized stiction,40.6,0.92,0889133f8bbcd20519d66640dc851db95e8b1f2fc9e2860cd803ea6844ddeb50,12.2252
holdout,4,1.43,106,stiction,0.75,stiction,stiction,diagnosed,Persistent localized stiction,39.7,0.92,f7a905143e9b30805bcfa2cd6d0c30f298180f4d06a2a78232a231a546e393af,12.4482
holdout,4,1.43,106,stiction,1.0,stiction,stiction,diagnosed,Persistent localized stiction,39.1,0.92,1060e04113aff1ea09043fea4c82f6c49e6f9b1f4d7a17c67d37d825cac5663b,12.2532
holdout,4,1.43,106,obstruction,0.0,normal,normal,normal,No actionable deviation,100.0,0.92,7bc4d6b4e32d1825da2657e7eb806ad6c670fc5ad1498040f7f4c788d2c43bcd,12.0013
holdout,4,1.43,106,obstruction,0.25,obstruction,obstruction,diagnosed,Travel obstruction or persistent stiction,84.2,0.73,e2da5814f52be60db1c082031a960f0abf8861e2dbdeea4fe1ba9eed480da595,12.6558
holdout,4,1.43,106,obstruction,0.5,obstruction,obstruction,diagnosed,Travel obstruction or persistent stiction,70.6,0.84,9c20699a6e7f987122fea553d196df8b719ac50e2c7d6bf0a4d187139182aeca,13.4823
holdout,4,1.43,106,obstruction,0.75,obstruction,obstruction,diagnosed,Travel obstruction or persistent stiction,55.1,0.92,053b7c283f8d5bb3bb1279855c5346cfaa44e5f2aa2f23199c5f41708c392405,12.6171
holdout,4,1.43,106,obstruction,1.0,obstruction,obstruction,diagnosed,Travel obstruction or persistent stiction,44.6,0.92,e4cf46936a142ccd3ba443deea172df772cbb2a5d5fa32ace1584dad645fef3c,13.4837
holdout,4,1.43,106,actuator_degradation,0.0,normal,normal,normal,No actionable deviation,100.0,0.92,7bc4d6b4e32d1825da2657e7eb806ad6c670fc5ad1498040f7f4c788d2c43bcd,12.3908
holdout,4,1.43,106,actuator_degradation,0.25,actuator_degradation,actuator_degradation,diagnosed,Actuator performance degradation,90.2,0.7,0d007755c035a393c38a9263c4c9b6e16847ee6e70df9a00022857adfd691f60,11.8303
holdout,4,1.43,106,actuator_degradation,0.5,actuator_degradation,actuator_degradation,diagnosed,Actuator performance degradation,74.3,0.87,2ee86f56bc7fc1d34067d735b9badef1cca30016514cc4e5d1d8efac5b0f6a59,11.7697
holdout,4,1.43,106,actuator_degradation,0.75,actuator_degradation,actuator_degradation,diagnosed,Actuator performance degradation,65.7,0.92,ff6913155cd55b24f5d0ed9dcdab1170f7190fa4bea068cd5b3a7a882bbb1e44,11.8524
holdout,4,1.43,106,actuator_degradation,1.0,actuator_degradation,actuator_degradation,diagnosed,Actuator performance degradation,64.2,0.92,d9afefc89d23b504d8eecd03eb1f9afd358b30a4da8c6f70a095c97475db0fe3,11.7888
holdout,4,1.43,106,sensor_drift,0.0,normal,normal,normal,No actionable deviation,100.0,0.92,7bc4d6b4e32d1825da2657e7eb806ad6c670fc5ad1498040f7f4c788d2c43bcd,11.9563
holdout,4,1.43,106,sensor_drift,0.25,sensor_drift,normal,normal,No actionable deviation,99.4,0.92,91bbeb139677f10226cf17c099071a6cb0c265577f5cf62af20791a052cef621,11.6575
holdout,4,1.43,106,sensor_drift,0.5,sensor_drift,normal,normal,No actionable deviation,97.8,0.92,9a4291181b3d8f1ede0d98c437a440c64a5e3071d96a02a141cb2a0b7fcbb1a9,12.2354
holdout,4,1.43,106,sensor_drift,0.75,sensor_drift,sensor_drift,diagnosed,Position sensor drift / process inconsistency,96.1,0.66,112f1840fa98639b126d638a4850a542e085425c5281e8e03dad480900419d76,12.0985
holdout,4,1.43,106,sensor_drift,1.0,sensor_drift,sensor_drift,diagnosed,Position sensor drift / process inconsistency,94.6,0.68,629249ff41c9b50111d1e5b7f547401a1afb9faa5628657d0d3eaba963b7c67e,12.3812
holdout,4,1.43,107,normal,0.0,normal,normal,normal,No actionable deviation,100.0,0.92,f1b14f5dff77dcbc815065dad1fadd75dce8bf9b4fd7f450f553afb205ca55f5,13.0379
holdout,4,1.43,107,normal,0.25,normal,normal,normal,No actionable deviation,100.0,0.92,f1b14f5dff77dcbc815065dad1fadd75dce8bf9b4fd7f450f553afb205ca55f5,11.8088
holdout,4,1.43,107,normal,0.5,normal,normal,normal,No actionable deviation,100.0,0.92,f1b14f5dff77dcbc815065dad1fadd75dce8bf9b4fd7f450f553afb205ca55f5,11.6568
holdout,4,1.43,107,normal,0.75,normal,normal,normal,No actionable deviation,100.0,0.92,f1b14f5dff77dcbc815065dad1fadd75dce8bf9b4fd7f450f553afb205ca55f5,11.8594
holdout,4,1.43,107,normal,1.0,normal,normal,normal,No actionable deviation,100.0,0.92,f1b14f5dff77dcbc815065dad1fadd75dce8bf9b4fd7f450f553afb205ca55f5,11.6107
holdout,4,1.43,107,friction,0.0,normal,normal,normal,No actionable deviation,100.0,0.92,f1b14f5dff77dcbc815065dad1fadd75dce8bf9b4fd7f450f553afb205ca55f5,11.7587
holdout,4,1.43,107,friction,0.25,friction,friction,diagnosed,Friction growth,89.3,0.68,2dd692c81ec040356024639f7ecc8e730b1be181ca2cccfeb763df7f7a1dfb92,11.7626
holdout,4,1.43,107,friction,0.5,friction,friction,diagnosed,Friction growth,77.4,0.75,f1186c2899fca68b407e0b8a345d92dd03c83fa0b92265b58b6a26a642332eb2,11.8399
holdout,4,1.43,107,friction,0.75,friction,friction,diagnosed,Friction growth,65.9,0.83,fc5bf03ba08813481ce97b07f5006a92a5a8a75715ddd63d89ae3eea35212390,11.6671
holdout,4,1.43,107,friction,1.0,friction,friction,diagnosed,Friction growth,55.6,0.89,406ebbc37dc23d18553ed182c26b424d763a838d945abe6aea00ff70f0bbe9ee,11.9333
holdout,4,1.43,107,stiction,0.0,normal,normal,normal,No actionable deviation,100.0,0.92,f1b14f5dff77dcbc815065dad1fadd75dce8bf9b4fd7f450f553afb205ca55f5,11.8071
holdout,4,1.43,107,stiction,0.25,stiction,stiction,diagnosed,Persistent localized stiction,42.7,0.92,9fee363c19fd7b70c254c6d6ba9c8522012aee9777dc676dd79e24b0e868da66,12.0635
holdout,4,1.43,107,stiction,0.5,stiction,stiction,diagnosed,Persistent localized stiction,40.6,0.92,2bc8101f6f050ba9fbe78f8d1e473f0012de55cb2ed4bc418003becca2dadac9,12.0291
holdout,4,1.43,107,stiction,0.75,stiction,stiction,diagnosed,Persistent localized stiction,39.7,0.92,85ddc8fd38b99213b15b2edecb9d79dcf93a01af25e984d35e0372805e9b7306,11.8175
holdout,4,1.43,107,stiction,1.0,stiction,stiction,diagnosed,Persistent localized stiction,39.1,0.92,3ba74f86f1537e13a5209d40691734393f3c41639b681e7b6d96ecd87d9e2a6c,11.904
holdout,4,1.43,107,obstruction,0.0,normal,normal,normal,No actionable deviation,100.0,0.92,f1b14f5dff77dcbc815065dad1fadd75dce8bf9b4fd7f450f553afb205ca55f5,12.3057
holdout,4,1.43,107,obstruction,0.25,obstruction,obstruction,diagnosed,Travel obstruction or persistent stiction,83.3,0.73,ff2aa875caf9deafb937110916c125165a2b7c3ada6a571bbf0bc9aa9dce62fb,12.0695
holdout,4,1.43,107,obstruction,0.5,obstruction,obstruction,diagnosed,Travel obstruction or persistent stiction,70.5,0.84,2d997db6ee7766ab4524707b80878b830f3e79400db78f558269a52fca713962,12.0121
holdout,4,1.43,107,obstruction,0.75,obstruction,obstruction,diagnosed,Travel obstruction or persistent stiction,55.6,0.92,f6db653a5ff45a56255e0d40701be9912e047e16a1ae35d4d300c7992175e9ef,12.296
holdout,4,1.43,107,obstruction,1.0,obstruction,obstruction,diagnosed,Travel obstruction or persistent stiction,44.7,0.92,cc884474eb0d92a39832e049e0e09a239e2a361e8730d21c6ceda8f5c7bd844c,12.2539
holdout,4,1.43,107,actuator_degradation,0.0,normal,normal,normal,No actionable deviation,100.0,0.92,f1b14f5dff77dcbc815065dad1fadd75dce8bf9b4fd7f450f553afb205ca55f5,12.1792
holdout,4,1.43,107,actuator_degradation,0.25,actuator_degradation,actuator_degradation,diagnosed,Actuator performance degradation,90.1,0.71,86b8ff7d1b2d329440afe7215829cef57ac203672bf1032f77bffeb64b1dfb11,13.2871
holdout,4,1.43,107,actuator_degradation,0.5,actuator_degradation,actuator_degradation,diagnosed,Actuator performance degradation,74.2,0.87,347240577b7710467446acd83f553833488e904e6b37d66b0e25d407e9684e16,13.7517
holdout,4,1.43,107,actuator_degradation,0.75,actuator_degradation,actuator_degradation,diagnosed,Actuator performance degradation,65.5,0.92,0ade14ea21496eb8b1245d63ff2f3818813a37c76e9db87de82b87d1bb213e9c,12.3518
holdout,4,1.43,107,actuator_degradation,1.0,actuator_degradation,actuator_degradation,diagnosed,Actuator performance degradation,64.3,0.92,1ecc1c527e87002ea29f327fd6336142ccb1d8ad8aa9d23224c4bb149236154b,12.1523
holdout,4,1.43,107,sensor_drift,0.0,normal,normal,normal,No actionable deviation,100.0,0.92,f1b14f5dff77dcbc815065dad1fadd75dce8bf9b4fd7f450f553afb205ca55f5,12.1898
holdout,4,1.43,107,sensor_drift,0.25,sensor_drift,normal,normal,No actionable deviation,99.3,0.92,e4283e3ca44f56064ad0dee2d9b2efa26eaf03f7b6d9a4cf8405adbe8adfdaae,12.1399
holdout,4,1.43,107,sensor_drift,0.5,sensor_drift,normal,normal,No actionable deviation,97.7,0.92,6c20a9e495f299425bea4154e23186da40043dcc91e8f31b08c65549fb6d1039,12.1027
holdout,4,1.43,107,sensor_drift,0.75,sensor_drift,sensor_drift,diagnosed,Position sensor drift / process inconsistency,96.1,0.66,9b11c02c5c6bf8b122493777019b1e1d8f68a352ea894f0e0482aff5379b25ec,12.1045
holdout,4,1.43,107,sensor_drift,1.0,sensor_drift,sensor_drift,diagnosed,Position sensor drift / process inconsistency,94.8,0.68,5bce5c87aa0676561d9eb17568d7e1e8e426e9fb85fe5544499ab6fbbfb2c90c,12.036
holdout,4,1.43,108,normal,0.0,normal,normal,normal,No actionable deviation,100.0,0.92,267b54e9ab9fe2d52541a7422fd71c23fa27dc3b992a753447fd51dc2c684807,12.1386
holdout,4,1.43,108,normal,0.25,normal,normal,normal,No actionable deviation,100.0,0.92,267b54e9ab9fe2d52541a7422fd71c23fa27dc3b992a753447fd51dc2c684807,12.1332
holdout,4,1.43,108,normal,0.5,normal,normal,normal,No actionable deviation,100.0,0.92,267b54e9ab9fe2d52541a7422fd71c23fa27dc3b992a753447fd51dc2c684807,12.1959
holdout,4,1.43,108,normal,0.75,normal,normal,normal,No actionable deviation,100.0,0.92,267b54e9ab9fe2d52541a7422fd71c23fa27dc3b992a753447fd51dc2c684807,12.0508
holdout,4,1.43,108,normal,1.0,normal,normal,normal,No actionable deviation,100.0,0.92,267b54e9ab9fe2d52541a7422fd71c23fa27dc3b992a753447fd51dc2c684807,11.9394
holdout,4,1.43,108,friction,0.0,normal,normal,normal,No actionable deviation,100.0,0.92,267b54e9ab9fe2d52541a7422fd71c23fa27dc3b992a753447fd51dc2c684807,12.0443
holdout,4,1.43,108,friction,0.25,friction,friction,diagnosed,Friction growth,89.5,0.68,a1389e5191bd25b3c255f8811050bfa8a86d0a02bf04267091bf6584ebbaa248,12.507
holdout,4,1.43,108,friction,0.5,friction,friction,diagnosed,Friction growth,77.6,0.75,f5640870370ae9d2533e0e3d661b39cf3af76037b83f8973440346f6f89be1a6,11.9431
holdout,4,1.43,108,friction,0.75,friction,friction,diagnosed,Friction growth,66.1,0.82,1924d1177d2f87b250d4094f02f238c7827699f1019f16848881b4980d20dde6,12.0618
holdout,4,1.43,108,friction,1.0,friction,friction,diagnosed,Friction growth,55.8,0.89,65e8591408a31f60df51354920ad6d7147c015cc253fd9ddd7052cef0e1ee5e2,12.0808
holdout,4,1.43,108,stiction,0.0,normal,normal,normal,No actionable deviation,100.0,0.92,267b54e9ab9fe2d52541a7422fd71c23fa27dc3b992a753447fd51dc2c684807,12.083
holdout,4,1.43,108,stiction,0.25,stiction,stiction,diagnosed,Persistent localized stiction,42.7,0.92,c431d7ee70cd6b61c3b01cad3f2529c2543fbe827bff88439eb4d66add3e3d11,11.8881
holdout,4,1.43,108,stiction,0.5,stiction,stiction,diagnosed,Persistent localized stiction,40.7,0.92,114091c68b5f3325bc918bfb6cce49b45cb4847952e6296d50b76fc667e790df,11.8012
holdout,4,1.43,108,stiction,0.75,stiction,stiction,diagnosed,Persistent localized stiction,39.7,0.92,1a9727deab6871b7b296cfb9c6a21e5c85bb00ad961a9cd074125a8a38265de5,14.2311
holdout,4,1.43,108,stiction,1.0,stiction,stiction,diagnosed,Persistent localized stiction,39.1,0.92,b87db6a74b677dfca2298b07460fe265adec074e210105430df7be23e17af68e,17.5093
holdout,4,1.43,108,obstruction,0.0,normal,normal,normal,No actionable deviation,100.0,0.92,267b54e9ab9fe2d52541a7422fd71c23fa27dc3b992a753447fd51dc2c684807,12.48
holdout,4,1.43,108,obstruction,0.25,obstruction,obstruction,diagnosed,Travel obstruction or persistent stiction,83.8,0.73,043a9356e85fb0b87d5cbf81099133b69646e351519875c45522345c6a648b6c,12.8035
holdout,4,1.43,108,obstruction,0.5,obstruction,obstruction,diagnosed,Travel obstruction or persistent stiction,70.5,0.84,dbb4eae859b07c3575be99616b168db216fdac5ecf28511b3a8625eadfcffb4b,12.4511
holdout,4,1.43,108,obstruction,0.75,obstruction,obstruction,diagnosed,Travel obstruction or persistent stiction,55.6,0.92,210178780b54da8b37e9db2576dfa3387008a671f65e631a9f1023f9b2d24b8b,12.1773
holdout,4,1.43,108,obstruction,1.0,obstruction,obstruction,diagnosed,Travel obstruction or persistent stiction,44.5,0.92,e66848d6477cebb836ff3e86c9282a4f85ada777a9fd2d6ab1349e8339d52033,12.5314
holdout,4,1.43,108,actuator_degradation,0.0,normal,normal,normal,No actionable deviation,100.0,0.92,267b54e9ab9fe2d52541a7422fd71c23fa27dc3b992a753447fd51dc2c684807,12.3346
holdout,4,1.43,108,actuator_degradation,0.25,actuator_degradation,actuator_degradation,diagnosed,Actuator performance degradation,90.2,0.7,f7cb16cda6e03ab4b920016500c689c0963c47d615e8a826786948bbb7be4210,13.8847
holdout,4,1.43,108,actuator_degradation,0.5,actuator_degradation,actuator_degradation,diagnosed,Actuator performance degradation,74.5,0.87,dddb08bb508db103092dfc245ffa632b9ebe522809496c5552c65f04ea43c943,13.3138
holdout,4,1.43,108,actuator_degradation,0.75,actuator_degradation,actuator_degradation,diagnosed,Actuator performance degradation,65.8,0.92,016164bc8588a18aa41fc0a1337a5f6671ac6df022c3e97fe986ab973d4f7da6,12.3851
holdout,4,1.43,108,actuator_degradation,1.0,actuator_degradation,actuator_degradation,diagnosed,Actuator performance degradation,64.4,0.92,775440afe4d93264bb45d3c0703b955b502c8c426469642fa68f660b76643fcb,12.4205
holdout,4,1.43,108,sensor_drift,0.0,normal,normal,normal,No actionable deviation,100.0,0.92,267b54e9ab9fe2d52541a7422fd71c23fa27dc3b992a753447fd51dc2c684807,11.8691
holdout,4,1.43,108,sensor_drift,0.25,sensor_drift,normal,normal,No actionable deviation,99.4,0.92,49106af989baae8aa35e0ce90f9f01b2a906ab9d4fff6ad041e451662daa783e,12.1777
holdout,4,1.43,108,sensor_drift,0.5,sensor_drift,normal,normal,No actionable deviation,97.8,0.92,7864a9485267f9459162c2c469e264eee15477fe01c01ff633dcd9934f9062b8,12.2565
holdout,4,1.43,108,sensor_drift,0.75,sensor_drift,sensor_drift,diagnosed,Position sensor drift / process inconsistency,96.2,0.66,e03e2af36f1ebaf370f592aeb64667441fe59abea6fd65eb1fef20657cc2979a,12.2349
holdout,4,1.43,108,sensor_drift,1.0,sensor_drift,sensor_drift,diagnosed,Position sensor drift / process inconsistency,94.8,0.68,49f767a6e6e755d198a07868e81470d5005029502688c451a9f5395d688f1f4b,11.9831
holdout,4,1.43,109,normal,0.0,normal,normal,normal,No actionable deviation,100.0,0.92,a811f8d089190b3323671fe5c72190804694a77daf035b69c7d33a7d54d01c77,12.0856
holdout,4,1.43,109,normal,0.25,normal,normal,normal,No actionable deviation,100.0,0.92,a811f8d089190b3323671fe5c72190804694a77daf035b69c7d33a7d54d01c77,12.0116
holdout,4,1.43,109,normal,0.5,normal,normal,normal,No actionable deviation,100.0,0.92,a811f8d089190b3323671fe5c72190804694a77daf035b69c7d33a7d54d01c77,12.2613
holdout,4,1.43,109,normal,0.75,normal,normal,normal,No actionable deviation,100.0,0.92,a811f8d089190b3323671fe5c72190804694a77daf035b69c7d33a7d54d01c77,12.2577
holdout,4,1.43,109,normal,1.0,normal,normal,normal,No actionable deviation,100.0,0.92,a811f8d089190b3323671fe5c72190804694a77daf035b69c7d33a7d54d01c77,12.0637
holdout,4,1.43,109,friction,0.0,normal,normal,normal,No actionable deviation,100.0,0.92,a811f8d089190b3323671fe5c72190804694a77daf035b69c7d33a7d54d01c77,12.196
holdout,4,1.43,109,friction,0.25,friction,friction,diagnosed,Friction growth,89.5,0.68,5b6ee4baa7be6ff253376e7f327c91e119596746189d83eb21c6995669add1c1,12.6309
holdout,4,1.43,109,friction,0.5,friction,friction,diagnosed,Friction growth,77.5,0.75,55f69eb513c23c2786f35240318c8338526cf02c5eb7665bdbea365031ee7815,12.4492
holdout,4,1.43,109,friction,0.75,friction,friction,diagnosed,Friction growth,66.1,0.83,a70cb22e90ecab323869281c8d574255db8fdb1569fb6c905f34efbdd78bfc80,12.2069
holdout,4,1.43,109,friction,1.0,friction,friction,diagnosed,Friction growth,55.7,0.89,1ec674436b203891432cd0e2113879c7b26bc9b109588d22e079f4fc349e8a40,12.0275
holdout,4,1.43,109,stiction,0.0,normal,normal,normal,No actionable deviation,100.0,0.92,a811f8d089190b3323671fe5c72190804694a77daf035b69c7d33a7d54d01c77,11.5508
holdout,4,1.43,109,stiction,0.25,stiction,stiction,diagnosed,Persistent localized stiction,42.7,0.92,873784e9cd18d38f30fe7057d363a26d5ca2891c74e8aded8e6b2d2f7a60bb45,11.7422
holdout,4,1.43,109,stiction,0.5,stiction,stiction,diagnosed,Persistent localized stiction,40.7,0.92,59231e1e1567badcfe9677e962a5b62ef6d70dc6624d5d3fb36c143dbe6bcf63,11.6685
holdout,4,1.43,109,stiction,0.75,stiction,stiction,diagnosed,Persistent localized stiction,39.7,0.92,7ad96c490022653d91ba0e14e840b126b02912b18c29865ec21e4c1178bfffdb,11.8074
holdout,4,1.43,109,stiction,1.0,stiction,stiction,diagnosed,Persistent localized stiction,39.1,0.92,20293aeb4090b7412a7f2b19c2c88434e5c4d987e4b7491f28032d4ce1ad6267,11.6341
holdout,4,1.43,109,obstruction,0.0,normal,normal,normal,No actionable deviation,100.0,0.92,a811f8d089190b3323671fe5c72190804694a77daf035b69c7d33a7d54d01c77,11.9786
holdout,4,1.43,109,obstruction,0.25,obstruction,obstruction,diagnosed,Travel obstruction or persistent stiction,84.5,0.73,6539433edd620885d2a4958ea8a93796701ffcf6ac7a3d39b39f08a49740a877,11.9611
holdout,4,1.43,109,obstruction,0.5,obstruction,obstruction,diagnosed,Travel obstruction or persistent stiction,70.6,0.84,87f1eb5e0306f5c25240877df76471a60c2a0301e924f35a628a3c64e2fec8ad,12.2707
holdout,4,1.43,109,obstruction,0.75,obstruction,obstruction,diagnosed,Travel obstruction or persistent stiction,55.1,0.92,3156d6493c316fd5e3bf5654a9b8ac7ef3f1376effe8b37bc675c2a5f8bd2858,12.2935
holdout,4,1.43,109,obstruction,1.0,obstruction,obstruction,diagnosed,Travel obstruction or persistent stiction,44.6,0.92,9b88fadb8c8c20e98f4ed071e37585a853750bf0a7b55d09aeeb8f12f95bfb27,12.2954
holdout,4,1.43,109,actuator_degradation,0.0,normal,normal,normal,No actionable deviation,100.0,0.92,a811f8d089190b3323671fe5c72190804694a77daf035b69c7d33a7d54d01c77,12.1374
holdout,4,1.43,109,actuator_degradation,0.25,actuator_degradation,actuator_degradation,diagnosed,Actuator performance degradation,90.4,0.71,e956bfeb8e2d72d80d66265fbf188e864fbcdef15e591476de19d1feccf23c75,11.978
holdout,4,1.43,109,actuator_degradation,0.5,actuator_degradation,actuator_degradation,diagnosed,Actuator performance degradation,74.5,0.87,d655b94311b813c12241dc1a427667de015e9c416cdeb7013021d129d7baef49,12.443
holdout,4,1.43,109,actuator_degradation,0.75,actuator_degradation,actuator_degradation,diagnosed,Actuator performance degradation,65.7,0.92,98f9b71470d5099dc0b117a532b6d78de42433b75d80d8f50b6d07c5f83f9f91,12.1975
holdout,4,1.43,109,actuator_degradation,1.0,actuator_degradation,actuator_degradation,diagnosed,Actuator performance degradation,64.4,0.92,50d824ca91bf2c9f4544c82f27b1218ca71dd6c526cddf124a5836a89f5d5a89,12.254
holdout,4,1.43,109,sensor_drift,0.0,normal,normal,normal,No actionable deviation,100.0,0.92,a811f8d089190b3323671fe5c72190804694a77daf035b69c7d33a7d54d01c77,12.5693
holdout,4,1.43,109,sensor_drift,0.25,sensor_drift,normal,normal,No actionable deviation,99.2,0.92,cbdb76642cfd53e6015baf5df7ca468306afd6bd3af5a96e34e31cc45e9d5631,12.4456
holdout,4,1.43,109,sensor_drift,0.5,sensor_drift,sensor_drift,diagnosed,Position sensor drift / process inconsistency,97.6,0.64,1cc7446d0cb7732eb9799a5d9b2ec1f6dfd1f9f4c553088fb9c3bf60af11a04b,12.103
holdout,4,1.43,109,sensor_drift,0.75,sensor_drift,sensor_drift,diagnosed,Position sensor drift / process inconsistency,96.0,0.66,f30e070a2465fcbb9c997c4a276b0a0b1e345683a0c8644dc674608f93151509,11.9656
holdout,4,1.43,109,sensor_drift,1.0,sensor_drift,sensor_drift,diagnosed,Position sensor drift / process inconsistency,94.5,0.68,e8e2a4cbb72f80bc03a2c667645c535f2d796173159ea7a4d720841f4510a385,11.9215
