split,operating_condition,load_factor,seed,configured_fault,severity,truth,prediction,decision_state,finding,health_score,evidence_strength,observable_sha256,latency_ms
development,0,0.75,0,normal,0.0,normal,normal,normal,No actionable deviation,100.0,0.92,34b40b55e28c279542676989e001cbfcedbab2abfdfb1743d1ff3dc2c577ff39,14.016
development,0,0.75,0,normal,0.25,normal,normal,normal,No actionable deviation,100.0,0.92,34b40b55e28c279542676989e001cbfcedbab2abfdfb1743d1ff3dc2c577ff39,12.3216
development,0,0.75,0,normal,0.5,normal,normal,normal,No actionable deviation,100.0,0.92,34b40b55e28c279542676989e001cbfcedbab2abfdfb1743d1ff3dc2c577ff39,12.0307
development,0,0.75,0,normal,0.75,normal,normal,normal,No actionable deviation,100.0,0.92,34b40b55e28c279542676989e001cbfcedbab2abfdfb1743d1ff3dc2c577ff39,12.0769
development,0,0.75,0,normal,1.0,normal,normal,normal,No actionable deviation,100.0,0.92,34b40b55e28c279542676989e001cbfcedbab2abfdfb1743d1ff3dc2c577ff39,12.1226
development,0,0.75,0,friction,0.0,normal,normal,normal,No actionable deviation,100.0,0.92,34b40b55e28c279542676989e001cbfcedbab2abfdfb1743d1ff3dc2c577ff39,11.9201
development,0,0.75,0,friction,0.25,friction,normal,normal,No actionable deviation,96.7,0.92,478e6df5163d6715037b52f55ccd770356a931a64c5ed50757b10efb91196e02,12.2092
development,0,0.75,0,friction,0.5,friction,normal,normal,No actionable deviation,93.8,0.92,636ddfbf763e436583f290511ffc3343bd4c878a7c927c135ce55229741994f7,12.1825
development,0,0.75,0,friction,0.75,friction,normal,normal,No actionable deviation,90.5,0.92,89e2faf5161194b2d9fa94cd662e4f7c33f753e53ca8aca888715691f1b56541,12.1846
development,0,0.75,0,friction,1.0,friction,friction,diagnosed,Friction growth,87.1,0.77,a23a9a69c2848b0c3674b2e7f10a42f7877d474c601e6a8b5a2d155675546ece,13.2287
development,0,0.75,0,stiction,0.0,normal,normal,normal,No actionable deviation,100.0,0.92,34b40b55e28c279542676989e001cbfcedbab2abfdfb1743d1ff3dc2c577ff39,12.0842
development,0,0.75,0,stiction,0.25,stiction,friction,diagnosed,Friction growth,58.7,0.92,4f4363f4ee8fb9a963b58ba862f278ad7164eb0b4492fd757358760476b30181,12.3264
development,0,0.75,0,stiction,0.5,stiction,stiction,diagnosed,Persistent localized stiction,27.1,0.92,129a5c7bb97c0ce8c0547ffa0968e99ccf070e47bd3399fc157c072c0fa3fbb9,12.2495
development,0,0.75,0,stiction,0.75,stiction,stiction,diagnosed,Persistent localized stiction,24.9,0.92,39840e046e7b54c6e1cf2e29e01824df14e3317689103df2ad087b1b6f979bdf,12.6471
development,0,0.75,0,stiction,1.0,stiction,stiction,diagnosed,Persistent localized stiction,23.8,0.92,9c3c3c41ff4393db3f00ffc0e2a4ba2a62c647bc41b731927cf505ddad360c73,12.3815
development,0,0.75,0,obstruction,0.0,normal,normal,normal,No actionable deviation,100.0,0.92,34b40b55e28c279542676989e001cbfcedbab2abfdfb1743d1ff3dc2c577ff39,12.3458
development,0,0.75,0,obstruction,0.25,obstruction,friction,diagnosed,Friction growth,59.1,0.92,d2c214059a5176a94406e9d0f8d5032b7b1693cd92b184839ab1e8e3d7dc3499,12.2491
development,0,0.75,0,obstruction,0.5,obstruction,obstruction,diagnosed,Travel obstruction or persistent stiction,42.6,0.92,23f4803e4284eb0a1c95822e30331d12a9279b84cd4bc35e48190230b9e46c63,12.0557
development,0,0.75,0,obstruction,0.75,obstruction,obstruction,diagnosed,Travel obstruction or persistent stiction,31.7,0.92,151bb119adbf30e71c3a3e1dd0031ab661a6239cf5c75b0df4ad14b505989877,11.7498
development,0,0.75,0,obstruction,1.0,obstruction,obstruction,diagnosed,Travel obstruction or persistent stiction,22.3,0.92,9a030c7da4a8d0fa112c23517d7a0095bf9136851123843dfa5f9204c14c9065,11.9727
development,0,0.75,0,actuator_degradation,0.0,normal,normal,normal,No actionable deviation,100.0,0.92,34b40b55e28c279542676989e001cbfcedbab2abfdfb1743d1ff3dc2c577ff39,11.9157
development,0,0.75,0,actuator_degradation,0.25,actuator_degradation,actuator_degradation,diagnosed,Actuator performance degradation,96.8,0.68,030054a0ef3f379a4c614721a552b9d72d66e6fa701b2487d0793fd5ae6f3564,12.1103
development,0,0.75,0,actuator_degradation,0.5,actuator_degradation,actuator_degradation,diagnosed,Actuator performance degradation,92.5,0.76,6e8710e99d8f2521f0c645494b5a66e867a0ae37ab6cbbe30e354c60dd762511,11.9899
development,0,0.75,0,actuator_degradation,0.75,actuator_degradation,actuator_degradation,diagnosed,Actuator performance degradation,84.9,0.89,e0dbc7711feb9a9ecd2cdf5af07a7a625e6c7d6d56939b493778473a61b354a9,12.1822
development,0,0.75,0,actuator_degradation,1.0,actuator_degradation,actuator_degradation,diagnosed,Actuator performance degradation,60.5,0.92,1eac28843625d7a58cf3e90d59299559f101a7d439b8191d07a5a1d0c172db7e,13.214
development,0,0.75,0,sensor_drift,0.0,normal,normal,normal,No actionable deviation,100.0,0.92,34b40b55e28c279542676989e001cbfcedbab2abfdfb1743d1ff3dc2c577ff39,12.4212
development,0,0.75,0,sensor_drift,0.25,sensor_drift,normal,normal,No actionable deviation,98.8,0.92,df7dfc49f3892b121e164a2038226b231c612804fab3582af2f12827b7b848f5,13.422
development,0,0.75,0,sensor_drift,0.5,sensor_drift,normal,normal,No actionable deviation,97.5,0.92,7b9ee0e5e3a33870eb312b19c2023fe057e6c9ebd2d2238c7e72aae6eab3d05d,11.7568
development,0,0.75,0,sensor_drift,0.75,sensor_drift,sensor_drift,diagnosed,Position sensor drift / process inconsistency,96.4,0.65,6315ec166652a5c6d92320bf0670f644a0dbc88c2a0c4a9070670eb5a296216d,14.8977
development,0,0.75,0,sensor_drift,1.0,sensor_drift,sensor_drift,diagnosed,Position sensor drift / process inconsistency,95.5,0.66,d457746c9035fbece42f4c245da41d3335bc75e5ae91e7951d19685987b5fd54,11.7284
development,0,0.75,1,normal,0.0,normal,normal,normal,No actionable deviation,100.0,0.92,e6f917416a64bc2848e6d39d51d2006f5cbac21b3d8b1d55f0a4e64235c6212f,11.7702
development,0,0.75,1,normal,0.25,normal,normal,normal,No actionable deviation,100.0,0.92,e6f917416a64bc2848e6d39d51d2006f5cbac21b3d8b1d55f0a4e64235c6212f,11.5265
development,0,0.75,1,normal,0.5,normal,normal,normal,No actionable deviation,100.0,0.92,e6f917416a64bc2848e6d39d51d2006f5cbac21b3d8b1d55f0a4e64235c6212f,11.4803
development,0,0.75,1,normal,0.75,normal,normal,normal,No actionable deviation,100.0,0.92,e6f917416a64bc2848e6d39d51d2006f5cbac21b3d8b1d55f0a4e64235c6212f,11.6985
development,0,0.75,1,normal,1.0,normal,normal,normal,No actionable deviation,100.0,0.92,e6f917416a64bc2848e6d39d51d2006f5cbac21b3d8b1d55f0a4e64235c6212f,11.6385
development,0,0.75,1,friction,0.0,normal,normal,normal,No actionable deviation,100.0,0.92,e6f917416a64bc2848e6d39d51d2006f5cbac21b3d8b1d55f0a4e64235c6212f,11.4952
development,0,0.75,1,friction,0.25,friction,normal,normal,No actionable deviation,96.8,0.92,853708b8a2d83ec38ff008092e79a20a83de79e70f99762e9779c7f84742321e,11.7274
development,0,0.75,1,friction,0.5,friction,normal,normal,No actionable deviation,93.8,0.92,646fb7702b2268d04ac4dd4127def69d07c0b30e484020e4dcc856584b36c711,11.54
development,0,0.75,1,friction,0.75,friction,normal,normal,No actionable deviation,90.4,0.92,0a7beb308417a9d18c03388554fcea8d249dbba11212f02119c59cf895bec6fd,11.8461
development,0,0.75,1,friction,1.0,friction,friction,diagnosed,Friction growth,87.2,0.77,0831400cf1cff71e753ecae6b6b78c3f113916747cf177fc191a5be4418753fe,11.9074
development,0,0.75,1,stiction,0.0,normal,normal,normal,No actionable deviation,100.0,0.92,e6f917416a64bc2848e6d39d51d2006f5cbac21b3d8b1d55f0a4e64235c6212f,11.6042
development,0,0.75,1,stiction,0.25,stiction,friction,diagnosed,Friction growth,58.7,0.92,6cd5ae37cb4d8897a02abb04efc18682536116d2d7d4fbaaadae1bb4516c721a,11.7215
development,0,0.75,1,stiction,0.5,stiction,stiction,diagnosed,Persistent localized stiction,27.1,0.92,f166ce6ca6b7326d66347054fba197f4fd7944156fb1a1dad90ba40916def5ee,11.6722
development,0,0.75,1,stiction,0.75,stiction,stiction,diagnosed,Persistent localized stiction,25.0,0.92,ceb706cab0560870e6a41131c6699b5d9b1886456a54e4d7e267696ef0a3d48b,11.7076
development,0,0.75,1,stiction,1.0,stiction,stiction,diagnosed,Persistent localized stiction,23.8,0.92,aee578ba128f979c7d84004afd3a4aabde7a47a17689ee69e6f7bc0e5f851f57,13.8499
development,0,0.75,1,obstruction,0.0,normal,normal,normal,No actionable deviation,100.0,0.92,e6f917416a64bc2848e6d39d51d2006f5cbac21b3d8b1d55f0a4e64235c6212f,13.3688
development,0,0.75,1,obstruction,0.25,obstruction,friction,diagnosed,Friction growth,59.1,0.92,5f6b2bfedf0e1c8d39bf8716e2fe4ac2697da78c3da06c3740e425b0b99fdeaa,13.0147
development,0,0.75,1,obstruction,0.5,obstruction,obstruction,diagnosed,Travel obstruction or persistent stiction,43.1,0.92,1dafb192620711faa6971f878b55f5515cd08c97cc448e48d548314242e978e1,13.4922
development,0,0.75,1,obstruction,0.75,obstruction,obstruction,diagnosed,Travel obstruction or persistent stiction,32.0,0.92,0232266a40103fae8d7c260c0de5bddace96facd97bc58fa2243fc6ef400c220,12.2743
development,0,0.75,1,obstruction,1.0,obstruction,obstruction,diagnosed,Travel obstruction or persistent stiction,22.1,0.92,5c01e3320f915a5c5ecc1a3215b49bf2e28bc2ab7b95a5c8a5022f1eaff5fc64,11.9187
development,0,0.75,1,actuator_degradation,0.0,normal,normal,normal,No actionable deviation,100.0,0.92,e6f917416a64bc2848e6d39d51d2006f5cbac21b3d8b1d55f0a4e64235c6212f,11.5442
development,0,0.75,1,actuator_degradation,0.25,actuator_degradation,actuator_degradation,diagnosed,Actuator performance degradation,96.8,0.68,1a9ba6ed9a4afcb06089774470e0d19a299a142b9ac16489ab595d3bcaf7528d,11.4819
development,0,0.75,1,actuator_degradation,0.5,actuator_degradation,actuator_degradation,diagnosed,Actuator performance degradation,92.5,0.76,05667c1faccb784691890bccb470833f0902a63c2b858ab8b81a081ab82ec90d,11.7219
development,0,0.75,1,actuator_degradation,0.75,actuator_degradation,actuator_degradation,diagnosed,Actuator performance degradation,85.3,0.88,3cfbf94d55e28791b1aca25e843b42ab3cab988dac730e95844cdfa770413026,12.1902
development,0,0.75,1,actuator_degradation,1.0,actuator_degradation,actuator_degradation,diagnosed,Actuator performance degradation,60.8,0.92,939fb63d3683506a3407235b6b81eb91883ed4334616f3059f910a7e1a464c73,11.8264
development,0,0.75,1,sensor_drift,0.0,normal,normal,normal,No actionable deviation,100.0,0.92,e6f917416a64bc2848e6d39d51d2006f5cbac21b3d8b1d55f0a4e64235c6212f,11.6844
development,0,0.75,1,sensor_drift,0.25,sensor_drift,normal,normal,No actionable deviation,98.8,0.92,0491ff43aa532f59e7361a517a51426623d080aae2e54152dbdc1325b2a3005b,11.5612
development,0,0.75,1,sensor_drift,0.5,sensor_drift,normal,normal,No actionable deviation,97.7,0.92,7804beadb713dd89c87e13150c6ecd4faf801ba4fe5f623d0ef1b3dedbcd1759,11.4883
development,0,0.75,1,sensor_drift,0.75,sensor_drift,sensor_drift,diagnosed,Position sensor drift / process inconsistency,96.6,0.65,f4b31724f6ccbda9a5b6bca68bf8fd494ea7bb1f0f3df5d1a13ee93a0e955e20,11.6035
development,0,0.75,1,sensor_drift,1.0,sensor_drift,sensor_drift,diagnosed,Position sensor drift / process inconsistency,95.4,0.66,6292722543092190281f699711ebdb245fd05167c8b88bd55d38890ab2c72f25,11.6223
development,0,0.75,2,normal,0.0,normal,normal,normal,No actionable deviation,100.0,0.92,b46d9b9c504d1aca0e13022dcc88267bf782f71b57b729f39953271c685ab9c4,11.5424
development,0,0.75,2,normal,0.25,normal,normal,normal,No actionable deviation,100.0,0.92,b46d9b9c504d1aca0e13022dcc88267bf782f71b57b729f39953271c685ab9c4,11.5965
development,0,0.75,2,normal,0.5,normal,normal,normal,No actionable deviation,100.0,0.92,b46d9b9c504d1aca0e13022dcc88267bf782f71b57b729f39953271c685ab9c4,12.393
development,0,0.75,2,normal,0.75,normal,normal,normal,No actionable deviation,100.0,0.92,b46d9b9c504d1aca0e13022dcc88267bf782f71b57b729f39953271c685ab9c4,12.0136
development,0,0.75,2,normal,1.0,normal,normal,normal,No actionable deviation,100.0,0.92,b46d9b9c504d1aca0e13022dcc88267bf782f71b57b729f39953271c685ab9c4,11.6156
development,0,0.75,2,friction,0.0,normal,normal,normal,No actionable deviation,100.0,0.92,b46d9b9c504d1aca0e13022dcc88267bf782f71b57b729f39953271c685ab9c4,11.7156
development,0,0.75,2,friction,0.25,friction,normal,normal,No actionable deviation,97.1,0.92,75a02aea0086e4f97f020a2c0915cf59ac68196dbb02f9ac37105e9cedf3f73a,11.7651
development,0,0.75,2,friction,0.5,friction,normal,normal,No actionable deviation,93.7,0.92,03718f46cab3947965bf8fb3ea1e5aeb4c2ede2066df239baaa3a0e96e032f27,11.6217
development,0,0.75,2,friction,0.75,friction,normal,normal,No actionable deviation,90.5,0.92,3aaedb34e1257a9ca1353db3ec9e69e79f91ad135395762a6299300afc17e498,11.704
development,0,0.75,2,friction,1.0,friction,friction,diagnosed,Friction growth,87.1,0.77,f927181b48122ecb1ed6406be4a38a61236d6d7d581567b1fc98cd187465f1c7,11.7573
development,0,0.75,2,stiction,0.0,normal,normal,normal,No actionable deviation,100.0,0.92,b46d9b9c504d1aca0e13022dcc88267bf782f71b57b729f39953271c685ab9c4,11.6218
development,0,0.75,2,stiction,0.25,stiction,friction,diagnosed,Friction growth,58.5,0.92,65dc20cb490f45281d1d3204f07089e2b3be0ee86bdd75e1644e9ec266e90919,12.0904
development,0,0.75,2,stiction,0.5,stiction,stiction,diagnosed,Persistent localized stiction,27.1,0.92,59a088d22f717b2c5817a0aab970ef5efcd75ad1f5e7194334180b6716894c28,11.8011
development,0,0.75,2,stiction,0.75,stiction,stiction,diagnosed,Persistent localized stiction,24.9,0.92,661871ee8fcca194040a8af5b7b67742641032666284e5615e39765e306442c1,11.8977
development,0,0.75,2,stiction,1.0,stiction,stiction,diagnosed,Persistent localized stiction,23.8,0.92,fa2dd5184c6eece09ff84d2841de8d0f30b0ef19647d6d3c7ee9d12067871be1,11.6617
development,0,0.75,2,obstruction,0.0,normal,normal,normal,No actionable deviation,100.0,0.92,b46d9b9c504d1aca0e13022dcc88267bf782f71b57b729f39953271c685ab9c4,11.8018
development,0,0.75,2,obstruction,0.25,obstruction,friction,diagnosed,Friction growth,58.3,0.92,76e20e2abddc9f1efff96634249d72d460d9fffff2d7b1759768d84963a79db9,11.714
development,0,0.75,2,obstruction,0.5,obstruction,obstruction,diagnosed,Travel obstruction or persistent stiction,43.8,0.92,58f1d4a4ec01b93af4a617192339f3cae7e8dfadef8735faeb98e9f89719cf84,11.768
development,0,0.75,2,obstruction,0.75,obstruction,obstruction,diagnosed,Travel obstruction or persistent stiction,32.0,0.92,e718814d0f22ff29d1b3ef4100721a9eaaf7b02dc29837ec293484aa2ab86b0d,11.8386
development,0,0.75,2,obstruction,1.0,obstruction,obstruction,diagnosed,Travel obstruction or persistent stiction,22.3,0.92,0f5ed0ed96709e4439f70769daec926b01c0ce28c1decb8d38138d43f65a95c2,11.7381
development,0,0.75,2,actuator_degradation,0.0,normal,normal,normal,No actionable deviation,100.0,0.92,b46d9b9c504d1aca0e13022dcc88267bf782f71b57b729f39953271c685ab9c4,11.783
development,0,0.75,2,actuator_degradation,0.25,actuator_degradation,actuator_degradation,diagnosed,Actuator performance degradation,96.8,0.68,1a23423129b5c3fab55b85b39da45634432950483b041ee3bf36bc128f07ba5c,11.7372
development,0,0.75,2,actuator_degradation,0.5,actuator_degradation,actuator_degradation,diagnosed,Actuator performance degradation,92.5,0.76,310493209701012de940db04adf32441a5e628581a753211ec0a9292c0bc9c51,11.7741
development,0,0.75,2,actuator_degradation,0.75,actuator_degradation,actuator_degradation,diagnosed,Actuator performance degradation,84.7,0.89,5a06fadebb911aba198dd826b5b4abf51dee7a0be29160c19c1216b0c37f1224,12.0267
development,0,0.75,2,actuator_degradation,1.0,actuator_degradation,actuator_degradation,diagnosed,Actuator performance degradation,60.4,0.92,a6b4c79921cc7d555d19515a6c7451ea465ad4b3dc4406e8c2988a6ecae83cde,11.7545
development,0,0.75,2,sensor_drift,0.0,normal,normal,normal,No actionable deviation,100.0,0.92,b46d9b9c504d1aca0e13022dcc88267bf782f71b57b729f39953271c685ab9c4,11.8601
development,0,0.75,2,sensor_drift,0.25,sensor_drift,normal,normal,No actionable deviation,98.7,0.92,5d1beac1a328e781d70c8de85f5e77d95b819852e0d3a140acc507719a00c4eb,11.8446
development,0,0.75,2,sensor_drift,0.5,sensor_drift,normal,normal,No actionable deviation,97.6,0.92,336c171a419c49bc479ee797920734c2d463f18e7e86d519747950ffdbdc23ff,11.7849
development,0,0.75,2,sensor_drift,0.75,sensor_drift,sensor_drift,diagnosed,Position sensor drift / process inconsistency,96.5,0.65,b5f70cacc7cba32ad9cde63b994f18b80efdebddc424d80bc49adea379f4cc01,11.7941
development,0,0.75,2,sensor_drift,1.0,sensor_drift,sensor_drift,diagnosed,Position sensor drift / process inconsistency,95.5,0.66,6b32bb172523d13071425eaaeb54ea843ea0246b3f3ce41ff8ead4890b5b98e6,11.822
development,0,0.75,3,normal,0.0,normal,normal,normal,No actionable deviation,100.0,0.92,b1dc539d96b3f65f4565bb846232920f54a69b7ffcd356ef095be9eff08d29af,11.784
development,0,0.75,3,normal,0.25,normal,normal,normal,No actionable deviation,100.0,0.92,b1dc539d96b3f65f4565bb846232920f54a69b7ffcd356ef095be9eff08d29af,13.0369
development,0,0.75,3,normal,0.5,normal,normal,normal,No actionable deviation,100.0,0.92,b1dc539d96b3f65f4565bb846232920f54a69b7ffcd356ef095be9eff08d29af,11.8789
development,0,0.75,3,normal,0.75,normal,normal,normal,No actionable deviation,100.0,0.92,b1dc539d96b3f65f4565bb846232920f54a69b7ffcd356ef095be9eff08d29af,11.7229
development,0,0.75,3,normal,1.0,normal,normal,normal,No actionable deviation,100.0,0.92,b1dc539d96b3f65f4565bb846232920f54a69b7ffcd356ef095be9eff08d29af,11.7525
development,0,0.75,3,friction,0.0,normal,normal,normal,No actionable deviation,100.0,0.92,b1dc539d96b3f65f4565bb846232920f54a69b7ffcd356ef095be9eff08d29af,11.7901
development,0,0.75,3,friction,0.25,friction,normal,normal,No actionable deviation,97.1,0.92,602bb27519ce35600401b7bee84788d7331809ec951ba4e584528353d60a0a96,11.8252
development,0,0.75,3,friction,0.5,friction,normal,normal,No actionable deviation,94.0,0.92,1fbf39c03c347508c56621dd60a2ec2b9bb8f98f65fb0865bed98059413fd12e,11.7885
development,0,0.75,3,friction,0.75,friction,normal,normal,No actionable deviation,91.0,0.92,cb9d78df6a174e89dc6911228b7e5100b72ba2d71a87303b3c91a9a7d755ef9f,11.8084
development,0,0.75,3,friction,1.0,friction,friction,diagnosed,Friction growth,87.3,0.77,81372057f2b27dcf51b82650facedd249ccb87f5431b53e7f9ead1a28303f27b,11.6456
development,0,0.75,3,stiction,0.0,normal,normal,normal,No actionable deviation,100.0,0.92,b1dc539d96b3f65f4565bb846232920f54a69b7ffcd356ef095be9eff08d29af,11.7755
development,0,0.75,3,stiction,0.25,stiction,friction,diagnosed,Friction growth,58.7,0.92,ffdf7425e152f6fc0ee5981120e686e105288b2a435478673ec4c850f34fcd80,11.6289
development,0,0.75,3,stiction,0.5,stiction,stiction,diagnosed,Persistent localized stiction,27.1,0.92,5fd8603fea8554f6ec62df86aee8fc1190730c5f81319a3362377892e29dd7b6,11.8381
development,0,0.75,3,stiction,0.75,stiction,stiction,diagnosed,Persistent localized stiction,24.9,0.92,9d8ceab0dd8fba819d122661184c2e7f01d8c6a75137207bf22471159e1c1702,11.8898
development,0,0.75,3,stiction,1.0,stiction,stiction,diagnosed,Persistent localized stiction,23.8,0.92,c276a3c20edfc37e400dd7a977e2d01aa9b19d7dadfc0f7d69350cf9c1c91d06,11.7423
development,0,0.75,3,obstruction,0.0,normal,normal,normal,No actionable deviation,100.0,0.92,b1dc539d96b3f65f4565bb846232920f54a69b7ffcd356ef095be9eff08d29af,11.6035
development,0,0.75,3,obstruction,0.25,obstruction,friction,diagnosed,Friction growth,59.5,0.92,a5ddeb4756d07b120c5c1e5df1f81802b84377566b7f7e12614d2a8fd15ba8a1,11.7216
development,0,0.75,3,obstruction,0.5,obstruction,obstruction,diagnosed,Travel obstruction or persistent stiction,43.3,0.92,8b7c545eaecd860a9e58a72a7b598e9a69aa1f17a23a6e20d412ae3f81d52265,11.6791
development,0,0.75,3,obstruction,0.75,obstruction,obstruction,diagnosed,Travel obstruction or persistent stiction,31.9,0.92,21645f441f96516810d9a08a7fa91692ab607f42b3525f8757809a1f993bfb9c,11.641
development,0,0.75,3,obstruction,1.0,obstruction,obstruction,diagnosed,Travel obstruction or persistent stiction,22.3,0.92,923072fab9f6b119d3191ac69d1a1bee7a5b2ad58f6b5ac72977ddb47488dd64,11.7279
development,0,0.75,3,actuator_degradation,0.0,normal,normal,normal,No actionable deviation,100.0,0.92,b1dc539d96b3f65f4565bb846232920f54a69b7ffcd356ef095be9eff08d29af,11.647
development,0,0.75,3,actuator_degradation,0.25,actuator_degradation,actuator_degradation,diagnosed,Actuator performance degradation,96.8,0.68,9cb55ab4f0e78bdb82a8b72115aca292488ec99264c4382e12de46b7ed5a32a8,11.5899
development,0,0.75,3,actuator_degradation,0.5,actuator_degradation,actuator_degradation,diagnosed,Actuator performance degradation,92.5,0.76,fa13a4e1b9a702af53b54fc7ab8fcd5c07ea9c73fb02b4d82a0b5a64b2cfa7e7,11.5749
development,0,0.75,3,actuator_degradation,0.75,actuator_degradation,actuator_degradation,diagnosed,Actuator performance degradation,85.1,0.88,f1fa357318f15245f2258048795fd336d912b2dc1b7a0c9d362d3978578199c1,13.0825
development,0,0.75,3,actuator_degradation,1.0,actuator_degradation,actuator_degradation,diagnosed,Actuator performance degradation,60.6,0.92,66b6338a34f76caae748d99e57df07b86e62893e36e61d3807cfbb8d004ecb82,11.8108
development,0,0.75,3,sensor_drift,0.0,normal,normal,normal,No actionable deviation,100.0,0.92,b1dc539d96b3f65f4565bb846232920f54a69b7ffcd356ef095be9eff08d29af,13.3116
development,0,0.75,3,sensor_drift,0.25,sensor_drift,normal,normal,No actionable deviation,98.8,0.92,6e45d119a05909fd87ee269e6487b89d96a980076da6e45076897c87a46753c2,11.6309
development,0,0.75,3,sensor_drift,0.5,sensor_drift,normal,normal,No actionable deviation,97.7,0.92,bfabcf9b5d5cb600917b954f4bbe53e4a55d033434acaf0c8a4a0e13d3d20517,11.7227
development,0,0.75,3,sensor_drift,0.75,sensor_drift,sensor_drift,diagnosed,Position sensor drift / process inconsistency,96.7,0.65,e3d84c8f2bafe2b55a6e31b0f0c5a83a61f4c7fdb984cf245b8082e8c185a467,11.6473
development,0,0.75,3,sensor_drift,1.0,sensor_drift,sensor_drift,diagnosed,Position sensor drift / process inconsistency,95.6,0.66,b9506bc23249616b5a67fe062e86dd5a11012c4e75fe5cdbde2107cf66484581,11.785
development,0,0.75,4,normal,0.0,normal,normal,normal,No actionable deviation,100.0,0.92,492b40cbcd108376f7bbc6339b3a83421b442a36c90c5c7c3efe44357c1ab365,11.6262
development,0,0.75,4,normal,0.25,normal,normal,normal,No actionable deviation,100.0,0.92,492b40cbcd108376f7bbc6339b3a83421b442a36c90c5c7c3efe44357c1ab365,11.6194
development,0,0.75,4,normal,0.5,normal,normal,normal,No actionable deviation,100.0,0.92,492b40cbcd108376f7bbc6339b3a83421b442a36c90c5c7c3efe44357c1ab365,11.7258
development,0,0.75,4,normal,0.75,normal,normal,normal,No actionable deviation,100.0,0.92,492b40cbcd108376f7bbc6339b3a83421b442a36c90c5c7c3efe44357c1ab365,11.6206
development,0,0.75,4,normal,1.0,normal,normal,normal,No actionable deviation,100.0,0.92,492b40cbcd108376f7bbc6339b3a83421b442a36c90c5c7c3efe44357c1ab365,12.1401
development,0,0.75,4,friction,0.0,normal,normal,normal,No actionable deviation,100.0,0.92,492b40cbcd108376f7bbc6339b3a83421b442a36c90c5c7c3efe44357c1ab365,12.155
development,0,0.75,4,friction,0.25,friction,normal,normal,No actionable deviation,97.1,0.92,5394064916f73df952b750579796ec7be6e096e71ba73fa740472f31314911a2,11.6637
development,0,0.75,4,friction,0.5,friction,normal,normal,No actionable deviation,93.8,0.92,234ce7c94039d5875f91b4cbdd1653e7a33af378f702f6b789f75e3faf739f41,12.0629
development,0,0.75,4,friction,0.75,friction,normal,normal,No actionable deviation,90.5,0.92,df39f7bd338e0a2059720f0a34364eecd4374169e8018568b7f2350dd48c9244,11.6957
development,0,0.75,4,friction,1.0,friction,friction,diagnosed,Friction growth,87.3,0.77,8b459265e10739c355b0eb8d1fd3761a09b34ae53f370add8855272208f814de,11.7756
development,0,0.75,4,stiction,0.0,normal,normal,normal,No actionable deviation,100.0,0.92,492b40cbcd108376f7bbc6339b3a83421b442a36c90c5c7c3efe44357c1ab365,11.8885
development,0,0.75,4,stiction,0.25,stiction,friction,diagnosed,Friction growth,58.6,0.92,9760c4a9f5d55d2f9734b674d2ffc40cdb3258ae0c44ff175b3dab25c17372ff,11.84
development,0,0.75,4,stiction,0.5,stiction,stiction,diagnosed,Persistent localized stiction,27.1,0.92,29fc2d517d930f7ebbd9ea875a44b66e4540c0c3e8a00388f0ad941b8ae61233,12.1417
development,0,0.75,4,stiction,0.75,stiction,stiction,diagnosed,Persistent localized stiction,24.9,0.92,ccb9752c0c5fa18897908a1179659317bdd3daf18376f2b3dac809fbd6dfc8f1,11.8884
development,0,0.75,4,stiction,1.0,stiction,stiction,diagnosed,Persistent localized stiction,23.8,0.92,4143fe1a02791742553642e9e2f877c2ffa2d56b71641dc2b57e4bdef0007dc3,12.3097
development,0,0.75,4,obstruction,0.0,normal,normal,normal,No actionable deviation,100.0,0.92,492b40cbcd108376f7bbc6339b3a83421b442a36c90c5c7c3efe44357c1ab365,12.1486
development,0,0.75,4,obstruction,0.25,obstruction,friction,diagnosed,Friction growth,58.9,0.92,be44c2c53ad899099f561e30dd69a676ee91e792f5b8f7c3141212c33ea1536e,11.7871
development,0,0.75,4,obstruction,0.5,obstruction,obstruction,diagnosed,Travel obstruction or persistent stiction,44.2,0.92,3ab010f5c4be613da0adaf449e6b210c564a4ce7a9a2aea1344027d5b9ea5804,11.702
development,0,0.75,4,obstruction,0.75,obstruction,obstruction,diagnosed,Travel obstruction or persistent stiction,32.3,0.92,7a623db80d1c2de697dd324c462914d6f38bcc1030b78796d891e75120404af3,12.2124
development,0,0.75,4,obstruction,1.0,obstruction,obstruction,diagnosed,Travel obstruction or persistent stiction,22.3,0.92,16360c77d41ebf60e2499b4449e921b917f3b636e360e2f337332294ae9d92a5,12.1497
development,0,0.75,4,actuator_degradation,0.0,normal,normal,normal,No actionable deviation,100.0,0.92,492b40cbcd108376f7bbc6339b3a83421b442a36c90c5c7c3efe44357c1ab365,11.774
development,0,0.75,4,actuator_degradation,0.25,actuator_degradation,actuator_degradation,diagnosed,Actuator performance degradation,96.8,0.68,d6609d66003f02e1db5a9f79e340b6b623433ce72d36a8c4c9289eb5f185401e,11.642
development,0,0.75,4,actuator_degradation,0.5,actuator_degradation,actuator_degradation,diagnosed,Actuator performance degradation,92.5,0.76,c87bc896436d49cc42932e9bff4b16bd26cfb0bb4104128ef48cd366bf071dc4,11.7853
development,0,0.75,4,actuator_degradation,0.75,actuator_degradation,actuator_degradation,diagnosed,Actuator performance degradation,84.9,0.88,f1db07b30c9576a3120e42dbb9e584e29ed926791f55aaf95996d7de42d9bd35,12.1719
development,0,0.75,4,actuator_degradation,1.0,actuator_degradation,actuator_degradation,diagnosed,Actuator performance degradation,60.2,0.92,b86ee957b49db838d452d253bf23e3408ac73e725ae2222424e634880b40e802,11.7458
development,0,0.75,4,sensor_drift,0.0,normal,normal,normal,No actionable deviation,100.0,0.92,492b40cbcd108376f7bbc6339b3a83421b442a36c90c5c7c3efe44357c1ab365,11.8608
development,0,0.75,4,sensor_drift,0.25,sensor_drift,normal,normal,No actionable deviation,98.8,0.92,89e678045683dcb4d34f08647cd4ac2db0eb8919d10a697a1bd3adc6efa4dcbc,11.8935
development,0,0.75,4,sensor_drift,0.5,sensor_drift,normal,normal,No actionable deviation,97.7,0.92,5256c7d92cc0a7934b113c26be19afbbf0458bd1f7c82f72b9d6c24522575bd9,12.2027
development,0,0.75,4,sensor_drift,0.75,sensor_drift,sensor_drift,diagnosed,Position sensor drift / process inconsistency,96.6,0.65,d5d9048ee843f0481dc887d8a11fa3cb944e2f3801f5056e916115cc54f60b81,11.5981
development,0,0.75,4,sensor_drift,1.0,sensor_drift,sensor_drift,diagnosed,Position sensor drift / process inconsistency,95.6,0.66,5674aa4be8563925df791268971cd86cf09fc621ccdaf2fbd446bd2be50fdd6b,11.7611
development,0,0.75,5,normal,0.0,normal,normal,normal,No actionable deviation,100.0,0.92,49149574ef0af2ae09de47e30caf8e02b2a8e21292ecc94f61fd2ad92108e2c6,12.0188
development,0,0.75,5,normal,0.25,normal,normal,normal,No actionable deviation,100.0,0.92,49149574ef0af2ae09de47e30caf8e02b2a8e21292ecc94f61fd2ad92108e2c6,11.7438
development,0,0.75,5,normal,0.5,normal,normal,normal,No actionable deviation,100.0,0.92,49149574ef0af2ae09de47e30caf8e02b2a8e21292ecc94f61fd2ad92108e2c6,11.9592
development,0,0.75,5,normal,0.75,normal,normal,normal,No actionable deviation,100.0,0.92,49149574ef0af2ae09de47e30caf8e02b2a8e21292ecc94f61fd2ad92108e2c6,11.7869
development,0,0.75,5,normal,1.0,normal,normal,normal,No actionable deviation,100.0,0.92,49149574ef0af2ae09de47e30caf8e02b2a8e21292ecc94f61fd2ad92108e2c6,11.8218
development,0,0.75,5,friction,0.0,normal,normal,normal,No actionable deviation,100.0,0.92,49149574ef0af2ae09de47e30caf8e02b2a8e21292ecc94f61fd2ad92108e2c6,11.8182
development,0,0.75,5,friction,0.25,friction,normal,normal,No actionable deviation,97.1,0.92,820b1d4c6f303d81694397babbea7521727068b135c708e3cce7ff0b8c3fe9d8,12.0096
development,0,0.75,5,friction,0.5,friction,normal,normal,No actionable deviation,93.9,0.92,715adc8dea34707d9c839ef874434b018f9138aca2254063be695967c999df91,12.0164
development,0,0.75,5,friction,0.75,friction,normal,normal,No actionable deviation,90.5,0.92,715f10fbc63257ae833e0dbaaa3ce42be2c7209d5560b4bb7b2d13d06c089762,11.7579
development,0,0.75,5,friction,1.0,friction,friction,diagnosed,Friction growth,87.2,0.77,c8ee2f3b5630ebd3884aac9453663ede351945877c2716d24c7f6a4b8c912901,11.9862
development,0,0.75,5,stiction,0.0,normal,normal,normal,No actionable deviation,100.0,0.92,49149574ef0af2ae09de47e30caf8e02b2a8e21292ecc94f61fd2ad92108e2c6,12.1061
development,0,0.75,5,stiction,0.25,stiction,friction,diagnosed,Friction growth,58.7,0.92,aabebc1812a95645046cf5011541cfef2bbc7948a413b4a9a75f12c3938c18b5,12.008
development,0,0.75,5,stiction,0.5,stiction,stiction,diagnosed,Persistent localized stiction,27.1,0.92,88daee8aeecb5f3d4f5adc677d15f04dace773613c5963208edff7c238306bb1,12.3742
development,0,0.75,5,stiction,0.75,stiction,stiction,diagnosed,Persistent localized stiction,25.0,0.92,6c041bac78ac76604466f0a0661babe789a54f1555ce4176a67743ff3495aa80,12.0519
development,0,0.75,5,stiction,1.0,stiction,stiction,diagnosed,Persistent localized stiction,23.8,0.92,8dbdaa5b6ed3550225f431f950bc9d43dc714a71e98dee5a819b88bccac1ebc4,13.2709
development,0,0.75,5,obstruction,0.0,normal,normal,normal,No actionable deviation,100.0,0.92,49149574ef0af2ae09de47e30caf8e02b2a8e21292ecc94f61fd2ad92108e2c6,13.495
development,0,0.75,5,obstruction,0.25,obstruction,friction,diagnosed,Friction growth,59.4,0.92,83f66ea8f2571ce84e2cebe38129be1670faa4550d5cbd0f4940042dd003a08d,15.4817
development,0,0.75,5,obstruction,0.5,obstruction,obstruction,diagnosed,Travel obstruction or persistent stiction,43.1,0.92,e883d4a1805a93fb272f1ef6a05def741e723ada077b7c23a469187abb241575,13.268
development,0,0.75,5,obstruction,0.75,obstruction,obstruction,diagnosed,Travel obstruction or persistent stiction,32.7,0.92,0e4f3bfc8528a13abd6bd233152df7dd5f923fa67d1895b8d458481def1564e6,12.0071
development,0,0.75,5,obstruction,1.0,obstruction,obstruction,diagnosed,Travel obstruction or persistent stiction,22.3,0.92,efd8e983203867f3aa9956deed61d038422d4dbbad5e9dc70a9fefeb79336a29,12.1014
development,0,0.75,5,actuator_degradation,0.0,normal,normal,normal,No actionable deviation,100.0,0.92,49149574ef0af2ae09de47e30caf8e02b2a8e21292ecc94f61fd2ad92108e2c6,11.9767
development,0,0.75,5,actuator_degradation,0.25,actuator_degradation,actuator_degradation,diagnosed,Actuator performance degradation,96.8,0.68,1e709f93fd783935a8a4ba8a7d76345e73a9bc6b9bcb3c456df61391fd6c7dff,13.4449
development,0,0.75,5,actuator_degradation,0.5,actuator_degradation,actuator_degradation,diagnosed,Actuator performance degradation,92.5,0.76,e8a5924906ba800dbec247f6178d48289ed5b996111032b4cf85295eb2fd4247,11.5702
development,0,0.75,5,actuator_degradation,0.75,actuator_degradation,actuator_degradation,diagnosed,Actuator performance degradation,84.8,0.89,861c880550ca6088c3f724d61d5c923bf9ace90b8a83c2083481e8c8420bea4a,11.7288
development,0,0.75,5,actuator_degradation,1.0,actuator_degradation,actuator_degradation,diagnosed,Actuator performance degradation,60.5,0.92,9cc6a7cecbe24e19a7ed254b9076ef06f23c4b25cb820a4e1ad3966de9028477,11.6508
development,0,0.75,5,sensor_drift,0.0,normal,normal,normal,No actionable deviation,100.0,0.92,49149574ef0af2ae09de47e30caf8e02b2a8e21292ecc94f61fd2ad92108e2c6,11.7424
development,0,0.75,5,sensor_drift,0.25,sensor_drift,normal,normal,No actionable deviation,98.8,0.92,1e446cc450bbab2956a3f29a48a3774296583dc982ce58b6ecb3ca9ae3da3a2e,11.5848
development,0,0.75,5,sensor_drift,0.5,sensor_drift,normal,normal,No actionable deviation,97.7,0.92,aa3eaf2f6b0db62fb4a84cafc2d7e75e6ece0b53c47889f75e94cad88f63b1ac,11.557
development,0,0.75,5,sensor_drift,0.75,sensor_drift,sensor_drift,diagnosed,Position sensor drift / process inconsistency,96.6,0.65,14145904dc7aa1a625041f46343abbe460b78bcd57d4552a83fad4168674536f,11.6642
development,0,0.75,5,sensor_drift,1.0,sensor_drift,sensor_drift,diagnosed,Position sensor drift / process inconsistency,95.6,0.66,ffa041d945bee3ac024574824b35b02bc9f30ebf4c10f410b784062988d3b243,11.6709
development,0,0.75,6,normal,0.0,normal,normal,normal,No actionable deviation,100.0,0.92,55d0181c348d466dde9a6d3f507a537a018cd5bc55cafcd7bf1d519b5bfa0b7b,11.7233
development,0,0.75,6,normal,0.25,normal,normal,normal,No actionable deviation,100.0,0.92,55d0181c348d466dde9a6d3f507a537a018cd5bc55cafcd7bf1d519b5bfa0b7b,11.634
development,0,0.75,6,normal,0.5,normal,normal,normal,No actionable deviation,100.0,0.92,55d0181c348d466dde9a6d3f507a537a018cd5bc55cafcd7bf1d519b5bfa0b7b,11.5612
development,0,0.75,6,normal,0.75,normal,normal,normal,No actionable deviation,100.0,0.92,55d0181c348d466dde9a6d3f507a537a018cd5bc55cafcd7bf1d519b5bfa0b7b,11.6052
development,0,0.75,6,normal,1.0,normal,normal,normal,No actionable deviation,100.0,0.92,55d0181c348d466dde9a6d3f507a537a018cd5bc55cafcd7bf1d519b5bfa0b7b,11.6354
development,0,0.75,6,friction,0.0,normal,normal,normal,No actionable deviation,100.0,0.92,55d0181c348d466dde9a6d3f507a537a018cd5bc55cafcd7bf1d519b5bfa0b7b,12.3581
development,0,0.75,6,friction,0.25,friction,normal,normal,No actionable deviation,97.1,0.92,575ff01c783b0636d8d683785069b52f94f85c2a375f5bdfd60d172bb5a8e35a,12.2204
development,0,0.75,6,friction,0.5,friction,normal,normal,No actionable deviation,93.7,0.92,f03589a9a3b52c857e2940f84695f50004ca2b5a3403b68aabf53ece0bd2810c,11.7672
development,0,0.75,6,friction,0.75,friction,normal,normal,No actionable deviation,90.5,0.92,bd6ee8e5efc2fe9ef3f5c93ac2db8cfcd5e69fe0c7816c8e277ad15551f1ca90,12.3092
development,0,0.75,6,friction,1.0,friction,friction,diagnosed,Friction growth,87.1,0.77,36f09cbeca98e3f948045b4fde2a675fb32219ea3b87a097ff6e5ff4800e20c5,11.9901
development,0,0.75,6,stiction,0.0,normal,normal,normal,No actionable deviation,100.0,0.92,55d0181c348d466dde9a6d3f507a537a018cd5bc55cafcd7bf1d519b5bfa0b7b,12.0049
development,0,0.75,6,stiction,0.25,stiction,friction,diagnosed,Friction growth,58.7,0.92,8da9d763ed7f291a5b87c3973f368ffca1ab25a0f25ca9e47a5e42fa7d1153f7,11.6728
development,0,0.75,6,stiction,0.5,stiction,stiction,diagnosed,Persistent localized stiction,27.1,0.92,f455295fd6c7f3cb24517475ea6a07b304505e886db2d1d88ddfed8c9761b5bf,11.7812
development,0,0.75,6,stiction,0.75,stiction,stiction,diagnosed,Persistent localized stiction,25.0,0.92,dca04a837314e0c4e618b496fd338dea4b3f0af6b96e93767bc2f7876792c26d,12.1623
development,0,0.75,6,stiction,1.0,stiction,stiction,diagnosed,Persistent localized stiction,23.8,0.92,f78fd19fc1a27b3af08e0b8196294ea0b731b1e4f7af0868fa420ab45ba9ff67,12.5535
development,0,0.75,6,obstruction,0.0,normal,normal,normal,No actionable deviation,100.0,0.92,55d0181c348d466dde9a6d3f507a537a018cd5bc55cafcd7bf1d519b5bfa0b7b,12.2152
development,0,0.75,6,obstruction,0.25,obstruction,friction,diagnosed,Friction growth,58.7,0.92,ee445d3fefc7d66e72927e3e278e222980751a623aca0b25ee7bc3b49c7cf338,12.3716
development,0,0.75,6,obstruction,0.5,obstruction,obstruction,diagnosed,Travel obstruction or persistent stiction,42.9,0.92,f23b15cad5cfbb5bf5bca689639757f06db31cbc7d86cbc3a536945075fa9ea6,12.33
development,0,0.75,6,obstruction,0.75,obstruction,obstruction,diagnosed,Travel obstruction or persistent stiction,32.0,0.92,af2b1c30da60381bfb98ffb79aa8529fef886e6f29e125d614317381c71c7ade,11.7069
development,0,0.75,6,obstruction,1.0,obstruction,obstruction,diagnosed,Travel obstruction or persistent stiction,22.3,0.92,8d8d074ba4860aecd8e733552c8525e3c61846a886574e27eb77c45961d8c7d4,11.7506
development,0,0.75,6,actuator_degradation,0.0,normal,normal,normal,No actionable deviation,100.0,0.92,55d0181c348d466dde9a6d3f507a537a018cd5bc55cafcd7bf1d519b5bfa0b7b,12.0769
development,0,0.75,6,actuator_degradation,0.25,actuator_degradation,actuator_degradation,diagnosed,Actuator performance degradation,96.8,0.68,a7de209b3d11f2be02036ccf23e231d5d42aef9c99fa564bdcb01c24db75fe53,11.7276
development,0,0.75,6,actuator_degradation,0.5,actuator_degradation,actuator_degradation,diagnosed,Actuator performance degradation,92.5,0.76,7346c5752686d5f0747616dc2e8b38acefa416e6740ded030cffc4ade7da996b,11.7823
development,0,0.75,6,actuator_degradation,0.75,actuator_degradation,actuator_degradation,diagnosed,Actuator performance degradation,84.8,0.89,18b43b5984ad17423a6b874bc79828f620960452ec6d96f2055d37ab7d8935c7,13.5237
development,0,0.75,6,actuator_degradation,1.0,actuator_degradation,actuator_degradation,diagnosed,Actuator performance degradation,60.4,0.92,ffa2f331bbf32844d6a13a73eacf92bfd385c916346f466858842b149923d015,11.8992
development,0,0.75,6,sensor_drift,0.0,normal,normal,normal,No actionable deviation,100.0,0.92,55d0181c348d466dde9a6d3f507a537a018cd5bc55cafcd7bf1d519b5bfa0b7b,11.9683
development,0,0.75,6,sensor_drift,0.25,sensor_drift,normal,normal,No actionable deviation,98.7,0.92,29de95bc6a6aea586c6a21e0c170ef897193853c583b3f965a527e358e766e03,11.7114
development,0,0.75,6,sensor_drift,0.5,sensor_drift,normal,normal,No actionable deviation,97.5,0.92,07f1143ba4a62d1a707b9a96c87c02bf2fdae069ffa9cb1a21b9ac2e0e9a40bd,11.9689
development,0,0.75,6,sensor_drift,0.75,sensor_drift,sensor_drift,diagnosed,Position sensor drift / process inconsistency,96.5,0.65,24a61f8dae5f3f80a9898557f5786f160d9da1052d069d7283e81a0ee26f0792,14.2559
development,0,0.75,6,sensor_drift,1.0,sensor_drift,sensor_drift,diagnosed,Position sensor drift / process inconsistency,95.5,0.66,fbacc265dfccc09032ca2a93f43b67510cd2f8d29dd5a83875ed8e3b39b11d0a,11.7038
development,0,0.75,7,normal,0.0,normal,normal,normal,No actionable deviation,100.0,0.92,f421bd246c6f57ad2b2adae7b289e10cf5f364f2e1568f7bba61dca93139f135,14.2836
development,0,0.75,7,normal,0.25,normal,normal,normal,No actionable deviation,100.0,0.92,f421bd246c6f57ad2b2adae7b289e10cf5f364f2e1568f7bba61dca93139f135,13.3791
development,0,0.75,7,normal,0.5,normal,normal,normal,No actionable deviation,100.0,0.92,f421bd246c6f57ad2b2adae7b289e10cf5f364f2e1568f7bba61dca93139f135,12.7181
development,0,0.75,7,normal,0.75,normal,normal,normal,No actionable deviation,100.0,0.92,f421bd246c6f57ad2b2adae7b289e10cf5f364f2e1568f7bba61dca93139f135,11.8788
development,0,0.75,7,normal,1.0,normal,normal,normal,No actionable deviation,100.0,0.92,f421bd246c6f57ad2b2adae7b289e10cf5f364f2e1568f7bba61dca93139f135,11.6701
development,0,0.75,7,friction,0.0,normal,normal,normal,No actionable deviation,100.0,0.92,f421bd246c6f57ad2b2adae7b289e10cf5f364f2e1568f7bba61dca93139f135,11.73
development,0,0.75,7,friction,0.25,friction,normal,normal,No actionable deviation,97.2,0.92,0a24bd335d751b96312b74d99ce13b7dc2ebed27de5f8fff036fb44f5c6292d9,12.0336
development,0,0.75,7,friction,0.5,friction,normal,normal,No actionable deviation,93.8,0.92,e6beaf36cc032c173b22dfa67d82c0450a4899832c34a35619780fee8dad8492,11.854
development,0,0.75,7,friction,0.75,friction,normal,normal,No actionable deviation,90.5,0.92,30c0c9fe1f20033569bb37c42d7892059d5e194e8facedda74a7863c38084f91,11.9767
development,0,0.75,7,friction,1.0,friction,friction,diagnosed,Friction growth,87.2,0.77,aa53baab4cd35228198b6cd2c79a71ea270e8b3cdd7a78bae35c98c094638972,11.7032
development,0,0.75,7,stiction,0.0,normal,normal,normal,No actionable deviation,100.0,0.92,f421bd246c6f57ad2b2adae7b289e10cf5f364f2e1568f7bba61dca93139f135,11.8887
development,0,0.75,7,stiction,0.25,stiction,friction,diagnosed,Friction growth,58.7,0.92,da3cd3c797e9eb378a8672909257a54aa7b3a45baed380dfecf6d358f12b5324,11.9352
development,0,0.75,7,stiction,0.5,stiction,stiction,diagnosed,Persistent localized stiction,27.1,0.92,4296f5feea6bacd1198afbb0beaeacd30b01572eafe870ea96bd5cff5af02882,11.7325
development,0,0.75,7,stiction,0.75,stiction,stiction,diagnosed,Persistent localized stiction,24.9,0.92,a586e22093d3ff79fb8a4c0e5d694c60926706605cbb133d9b507d19b43a8cc8,12.0154
development,0,0.75,7,stiction,1.0,stiction,stiction,diagnosed,Persistent localized stiction,23.8,0.92,43cbf05bd7c89c1879589c3aeb00e67451408672281d631541bc7018f63fe309,11.6496
development,0,0.75,7,obstruction,0.0,normal,normal,normal,No actionable deviation,100.0,0.92,f421bd246c6f57ad2b2adae7b289e10cf5f364f2e1568f7bba61dca93139f135,11.6383
development,0,0.75,7,obstruction,0.25,obstruction,friction,diagnosed,Friction growth,59.1,0.92,88af6d686c3aa6eb9647eb25438411c4c1b13432f6e3e472556c1faf6156b25c,11.7796
development,0,0.75,7,obstruction,0.5,obstruction,obstruction,diagnosed,Travel obstruction or persistent stiction,43.4,0.92,e7cae9bd502908da120aa49bc2b54c7bbda2699859e78259d0a62a4855d23da2,11.8174
development,0,0.75,7,obstruction,0.75,obstruction,obstruction,diagnosed,Travel obstruction or persistent stiction,31.6,0.92,2ede6b3e1fa9c19ac4f696ab3a8412bf8f2c9a8120ed3cc68973b184de715fcd,11.6822
development,0,0.75,7,obstruction,1.0,obstruction,obstruction,diagnosed,Travel obstruction or persistent stiction,22.3,0.92,a314220cfa8154a8200c077523cc8db6718aa9d2926de78c636d4fb3c5edc72e,11.7237
development,0,0.75,7,actuator_degradation,0.0,normal,normal,normal,No actionable deviation,100.0,0.92,f421bd246c6f57ad2b2adae7b289e10cf5f364f2e1568f7bba61dca93139f135,11.7536
development,0,0.75,7,actuator_degradation,0.25,actuator_degradation,actuator_degradation,diagnosed,Actuator performance degradation,96.8,0.68,5fae7922e09a685730db4b1705c823e7441a4bc9d06f3e863ae5e36680c160b1,12.221
development,0,0.75,7,actuator_degradation,0.5,actuator_degradation,actuator_degradation,diagnosed,Actuator performance degradation,92.5,0.76,bf76cde8ae3852b0a6fb7da5785faa39d0b6ec1aa4015cf1ab67909c1428ae8c,11.7215
development,0,0.75,7,actuator_degradation,0.75,actuator_degradation,actuator_degradation,diagnosed,Actuator performance degradation,85.1,0.88,096162b060ba18a752c9d8265346a696a331410b6dda74d11db90ef10fba3242,12.2593
development,0,0.75,7,actuator_degradation,1.0,actuator_degradation,actuator_degradation,diagnosed,Actuator performance degradation,60.5,0.92,eb6bc43450aa204ae3c1e397cc97d496240675d6a33ae1363be41683d0fb9156,11.777
development,0,0.75,7,sensor_drift,0.0,normal,normal,normal,No actionable deviation,100.0,0.92,f421bd246c6f57ad2b2adae7b289e10cf5f364f2e1568f7bba61dca93139f135,12.0729
development,0,0.75,7,sensor_drift,0.25,sensor_drift,normal,normal,No actionable deviation,98.9,0.92,822bdef0603b3251fa408de3a327ac3995680df2fc34b1ae1990358cbc5a6771,11.6872
development,0,0.75,7,sensor_drift,0.5,sensor_drift,normal,normal,No actionable deviation,97.7,0.92,8f97a2dff35493754f72c0d6c6886a87f2fa4fbb4c71f6e03a69bd1567480560,12.3814
development,0,0.75,7,sensor_drift,0.75,sensor_drift,sensor_drift,diagnosed,Position sensor drift / process inconsistency,96.5,0.65,31af5a611cb9eacec930f703dbcbe41f0bdccfd273950eb2fdab67117e33b0a0,11.9678
development,0,0.75,7,sensor_drift,1.0,sensor_drift,sensor_drift,diagnosed,Position sensor drift / process inconsistency,95.5,0.66,f1ca7faf4748cf98386877878e36e51772c8d7f28e8c147370e5519eea6d73d5,11.7866
development,0,0.75,8,normal,0.0,normal,normal,normal,No actionable deviation,100.0,0.92,267ca3bbce1b120cdb1bf678741e0869d56d6bef1c225fdb4d1ba7a778241bbc,11.8109
development,0,0.75,8,normal,0.25,normal,normal,normal,No actionable deviation,100.0,0.92,267ca3bbce1b120cdb1bf678741e0869d56d6bef1c225fdb4d1ba7a778241bbc,12.0766
development,0,0.75,8,normal,0.5,normal,normal,normal,No actionable deviation,100.0,0.92,267ca3bbce1b120cdb1bf678741e0869d56d6bef1c225fdb4d1ba7a778241bbc,11.6324
development,0,0.75,8,normal,0.75,normal,normal,normal,No actionable deviation,100.0,0.92,267ca3bbce1b120cdb1bf678741e0869d56d6bef1c225fdb4d1ba7a778241bbc,11.6225
development,0,0.75,8,normal,1.0,normal,normal,normal,No actionable deviation,100.0,0.92,267ca3bbce1b120cdb1bf678741e0869d56d6bef1c225fdb4d1ba7a778241bbc,11.7411
development,0,0.75,8,friction,0.0,normal,normal,normal,No actionable deviation,100.0,0.92,267ca3bbce1b120cdb1bf678741e0869d56d6bef1c225fdb4d1ba7a778241bbc,11.6896
development,0,0.75,8,friction,0.25,friction,normal,normal,No actionable deviation,97.1,0.92,32a099650861336179b3691d0f40c301c07c4a4f0760ab115635ed116a071348,11.618
development,0,0.75,8,friction,0.5,friction,normal,normal,No actionable deviation,93.9,0.92,9acbb957be924a63a03481f9f1ab2e62bf8ec0e6f38cdaa35257a23ff5be0877,11.6372
development,0,0.75,8,friction,0.75,friction,normal,normal,No actionable deviation,90.6,0.92,0cec8b978fa64f0a55923ad27b9dab728cc81fa52e9747a88f5adfe8e9c1c872,11.7762
development,0,0.75,8,friction,1.0,friction,friction,diagnosed,Friction growth,87.2,0.77,388652b3f5571d087e988ad0ee16b4ad4c291cc98329c5c7ce6144beaffe10d5,11.6723
development,0,0.75,8,stiction,0.0,normal,normal,normal,No actionable deviation,100.0,0.92,267ca3bbce1b120cdb1bf678741e0869d56d6bef1c225fdb4d1ba7a778241bbc,11.6116
development,0,0.75,8,stiction,0.25,stiction,friction,diagnosed,Friction growth,58.6,0.92,9b40a42d5a38bf5255dc994eecaf19b09a173ea0161468577505f27b8670fd9b,11.7388
development,0,0.75,8,stiction,0.5,stiction,stiction,diagnosed,Persistent localized stiction,27.1,0.92,c4463f4ad724b211516d65be277883ae75933b64a2c8ee46f5a35dc77d442709,11.7029
development,0,0.75,8,stiction,0.75,stiction,stiction,diagnosed,Persistent localized stiction,24.9,0.92,b1c35f7c78c9b2bec25d1f4c7bac5cc157d09f8d369f4be0ff5800e4e76b8568,11.7362
development,0,0.75,8,stiction,1.0,stiction,stiction,diagnosed,Persistent localized stiction,23.8,0.92,0fd40a90ac3b3919fdd29d7e273a919074e21e3064227f5419201b168d177f4d,11.6849
development,0,0.75,8,obstruction,0.0,normal,normal,normal,No actionable deviation,100.0,0.92,267ca3bbce1b120cdb1bf678741e0869d56d6bef1c225fdb4d1ba7a778241bbc,11.6644
development,0,0.75,8,obstruction,0.25,obstruction,friction,diagnosed,Friction growth,55.8,0.92,2c7c62ec7378c488e593dc616e0b29cbbd8d22bf7f344ba97d54619abc8e77f0,11.6664
development,0,0.75,8,obstruction,0.5,obstruction,obstruction,diagnosed,Travel obstruction or persistent stiction,44.1,0.92,4e1b0c9c48361f5cd8da39d4b6baffdbfa65846c95592821caab86d9d0ed5356,11.788
development,0,0.75,8,obstruction,0.75,obstruction,obstruction,diagnosed,Travel obstruction or persistent stiction,32.4,0.92,dc99d69d0aa487e20350a84fea692a78cb33c5de90185ef61aeec98c64c997ea,11.857
development,0,0.75,8,obstruction,1.0,obstruction,obstruction,diagnosed,Travel obstruction or persistent stiction,22.5,0.92,d01679953cbd9133ac57d266749a8a22404df656a9831f81082f2647bfc30ce7,11.7972
development,0,0.75,8,actuator_degradation,0.0,normal,normal,normal,No actionable deviation,100.0,0.92,267ca3bbce1b120cdb1bf678741e0869d56d6bef1c225fdb4d1ba7a778241bbc,11.685
development,0,0.75,8,actuator_degradation,0.25,actuator_degradation,actuator_degradation,diagnosed,Actuator performance degradation,96.8,0.68,7772fa317fc568c7b356943b83fdfd82de355504a7cce4afa2a0a82f42a0ab9f,11.6939
development,0,0.75,8,actuator_degradation,0.5,actuator_degradation,actuator_degradation,diagnosed,Actuator performance degradation,92.5,0.76,aedfa669b4ebd3745625252f6aa5dc11c5b28c6bca802b907a4caa033cc847b7,11.5826
development,0,0.75,8,actuator_degradation,0.75,actuator_degradation,actuator_degradation,diagnosed,Actuator performance degradation,84.8,0.89,0c1f625a29ff2ca273449e377dd4fe3219c9f59773ada12c9f1d3f3ef6377a7e,11.7932
development,0,0.75,8,actuator_degradation,1.0,actuator_degradation,actuator_degradation,diagnosed,Actuator performance degradation,60.6,0.92,d15b185b2b64198b06c3704ecc5399b82564fd983ed5839f2b47b59fcd6e4360,11.6777
development,0,0.75,8,sensor_drift,0.0,normal,normal,normal,No actionable deviation,100.0,0.92,267ca3bbce1b120cdb1bf678741e0869d56d6bef1c225fdb4d1ba7a778241bbc,11.7449
development,0,0.75,8,sensor_drift,0.25,sensor_drift,normal,normal,No actionable deviation,98.8,0.92,7fc0803bbd9154a8f672e06ee9b0638efea374f1c32829fe8ad4d7af0d6e14b7,12.8065
development,0,0.75,8,sensor_drift,0.5,sensor_drift,normal,normal,No actionable deviation,97.6,0.92,6be431fb0ecbc2f065951ed54967f23bed4428469863245aba00564426ab34bd,11.7246
development,0,0.75,8,sensor_drift,0.75,sensor_drift,sensor_drift,diagnosed,Position sensor drift / process inconsistency,96.4,0.65,443aec7bb858d636db0be953029e24f46aa2e4f793b22b801870bdae666637e1,12.5933
development,0,0.75,8,sensor_drift,1.0,sensor_drift,sensor_drift,diagnosed,Position sensor drift / process inconsistency,95.4,0.66,0c710f9d83d7ce9be18aa9f5fb8b09ee5278aff7475cd45a5e53d2161ae1b3f3,11.7344
development,0,0.75,9,normal,0.0,normal,normal,normal,No actionable deviation,100.0,0.92,c3dac0fb2490fb688b0d64403befaf380a79bcc94f88d3fc6909689fcd210916,11.893
development,0,0.75,9,normal,0.25,normal,normal,normal,No actionable deviation,100.0,0.92,c3dac0fb2490fb688b0d64403befaf380a79bcc94f88d3fc6909689fcd210916,11.9008
development,0,0.75,9,normal,0.5,normal,normal,normal,No actionable deviation,100.0,0.92,c3dac0fb2490fb688b0d64403befaf380a79bcc94f88d3fc6909689fcd210916,11.9948
development,0,0.75,9,normal,0.75,normal,normal,normal,No actionable deviation,100.0,0.92,c3dac0fb2490fb688b0d64403befaf380a79bcc94f88d3fc6909689fcd210916,11.9472
development,0,0.75,9,normal,1.0,normal,normal,normal,No actionable deviation,100.0,0.92,c3dac0fb2490fb688b0d64403befaf380a79bcc94f88d3fc6909689fcd210916,12.0026
development,0,0.75,9,friction,0.0,normal,normal,normal,No actionable deviation,100.0,0.92,c3dac0fb2490fb688b0d64403befaf380a79bcc94f88d3fc6909689fcd210916,11.8652
development,0,0.75,9,friction,0.25,friction,normal,normal,No actionable deviation,97.1,0.92,5fb3dc557eb4c2be7591039de173cbeab1f0bc0e2e5a9aa466d841a3ebe9e88b,11.6962
development,0,0.75,9,friction,0.5,friction,normal,normal,No actionable deviation,93.8,0.92,53eac81d8747a2c3e9665af92dd69420c6bdf8f6fa17c2de1cefc060e370db13,11.7011
development,0,0.75,9,friction,0.75,friction,normal,normal,No actionable deviation,90.4,0.92,597db56b5b717fc7a9a38b9c7beeeb3af47f5e88a59117fdec2a5228f6cacb5a,11.7825
development,0,0.75,9,friction,1.0,friction,friction,diagnosed,Friction growth,87.0,0.77,f4a39aade68f88756925d15636c5b527e29f98c7a5e6242ab0ba10b239c0d107,12.0279
development,0,0.75,9,stiction,0.0,normal,normal,normal,No actionable deviation,100.0,0.92,c3dac0fb2490fb688b0d64403befaf380a79bcc94f88d3fc6909689fcd210916,11.9781
development,0,0.75,9,stiction,0.25,stiction,friction,diagnosed,Friction growth,58.7,0.92,ac2b0cfe7d566aafe5c858e20fd18b08411b2fcea3ec8f66c195918d530f7097,11.8874
development,0,0.75,9,stiction,0.5,stiction,stiction,diagnosed,Persistent localized stiction,27.1,0.92,8f59e0d3e019d229748310e4af231d245e19531d52e652555e46a19bdf0f5c52,12.0135
development,0,0.75,9,stiction,0.75,stiction,stiction,diagnosed,Persistent localized stiction,24.9,0.92,baa5ff0cb751fb1327863607c477e8dab8ee5d3750245c74cbb695a05c8ca56a,12.0944
development,0,0.75,9,stiction,1.0,stiction,stiction,diagnosed,Persistent localized stiction,23.8,0.92,b7949eebfa6d64b2162955c407ea3dd74f54a1d35ddcb371f05cac205f8cc50e,11.5351
development,0,0.75,9,obstruction,0.0,normal,normal,normal,No actionable deviation,100.0,0.92,c3dac0fb2490fb688b0d64403befaf380a79bcc94f88d3fc6909689fcd210916,11.5932
development,0,0.75,9,obstruction,0.25,obstruction,friction,diagnosed,Friction growth,58.9,0.92,75138770455b19d35b6c009f76089c2540146991d8b0c9ea5f6c927f0dd53250,11.7181
development,0,0.75,9,obstruction,0.5,obstruction,obstruction,diagnosed,Travel obstruction or persistent stiction,43.0,0.92,00dfa86dccbd2247a9e393b18a73e27856c8f1fe5709402e41385832482806c3,11.9647
development,0,0.75,9,obstruction,0.75,obstruction,obstruction,diagnosed,Travel obstruction or persistent stiction,31.5,0.92,24743f288512f67cce00b112f9a45127920f99430ee767d776af7e5b05a33bcb,12.1708
development,0,0.75,9,obstruction,1.0,obstruction,obstruction,diagnosed,Travel obstruction or persistent stiction,22.4,0.92,459713d8c2ff976b5457e786cad8ed2bd0b504ee729f4f8242766c3cb5cb3b83,11.7793
development,0,0.75,9,actuator_degradation,0.0,normal,normal,normal,No actionable deviation,100.0,0.92,c3dac0fb2490fb688b0d64403befaf380a79bcc94f88d3fc6909689fcd210916,11.8989
development,0,0.75,9,actuator_degradation,0.25,actuator_degradation,actuator_degradation,diagnosed,Actuator performance degradation,96.8,0.68,cb644af16d072c6fd9edcdbcfdd9fbd3d298ea3437074e13846e21c306d9c12f,11.6952
development,0,0.75,9,actuator_degradation,0.5,actuator_degradation,actuator_degradation,diagnosed,Actuator performance degradation,92.5,0.76,880e3d0e4dc09099c8f12096797777fd6320af1bc3f88c07400b5f25c3639578,11.9554
development,0,0.75,9,actuator_degradation,0.75,actuator_degradation,actuator_degradation,diagnosed,Actuator performance degradation,84.7,0.89,f286992546dbbc1c90c7fb7d17ace0365d778386ba68cf53378536289dde8000,11.6659
development,0,0.75,9,actuator_degradation,1.0,actuator_degradation,actuator_degradation,diagnosed,Actuator performance degradation,60.3,0.92,652c5d96f0fe2ad6989bc6ed5333adb5e677987bee02d1e3f2126d9f8559ae3d,11.8892
development,0,0.75,9,sensor_drift,0.0,normal,normal,normal,No actionable deviation,100.0,0.92,c3dac0fb2490fb688b0d64403befaf380a79bcc94f88d3fc6909689fcd210916,11.6733
development,0,0.75,9,sensor_drift,0.25,sensor_drift,normal,normal,No actionable deviation,98.7,0.92,f1655b47074a61c48c385bde7ead47dc86328e4f3bf48d38b1df3a2580294517,11.6767
development,0,0.75,9,sensor_drift,0.5,sensor_drift,normal,normal,No actionable deviation,97.6,0.92,907feca92cc0f5f65d51f589595ea28cb207e0269005e264a367fd321b84ca2e,11.623
development,0,0.75,9,sensor_drift,0.75,sensor_drift,sensor_drift,diagnosed,Position sensor drift / process inconsistency,96.5,0.65,30533e1c27bd9546325d9a3efa64004b347dcbab9ebe1b4e7a846faeca4ae2b4,11.7939
development,0,0.75,9,sensor_drift,1.0,sensor_drift,sensor_drift,diagnosed,Position sensor drift / process inconsistency,95.5,0.66,9eba127838452c803880470312014bcf1caaa5816f060cb247a908278892d444,13.6743
development,1,0.82222,0,normal,0.0,normal,normal,normal,No actionable deviation,100.0,0.92,b5bf80b0937a8d63f89be7afa48cbda800b6009cc49db6548c319074a64c50d0,12.1522
development,1,0.82222,0,normal,0.25,normal,normal,normal,No actionable deviation,100.0,0.92,b5bf80b0937a8d63f89be7afa48cbda800b6009cc49db6548c319074a64c50d0,11.6968
development,1,0.82222,0,normal,0.5,normal,normal,normal,No actionable deviation,100.0,0.92,b5bf80b0937a8d63f89be7afa48cbda800b6009cc49db6548c319074a64c50d0,11.7495
development,1,0.82222,0,normal,0.75,normal,normal,normal,No actionable deviation,100.0,0.92,b5bf80b0937a8d63f89be7afa48cbda800b6009cc49db6548c319074a64c50d0,11.6268
development,1,0.82222,0,normal,1.0,normal,normal,normal,No actionable deviation,100.0,0.92,b5bf80b0937a8d63f89be7afa48cbda800b6009cc49db6548c319074a64c50d0,11.6994
development,1,0.82222,0,friction,0.0,normal,normal,normal,No actionable deviation,100.0,0.92,b5bf80b0937a8d63f89be7afa48cbda800b6009cc49db6548c319074a64c50d0,11.6733
development,1,0.82222,0,friction,0.25,friction,normal,normal,No actionable deviation,96.8,0.92,bf9816806af37960887927348f50c314370826c2366acbe5ec5990d0f8070860,11.5769
development,1,0.82222,0,friction,0.5,friction,normal,normal,No actionable deviation,93.6,0.92,0cb0a60b642007d7cddfc4961b1adadf0e309bc4d526c440a23a9377090e328e,11.5644
development,1,0.82222,0,friction,0.75,friction,normal,normal,No actionable deviation,89.8,0.92,44677527b9ce28903de0c10d1acbd1d46db2a98f84ea8f689abff5eae07fb205,11.6704
development,1,0.82222,0,friction,1.0,friction,friction,diagnosed,Friction growth,86.0,0.77,8f4f9d70b8814e41ca35312a441769d6cd5ab4237731906a4887170c2f031a32,11.6424
development,1,0.82222,0,stiction,0.0,normal,normal,normal,No actionable deviation,100.0,0.92,b5bf80b0937a8d63f89be7afa48cbda800b6009cc49db6548c319074a64c50d0,11.4973
development,1,0.82222,0,stiction,0.25,stiction,friction,diagnosed,Friction growth,55.2,0.92,466b728311e843642097ece5433c6771e4391c0055d7de46458024426a35e16c,11.6019
development,1,0.82222,0,stiction,0.5,stiction,stiction,diagnosed,Persistent localized stiction,29.6,0.92,b369d89c58cd9483164b89a116a60c8f2ff4c5a513cb3696f2ddd0b0ec08da64,11.7737
development,1,0.82222,0,stiction,0.75,stiction,stiction,diagnosed,Persistent localized stiction,27.9,0.92,3d426e89d7203c43b172afcff8b6f0847187103f03cdc06b6ad93871f16e379b,11.664
development,1,0.82222,0,stiction,1.0,stiction,stiction,diagnosed,Persistent localized stiction,26.9,0.92,66fc1d6365b12f0db7abfb4ef101bedc9b6bc0f2040c0a4196623bb438eede33,11.6713
development,1,0.82222,0,obstruction,0.0,normal,normal,normal,No actionable deviation,100.0,0.92,b5bf80b0937a8d63f89be7afa48cbda800b6009cc49db6548c319074a64c50d0,12.0474
development,1,0.82222,0,obstruction,0.25,obstruction,obstruction,diagnosed,Travel obstruction or persistent stiction,61.1,0.92,c996886b0f8d6b0ce35c8601d45932978dc9b662754d4f9f5a995e3dbe5f1c45,12.1166
development,1,0.82222,0,obstruction,0.5,obstruction,obstruction,diagnosed,Travel obstruction or persistent stiction,44.8,0.92,075e244d7c678eceaac230c69c00d372c7b9d173814f5ff31fb177ee01bdce8b,12.1305
development,1,0.82222,0,obstruction,0.75,obstruction,obstruction,diagnosed,Travel obstruction or persistent stiction,35.0,0.92,5c61182a6c2c7baf5746225159ad77fc0cfbacb9e55b6d3ba1f70e40e062226f,14.2159
development,1,0.82222,0,obstruction,1.0,obstruction,obstruction,diagnosed,Travel obstruction or persistent stiction,25.3,0.92,55a53772bc5923844335cf9f5dfed3e82732f23275aef0e2a752f9987689ba43,12.9996
development,1,0.82222,0,actuator_degradation,0.0,normal,normal,normal,No actionable deviation,100.0,0.92,b5bf80b0937a8d63f89be7afa48cbda800b6009cc49db6548c319074a64c50d0,13.5016
development,1,0.82222,0,actuator_degradation,0.25,actuator_degradation,actuator_degradation,diagnosed,Actuator performance degradation,97.1,0.67,b1d327e3ecaa6adb6e36438c1c6e58e91a973ea083e0c6119a1e3e8c0e34d56d,11.948
development,1,0.82222,0,actuator_degradation,0.5,actuator_degradation,actuator_degradation,diagnosed,Actuator performance degradation,92.7,0.75,31abf07d8c95a99b512b5bc894fb911d77004b0c70289d39b451a9959e71674f,11.9602
development,1,0.82222,0,actuator_degradation,0.75,actuator_degradation,actuator_degradation,diagnosed,Actuator performance degradation,83.3,0.88,0ed33c827c044082b42365c2cf81dfab6c79ab5d52bfc1456a91457258dc577f,12.8496
development,1,0.82222,0,actuator_degradation,1.0,actuator_degradation,actuator_degradation,diagnosed,Actuator performance degradation,57.6,0.9,a30a48b7e0b1604863011732734fcdcbb02db92eb4558aedbfb09222c83e217f,12.1735
development,1,0.82222,0,sensor_drift,0.0,normal,normal,normal,No actionable deviation,100.0,0.92,b5bf80b0937a8d63f89be7afa48cbda800b6009cc49db6548c319074a64c50d0,12.1582
development,1,0.82222,0,sensor_drift,0.25,sensor_drift,normal,normal,No actionable deviation,98.6,0.92,a7b334f7dd937f83602fd60d24971e008e1649f6fe6c5968097bb78992f2e8fe,11.6175
development,1,0.82222,0,sensor_drift,0.5,sensor_drift,normal,normal,No actionable deviation,97.7,0.92,413e50aec61f6e5a0b5fb280398d9b680b71aae6cdec28d25eb2d9724277148a,11.6278
development,1,0.82222,0,sensor_drift,0.75,sensor_drift,sensor_drift,diagnosed,Position sensor drift / process inconsistency,96.5,0.65,76dbe3418fe4454bdba28ce44834eef3053df5e869ea97d0e5baa483dd1da0ff,11.9466
development,1,0.82222,0,sensor_drift,1.0,sensor_drift,sensor_drift,diagnosed,Position sensor drift / process inconsistency,95.5,0.66,deb2f104041557f40a6b723a6c489cfbcde1747b56abcbf4835d2c7d0ab5e34f,11.8065
development,1,0.82222,1,normal,0.0,normal,normal,normal,No actionable deviation,100.0,0.92,82b76efba7eab213d7b6bda3aac2332fa7514dc4001a64112cce0795a4d62fdd,11.6685
development,1,0.82222,1,normal,0.25,normal,normal,normal,No actionable deviation,100.0,0.92,82b76efba7eab213d7b6bda3aac2332fa7514dc4001a64112cce0795a4d62fdd,11.5604
development,1,0.82222,1,normal,0.5,normal,normal,normal,No actionable deviation,100.0,0.92,82b76efba7eab213d7b6bda3aac2332fa7514dc4001a64112cce0795a4d62fdd,11.9056
development,1,0.82222,1,normal,0.75,normal,normal,normal,No actionable deviation,100.0,0.92,82b76efba7eab213d7b6bda3aac2332fa7514dc4001a64112cce0795a4d62fdd,11.6455
development,1,0.82222,1,normal,1.0,normal,normal,normal,No actionable deviation,100.0,0.92,82b76efba7eab213d7b6bda3aac2332fa7514dc4001a64112cce0795a4d62fdd,11.8368
development,1,0.82222,1,friction,0.0,normal,normal,normal,No actionable deviation,100.0,0.92,82b76efba7eab213d7b6bda3aac2332fa7514dc4001a64112cce0795a4d62fdd,11.9925
development,1,0.82222,1,friction,0.25,friction,normal,normal,No actionable deviation,96.9,0.92,5026a8ecd130cdebb0642dd811d27eed10f036866ba6218bde11682a11f2c0a8,11.7344
development,1,0.82222,1,friction,0.5,friction,normal,normal,No actionable deviation,93.6,0.92,08e52fceffa9e83b03862c720ad5064a120404f29e91d81592c6f05952feaa94,11.8706
development,1,0.82222,1,friction,0.75,friction,normal,normal,No actionable deviation,89.7,0.92,30df5e416793c04f8be3f19855dd4f9e01da2b1ecd2006b70b1e1814cdea7291,11.8552
development,1,0.82222,1,friction,1.0,friction,friction,diagnosed,Friction growth,86.1,0.77,90e27b5da0bb3aa8c34bb8c57d38e0f13cab4fe31c434fb60df860f2bae9fe17,11.7499
development,1,0.82222,1,stiction,0.0,normal,normal,normal,No actionable deviation,100.0,0.92,82b76efba7eab213d7b6bda3aac2332fa7514dc4001a64112cce0795a4d62fdd,11.7623
development,1,0.82222,1,stiction,0.25,stiction,friction,diagnosed,Friction growth,55.6,0.92,5d8f938dfba197e7cca57d5ad08ae2afb3d70482b92b562efebdece272be7e38,11.8093
development,1,0.82222,1,stiction,0.5,stiction,stiction,diagnosed,Persistent localized stiction,29.7,0.92,fdedeeab47f35a60e60b4a8f75793450093ba0f15b2fe258a1c255dab76383a7,11.9546
development,1,0.82222,1,stiction,0.75,stiction,stiction,diagnosed,Persistent localized stiction,27.9,0.92,a5fa3431065ae82fa49ee9305c8200c7ac7a47b45e4a82fb9ad251dd75968c4b,11.6876
development,1,0.82222,1,stiction,1.0,stiction,stiction,diagnosed,Persistent localized stiction,26.9,0.92,112279b0082d7eb54c5ab41fc0ba9fb3f5a6ca0d2eb7e9dc6947054f2107f771,11.7831
development,1,0.82222,1,obstruction,0.0,normal,normal,normal,No actionable deviation,100.0,0.92,82b76efba7eab213d7b6bda3aac2332fa7514dc4001a64112cce0795a4d62fdd,11.8532
development,1,0.82222,1,obstruction,0.25,obstruction,obstruction,diagnosed,Travel obstruction or persistent stiction,61.5,0.92,8318bf1174d6a9ee37f043d09142c56e77d9a95c643528e7fd93e30f522d8b71,11.8679
development,1,0.82222,1,obstruction,0.5,obstruction,obstruction,diagnosed,Travel obstruction or persistent stiction,49.1,0.92,3a435a43285bc5242ddbe5746b04efaa7784186b9a768450ffe7f18e141f32b4,12.3112
development,1,0.82222,1,obstruction,0.75,obstruction,obstruction,diagnosed,Travel obstruction or persistent stiction,35.8,0.92,bdad90fa2534622ecf81524e4107ec22ee9daef633910bf0d43d8e838fd404eb,11.8893
development,1,0.82222,1,obstruction,1.0,obstruction,obstruction,diagnosed,Travel obstruction or persistent stiction,25.1,0.92,f72fc48cc5f796e3ca4f1773a2bf9e1dc80d7d4411d3e464bf7431b8d2e1f839,11.9229
development,1,0.82222,1,actuator_degradation,0.0,normal,normal,normal,No actionable deviation,100.0,0.92,82b76efba7eab213d7b6bda3aac2332fa7514dc4001a64112cce0795a4d62fdd,11.7079
development,1,0.82222,1,actuator_degradation,0.25,actuator_degradation,actuator_degradation,diagnosed,Actuator performance degradation,96.9,0.68,487ae5f40ae78b43c50ee31ff3eb530c3982ba8f5bea85d7969bd4473c8462f0,11.6515
development,1,0.82222,1,actuator_degradation,0.5,actuator_degradation,actuator_degradation,diagnosed,Actuator performance degradation,92.7,0.75,9ba1b932aa871941ab0d2965fb11db938aa2c0af4fe8c460ea18851fb45bba18,11.8752
development,1,0.82222,1,actuator_degradation,0.75,actuator_degradation,actuator_degradation,diagnosed,Actuator performance degradation,83.6,0.88,3b5c6a43c7032565e7353621ac52287a309488398fa5f9ae9ee62f3b7be947d4,11.8676
development,1,0.82222,1,actuator_degradation,1.0,actuator_degradation,actuator_degradation,diagnosed,Actuator performance degradation,57.7,0.9,7391e384c5af6afb0a865299f2803c191d8aa2cb905fbe1fe1e96c296459afbf,11.7181
development,1,0.82222,1,sensor_drift,0.0,normal,normal,normal,No actionable deviation,100.0,0.92,82b76efba7eab213d7b6bda3aac2332fa7514dc4001a64112cce0795a4d62fdd,11.6057
development,1,0.82222,1,sensor_drift,0.25,sensor_drift,normal,normal,No actionable deviation,98.8,0.92,0af20c3841d9e82b3726c004cab2397e942ca1bbe1df548bb15418be966a847e,11.872
development,1,0.82222,1,sensor_drift,0.5,sensor_drift,normal,normal,No actionable deviation,97.7,0.92,bdf4912021477bec12a76b5418291d5a01dc250e485d70d01770213e067071f7,11.6324
development,1,0.82222,1,sensor_drift,0.75,sensor_drift,sensor_drift,diagnosed,Position sensor drift / process inconsistency,96.5,0.65,a27971456e71a9c312b8f217f9c81180184065db343e58ac472797270ebffcac,11.6829
development,1,0.82222,1,sensor_drift,1.0,sensor_drift,sensor_drift,diagnosed,Position sensor drift / process inconsistency,95.5,0.66,c21188c7454dca994e0ec78e4cd4d636ec1bee8eac9bba05e7d515f132d9d36d,11.6531
development,1,0.82222,2,normal,0.0,normal,normal,normal,No actionable deviation,100.0,0.92,fdeeec8ca0f7b55f5e3e696ff956d08905881ccf3d93ff50fe96a72b3cfa097d,12.1763
development,1,0.82222,2,normal,0.25,normal,normal,normal,No actionable deviation,100.0,0.92,fdeeec8ca0f7b55f5e3e696ff956d08905881ccf3d93ff50fe96a72b3cfa097d,12.2008
development,1,0.82222,2,normal,0.5,normal,normal,normal,No actionable deviation,100.0,0.92,fdeeec8ca0f7b55f5e3e696ff956d08905881ccf3d93ff50fe96a72b3cfa097d,12.4998
development,1,0.82222,2,normal,0.75,normal,normal,normal,No actionable deviation,100.0,0.92,fdeeec8ca0f7b55f5e3e696ff956d08905881ccf3d93ff50fe96a72b3cfa097d,11.7822
development,1,0.82222,2,normal,1.0,normal,normal,normal,No actionable deviation,100.0,0.92,fdeeec8ca0f7b55f5e3e696ff956d08905881ccf3d93ff50fe96a72b3cfa097d,11.631
development,1,0.82222,2,friction,0.0,normal,normal,normal,No actionable deviation,100.0,0.92,fdeeec8ca0f7b55f5e3e696ff956d08905881ccf3d93ff50fe96a72b3cfa097d,11.5489
development,1,0.82222,2,friction,0.25,friction,normal,normal,No actionable deviation,96.8,0.92,0f106d3c136e3f44b360744e154c7a558fc4de4f14934661aaa1a84f58c786be,11.6499
development,1,0.82222,2,friction,0.5,friction,normal,normal,No actionable deviation,93.5,0.92,fcfdedb9375dda1539ea13f6988f20a99cda0d19276cbb4892d672708f009e4c,11.7466
development,1,0.82222,2,friction,0.75,friction,normal,normal,No actionable deviation,89.6,0.92,28204ef5c659454fc750b778bdd9083707f98c6605a5554fcee1db70dd6c04de,11.628
development,1,0.82222,2,friction,1.0,friction,friction,diagnosed,Friction growth,86.0,0.77,8cd380798d200daf43936cfb23462f198895ef2f2db2e84019f90842e64c3bb5,11.6791
development,1,0.82222,2,stiction,0.0,normal,normal,normal,No actionable deviation,100.0,0.92,fdeeec8ca0f7b55f5e3e696ff956d08905881ccf3d93ff50fe96a72b3cfa097d,11.7687
development,1,0.82222,2,stiction,0.25,stiction,friction,diagnosed,Friction growth,54.8,0.92,aa64c7ce2c5577abde33ae128e075b0e28ed19b3860bdc16665e8efeb33a0a56,11.8156
development,1,0.82222,2,stiction,0.5,stiction,stiction,diagnosed,Persistent localized stiction,29.6,0.92,cbfeb6c4fb9849d016daea620ad30b0a7565c0d48d7fdccaad3b307e68811ee2,12.1008
development,1,0.82222,2,stiction,0.75,stiction,stiction,diagnosed,Persistent localized stiction,27.8,0.92,1f6047362cdb5ddd51f0a44303e4c0978e5d6f4af4ba2515323c25a0d0049bf1,11.8633
development,1,0.82222,2,stiction,1.0,stiction,stiction,diagnosed,Persistent localized stiction,26.8,0.92,53def61148ccdc75f0fd424fc3d5c9f9ac73d3aa2b9245184e61d078f9e3f8f8,11.7846
development,1,0.82222,2,obstruction,0.0,normal,normal,normal,No actionable deviation,100.0,0.92,fdeeec8ca0f7b55f5e3e696ff956d08905881ccf3d93ff50fe96a72b3cfa097d,12.1804
development,1,0.82222,2,obstruction,0.25,obstruction,obstruction,diagnosed,Travel obstruction or persistent stiction,61.0,0.92,9d3907a1caec35ab6d9aaea31d7c37175373d17f65759f00cefec39fac1e0e71,11.7389
development,1,0.82222,2,obstruction,0.5,obstruction,obstruction,diagnosed,Travel obstruction or persistent stiction,44.8,0.92,8e05beb346f574253217ddd04bc0cd3a41416977a87f7d92c279ff75c5a56ada,12.5184
development,1,0.82222,2,obstruction,0.75,obstruction,obstruction,diagnosed,Travel obstruction or persistent stiction,35.4,0.92,42398772f1e1ba1236e7589df5a82e56937fb6e85bfde6eca6276cfe54610771,14.6594
development,1,0.82222,2,obstruction,1.0,obstruction,obstruction,diagnosed,Travel obstruction or persistent stiction,25.4,0.92,d2ec0d573b9463b980645574110d25961235391da596d1c72e596149b65af3ff,13.6241
development,1,0.82222,2,actuator_degradation,0.0,normal,normal,normal,No actionable deviation,100.0,0.92,fdeeec8ca0f7b55f5e3e696ff956d08905881ccf3d93ff50fe96a72b3cfa097d,12.6173
development,1,0.82222,2,actuator_degradation,0.25,actuator_degradation,actuator_degradation,diagnosed,Actuator performance degradation,96.9,0.68,d35491cb2362890610e65e46c4be13374dc06d747094817feb31da05b7a4b978,12.4762
development,1,0.82222,2,actuator_degradation,0.5,actuator_degradation,actuator_degradation,diagnosed,Actuator performance degradation,92.7,0.75,57dae4af19e280bfc4dc72f9a8f2bdfe9bf73a0dd0232b6357a17e2958219de3,12.1297
development,1,0.82222,2,actuator_degradation,0.75,actuator_degradation,actuator_degradation,diagnosed,Actuator performance degradation,83.2,0.88,61f3836a49acfec9acfc8a2d102943325d8978cee5087ca8a30d572859675580,12.5219
development,1,0.82222,2,actuator_degradation,1.0,actuator_degradation,actuator_degradation,diagnosed,Actuator performance degradation,57.8,0.9,66677fec2489d63e6d789b9d9fb801c9928a8f144ea88f78f29abf8b1b4d5865,12.2922
development,1,0.82222,2,sensor_drift,0.0,normal,normal,normal,No actionable deviation,100.0,0.92,fdeeec8ca0f7b55f5e3e696ff956d08905881ccf3d93ff50fe96a72b3cfa097d,12.5964
development,1,0.82222,2,sensor_drift,0.25,sensor_drift,normal,normal,No actionable deviation,98.8,0.92,63beaa7a5e95ad8756142f08174186df54bf7fb1686ab03568f9c915a52e49d3,12.2999
development,1,0.82222,2,sensor_drift,0.5,sensor_drift,normal,normal,No actionable deviation,97.6,0.92,4a2e68964943e8fbbb1eca2d983713438c4a377600b6c484548624591802807a,12.3441
development,1,0.82222,2,sensor_drift,0.75,sensor_drift,sensor_drift,diagnosed,Position sensor drift / process inconsistency,96.5,0.65,027732e8b2f721fae4d40140dd7624873d57f4d1195dca8841b17baef29b741c,12.1149
development,1,0.82222,2,sensor_drift,1.0,sensor_drift,sensor_drift,diagnosed,Position sensor drift / process inconsistency,95.4,0.66,ca8c8c6b73f66ee89fd0b638cf90a4db32ed01179e00e78519d781876e245807,12.9312
development,1,0.82222,3,normal,0.0,normal,normal,normal,No actionable deviation,100.0,0.92,a0ac318929a426f97c9387e905a6104c1bede4d934f73ea8dc8b180f4c955e24,18.0965
development,1,0.82222,3,normal,0.25,normal,normal,normal,No actionable deviation,100.0,0.92,a0ac318929a426f97c9387e905a6104c1bede4d934f73ea8dc8b180f4c955e24,12.427
development,1,0.82222,3,normal,0.5,normal,normal,normal,No actionable deviation,100.0,0.92,a0ac318929a426f97c9387e905a6104c1bede4d934f73ea8dc8b180f4c955e24,12.1648
development,1,0.82222,3,normal,0.75,normal,normal,normal,No actionable deviation,100.0,0.92,a0ac318929a426f97c9387e905a6104c1bede4d934f73ea8dc8b180f4c955e24,11.981
development,1,0.82222,3,normal,1.0,normal,normal,normal,No actionable deviation,100.0,0.92,a0ac318929a426f97c9387e905a6104c1bede4d934f73ea8dc8b180f4c955e24,12.0396
development,1,0.82222,3,friction,0.0,normal,normal,normal,No actionable deviation,100.0,0.92,a0ac318929a426f97c9387e905a6104c1bede4d934f73ea8dc8b180f4c955e24,12.1924
development,1,0.82222,3,friction,0.25,friction,normal,normal,No actionable deviation,96.8,0.92,78b269a189426dc5ea69f6724bd746f06bc45e1f0684cffa5e6597fd5099af53,12.4778
development,1,0.82222,3,friction,0.5,friction,normal,normal,No actionable deviation,93.7,0.92,25312641ea3fa17608c3ac18e6732a1476523a1722b1e7b50bf13e95666c98a2,12.9978
development,1,0.82222,3,friction,0.75,friction,normal,normal,No actionable deviation,89.7,0.92,3dd4cae826f8e10610e0798519d8af5cbb81c78350e757f22dc7f59be61ca028,12.9256
development,1,0.82222,3,friction,1.0,friction,friction,diagnosed,Friction growth,86.1,0.77,896e7a74bd757d1124ff1642decff8791a6ffc1fb4f78c606cd7e9852e69db74,13.0112
development,1,0.82222,3,stiction,0.0,normal,normal,normal,No actionable deviation,100.0,0.92,a0ac318929a426f97c9387e905a6104c1bede4d934f73ea8dc8b180f4c955e24,12.4101
development,1,0.82222,3,stiction,0.25,stiction,friction,diagnosed,Friction growth,55.0,0.92,e82d241fdb46d08315cd73db9df571eb9a44e5c6768357274cf5b257a0ee586e,12.1995
development,1,0.82222,3,stiction,0.5,stiction,stiction,diagnosed,Persistent localized stiction,29.5,0.92,805f565594132016cb454ff7bc866a14610076761683d162aa069ccc7936e8ce,12.6345
development,1,0.82222,3,stiction,0.75,stiction,stiction,diagnosed,Persistent localized stiction,27.9,0.92,3f072eb8e6e769c59810a878eccc6672ef9a15142dd1192a1bac516065a1c58b,12.2376
development,1,0.82222,3,stiction,1.0,stiction,stiction,diagnosed,Persistent localized stiction,26.8,0.92,74bf241f49406f492fd3599e9082bad4cca9732591d33d8370120b3ec428b0f1,12.9441
development,1,0.82222,3,obstruction,0.0,normal,normal,normal,No actionable deviation,100.0,0.92,a0ac318929a426f97c9387e905a6104c1bede4d934f73ea8dc8b180f4c955e24,12.1362
development,1,0.82222,3,obstruction,0.25,obstruction,obstruction,diagnosed,Travel obstruction or persistent stiction,61.2,0.92,740a2ab527cf0a45f20e1e379d269846ac988733b629a35cc52b5ceccefa4a70,12.4373
development,1,0.82222,3,obstruction,0.5,obstruction,obstruction,diagnosed,Travel obstruction or persistent stiction,44.8,0.92,db35012b19030c20961381c317c47e950173a10e3509baf467cc779dfe7d4673,13.6682
development,1,0.82222,3,obstruction,0.75,obstruction,obstruction,diagnosed,Travel obstruction or persistent stiction,35.0,0.92,5e6e7d8801fd55cc2c50dc465ff9458d5892bf0834516a9407341e29bd21f9bc,11.864
development,1,0.82222,3,obstruction,1.0,obstruction,obstruction,diagnosed,Travel obstruction or persistent stiction,25.3,0.92,7d49986542213f35bc2390145a4918898a0ecf7fc79f73b358bcbc1fbeb96f2b,12.3469
development,1,0.82222,3,actuator_degradation,0.0,normal,normal,normal,No actionable deviation,100.0,0.92,a0ac318929a426f97c9387e905a6104c1bede4d934f73ea8dc8b180f4c955e24,11.6656
development,1,0.82222,3,actuator_degradation,0.25,actuator_degradation,actuator_degradation,diagnosed,Actuator performance degradation,97.1,0.67,aa7a66f68cf45960a8f38fe34ed05a4a12f2988d3cd67e2c25ae3c931e01b567,11.6671
development,1,0.82222,3,actuator_degradation,0.5,actuator_degradation,actuator_degradation,diagnosed,Actuator performance degradation,92.9,0.75,d5a1892ef9540c8052c9468bfaa4f7c3fd480622d87143e7565f0323d01d6bd4,12.9514
development,1,0.82222,3,actuator_degradation,0.75,actuator_degradation,actuator_degradation,diagnosed,Actuator performance degradation,83.4,0.88,c0b8e9638cfb04bbaa16bffe0f66f6439c6ed97266ab82b75ef38b623252d796,12.4911
development,1,0.82222,3,actuator_degradation,1.0,actuator_degradation,actuator_degradation,diagnosed,Actuator performance degradation,57.8,0.9,12764d6ab1bd5844148e360e176d759eed02d319e91b38f212007fab5915efba,12.0415
development,1,0.82222,3,sensor_drift,0.0,normal,normal,normal,No actionable deviation,100.0,0.92,a0ac318929a426f97c9387e905a6104c1bede4d934f73ea8dc8b180f4c955e24,13.3142
development,1,0.82222,3,sensor_drift,0.25,sensor_drift,normal,normal,No actionable deviation,98.7,0.92,3e4ba19fbc07ece874d8f1f98d2a4c2f6a891c6a79ef4ff453634ae1a2597c66,12.4767
development,1,0.82222,3,sensor_drift,0.5,sensor_drift,normal,normal,No actionable deviation,97.7,0.92,f437a42fdaf782c0c655100fe82b149e575e16fa5db063cb4de2b0a62bb8e426,11.9963
development,1,0.82222,3,sensor_drift,0.75,sensor_drift,sensor_drift,diagnosed,Position sensor drift / process inconsistency,96.5,0.65,c7dda567fd464f0faff83ed774d8106925f11592afc8751b8b20f13f7a28d91b,16.3781
development,1,0.82222,3,sensor_drift,1.0,sensor_drift,sensor_drift,diagnosed,Position sensor drift / process inconsistency,95.5,0.66,0ee526ddb6f2afb67fcf7a9eb84b89ac53aa82695b8c8a017ab4854d4242296a,11.8945
development,1,0.82222,4,normal,0.0,normal,normal,normal,No actionable deviation,100.0,0.92,154e8b12d8d0a8891a67dd1a32d94c332dc6fc9ce1713af945f50920877805ee,12.0461
development,1,0.82222,4,normal,0.25,normal,normal,normal,No actionable deviation,100.0,0.92,154e8b12d8d0a8891a67dd1a32d94c332dc6fc9ce1713af945f50920877805ee,12.3528
development,1,0.82222,4,normal,0.5,normal,normal,normal,No actionable deviation,100.0,0.92,154e8b12d8d0a8891a67dd1a32d94c332dc6fc9ce1713af945f50920877805ee,12.2318
development,1,0.82222,4,normal,0.75,normal,normal,normal,No actionable deviation,100.0,0.92,154e8b12d8d0a8891a67dd1a32d94c332dc6fc9ce1713af945f50920877805ee,11.9453
development,1,0.82222,4,normal,1.0,normal,normal,normal,No actionable deviation,100.0,0.92,154e8b12d8d0a8891a67dd1a32d94c332dc6fc9ce1713af945f50920877805ee,14.7278
development,1,0.82222,4,friction,0.0,normal,normal,normal,No actionable deviation,100.0,0.92,154e8b12d8d0a8891a67dd1a32d94c332dc6fc9ce1713af945f50920877805ee,11.9843
development,1,0.82222,4,friction,0.25,friction,normal,normal,No actionable deviation,96.8,0.92,483108486bea830c8aa760713add3e4ae25ebe0e338939a3f478086c36c9da65,12.3324
development,1,0.82222,4,friction,0.5,friction,normal,normal,No actionable deviation,93.5,0.92,c64c5bea5dee3ad656bf4680e9f78ba0c9af5b9b9c3b3948f71fabeb5010fe2d,11.916
development,1,0.82222,4,friction,0.75,friction,normal,normal,No actionable deviation,90.0,0.92,19cef64ef0922420aba0c47ad9efb3da997f86c40e37293b3d6beb13adc5e454,11.9684
development,1,0.82222,4,friction,1.0,friction,friction,diagnosed,Friction growth,85.8,0.77,81489e6108f4b32c2f2770576409298f96811a923bbd21d4cb82efbbf14464d9,12.7182
development,1,0.82222,4,stiction,0.0,normal,normal,normal,No actionable deviation,100.0,0.92,154e8b12d8d0a8891a67dd1a32d94c332dc6fc9ce1713af945f50920877805ee,11.9353
development,1,0.82222,4,stiction,0.25,stiction,friction,diagnosed,Friction growth,54.7,0.92,acdbf9c63389565eccb594f29ec2a73872406cdcea7b8e2a7f82414ca14bfe43,12.2281
development,1,0.82222,4,stiction,0.5,stiction,stiction,diagnosed,Persistent localized stiction,29.6,0.92,a7114674beaced1b1d4381c2ebdd9cb0c4d102dea9ef37ad5fd4cbdfcf0984d5,12.1014
development,1,0.82222,4,stiction,0.75,stiction,stiction,diagnosed,Persistent localized stiction,27.8,0.92,77e4cc2eff200337978c732f5548eea1b0b3f499ec95302a61aaf77c99ed525a,12.1817
development,1,0.82222,4,stiction,1.0,stiction,stiction,diagnosed,Persistent localized stiction,26.8,0.92,900a34fc7e57742fcb06e9e4d8d33c80de3bb470b7380fe1f13f7fab53e8c00a,12.6344
development,1,0.82222,4,obstruction,0.0,normal,normal,normal,No actionable deviation,100.0,0.92,154e8b12d8d0a8891a67dd1a32d94c332dc6fc9ce1713af945f50920877805ee,11.8881
development,1,0.82222,4,obstruction,0.25,obstruction,obstruction,diagnosed,Travel obstruction or persistent stiction,61.3,0.92,e3871adb96dc07bfe64cbaacfd36e16b356f6581546bb706a1ff4cb426d50132,12.2417
development,1,0.82222,4,obstruction,0.5,obstruction,obstruction,diagnosed,Travel obstruction or persistent stiction,44.7,0.92,98c842d528116772ded9a5930aa8d06a1f8906c85911ad326075445b59b9d6e4,12.0525
development,1,0.82222,4,obstruction,0.75,obstruction,obstruction,diagnosed,Travel obstruction or persistent stiction,34.8,0.92,f71f35e188f23d24de1df0e89454b51dea04bff7204f241697a068b32a03b90f,12.0147
development,1,0.82222,4,obstruction,1.0,obstruction,obstruction,diagnosed,Travel obstruction or persistent stiction,25.3,0.92,0855fe3bd519743e22ecac53e18d2f6b0ba368d42f752bd2f8113b29a461e146,12.9254
development,1,0.82222,4,actuator_degradation,0.0,normal,normal,normal,No actionable deviation,100.0,0.92,154e8b12d8d0a8891a67dd1a32d94c332dc6fc9ce1713af945f50920877805ee,12.0817
development,1,0.82222,4,actuator_degradation,0.25,actuator_degradation,actuator_degradation,diagnosed,Actuator performance degradation,96.9,0.68,a29ea56f87ec2734b2bec72b59f415bdd36e925462f2fa734d7f9e0895463f5f,13.7719
development,1,0.82222,4,actuator_degradation,0.5,actuator_degradation,actuator_degradation,diagnosed,Actuator performance degradation,92.7,0.75,e852dd3944e75c0ae3d22158add751aeccea38c5ee3df40e6bc3d7cb3b9e6c5b,13.3725
development,1,0.82222,4,actuator_degradation,0.75,actuator_degradation,sensor_drift,diagnosed,Position sensor drift / process inconsistency,83.1,0.88,6b5cfaaa1f75bb691e1bebaade3c3a2b685779f666aa8db26f64a6a9ffee1d81,12.4533
development,1,0.82222,4,actuator_degradation,1.0,actuator_degradation,actuator_degradation,diagnosed,Actuator performance degradation,57.5,0.9,87eeea666fddf31743f8148936838c000e1348cf19f7498d464b0593c4e31ff3,11.9685
development,1,0.82222,4,sensor_drift,0.0,normal,normal,normal,No actionable deviation,100.0,0.92,154e8b12d8d0a8891a67dd1a32d94c332dc6fc9ce1713af945f50920877805ee,11.6646
development,1,0.82222,4,sensor_drift,0.25,sensor_drift,normal,normal,No actionable deviation,98.7,0.92,c12055070cc073b9fea21bb9631a614d56c24b33b145f879e613c8e6546c76df,11.5757
development,1,0.82222,4,sensor_drift,0.5,sensor_drift,normal,normal,No actionable deviation,97.6,0.92,ce733f7669402533ac84828b31d5d7ef8ddc235f4fc69e5d7e84d796c3764b00,11.6011
development,1,0.82222,4,sensor_drift,0.75,sensor_drift,sensor_drift,diagnosed,Position sensor drift / process inconsistency,96.3,0.65,34b952715064e0ccd7ced2a6768db5f605d0b9406bc5b52af204f5a8ab111b5f,11.6681
development,1,0.82222,4,sensor_drift,1.0,sensor_drift,sensor_drift,diagnosed,Position sensor drift / process inconsistency,95.4,0.66,84c7f4e1c92976b983773f66d5d6a6a22d52899939100ee43c274c74523949af,11.8891
development,1,0.82222,5,normal,0.0,normal,normal,normal,No actionable deviation,100.0,0.92,e31ebed176eefbd6002be48a320920ee8d19056a32c67bd876a3aa57fb379cfb,11.6754
development,1,0.82222,5,normal,0.25,normal,normal,normal,No actionable deviation,100.0,0.92,e31ebed176eefbd6002be48a320920ee8d19056a32c67bd876a3aa57fb379cfb,11.6106
development,1,0.82222,5,normal,0.5,normal,normal,normal,No actionable deviation,100.0,0.92,e31ebed176eefbd6002be48a320920ee8d19056a32c67bd876a3aa57fb379cfb,11.7705
development,1,0.82222,5,normal,0.75,normal,normal,normal,No actionable deviation,100.0,0.92,e31ebed176eefbd6002be48a320920ee8d19056a32c67bd876a3aa57fb379cfb,12.7177
development,1,0.82222,5,normal,1.0,normal,normal,normal,No actionable deviation,100.0,0.92,e31ebed176eefbd6002be48a320920ee8d19056a32c67bd876a3aa57fb379cfb,11.6832
development,1,0.82222,5,friction,0.0,normal,normal,normal,No actionable deviation,100.0,0.92,e31ebed176eefbd6002be48a320920ee8d19056a32c67bd876a3aa57fb379cfb,11.594
development,1,0.82222,5,friction,0.25,friction,normal,normal,No actionable deviation,96.7,0.92,555a7117f65bc58d6f9edf154bff5ff8d5ad4daf684870e8361d2084ec864c12,11.6734
development,1,0.82222,5,friction,0.5,friction,normal,normal,No actionable deviation,93.4,0.92,d24811cd75955b8e2dbef12b9c5240a73bfff6789c37c77cdec8bb852a8fbb78,11.6542
development,1,0.82222,5,friction,0.75,friction,normal,normal,No actionable deviation,89.6,0.92,3ad35a181a985ec9a30938bb0e68fba2a12c513c8901e11c8d94a7eb2759046f,11.7839
development,1,0.82222,5,friction,1.0,friction,friction,diagnosed,Friction growth,86.0,0.77,0525c928c735f9cd3cfab89914badce30454befad80014dc9d0813f6f5be6e4c,11.6529
development,1,0.82222,5,stiction,0.0,normal,normal,normal,No actionable deviation,100.0,0.92,e31ebed176eefbd6002be48a320920ee8d19056a32c67bd876a3aa57fb379cfb,11.7819
development,1,0.82222,5,stiction,0.25,stiction,friction,diagnosed,Friction growth,55.3,0.92,a71e6a6823d9e2086287b245e54de0b4dc8fac2c294afbaafd0c48b2c7f5e090,11.9068
development,1,0.82222,5,stiction,0.5,stiction,stiction,diagnosed,Persistent localized stiction,29.7,0.92,8793f8154d09acff692b6c80ff951d4ca07658bb30a66f9d19772478932c687f,11.9893
development,1,0.82222,5,stiction,0.75,stiction,stiction,diagnosed,Persistent localized stiction,27.9,0.92,792682713e8ef1bb615d38e4dee99cb88543dac8651920d4c17304649d9c18cc,12.5508
development,1,0.82222,5,stiction,1.0,stiction,stiction,diagnosed,Persistent localized stiction,26.9,0.92,50013ae3e5c630d3ef5fd3f3c5f95e07e036b29ba5a44dfd7ce86861dc796f65,12.4985
development,1,0.82222,5,obstruction,0.0,normal,normal,normal,No actionable deviation,100.0,0.92,e31ebed176eefbd6002be48a320920ee8d19056a32c67bd876a3aa57fb379cfb,12.073
development,1,0.82222,5,obstruction,0.25,obstruction,obstruction,diagnosed,Travel obstruction or persistent stiction,61.2,0.92,3d5f24974d253a2446cf28757837000d66860e644a36ee3452fa9716840d7188,12.3483
development,1,0.82222,5,obstruction,0.5,obstruction,obstruction,diagnosed,Travel obstruction or persistent stiction,48.9,0.92,49072a275de8b36aa635f61d941fb3d8c76d1ee255f8b47f1e6ceaa68649ff3b,12.5548
development,1,0.82222,5,obstruction,0.75,obstruction,obstruction,diagnosed,Travel obstruction or persistent stiction,35.8,0.92,98ea833816331a611571aecb2b98f5a8ef3777db9779b9bd5bec84d157d25872,12.1334
development,1,0.82222,5,obstruction,1.0,obstruction,obstruction,diagnosed,Travel obstruction or persistent stiction,25.2,0.92,3ed6228fbc24de095796fcc5dce8753b8de9a2ed8feee1d4a91f8060f4b310b8,11.8864
development,1,0.82222,5,actuator_degradation,0.0,normal,normal,normal,No actionable deviation,100.0,0.92,e31ebed176eefbd6002be48a320920ee8d19056a32c67bd876a3aa57fb379cfb,11.7402
development,1,0.82222,5,actuator_degradation,0.25,actuator_degradation,actuator_degradation,diagnosed,Actuator performance degradation,97.1,0.67,801d9d499197ba8761878fe5207dd00ff96495d05b0a8c8f33fd8421e50d3e94,11.6863
development,1,0.82222,5,actuator_degradation,0.5,actuator_degradation,actuator_degradation,diagnosed,Actuator performance degradation,92.7,0.75,eeacf6d8523c5c3937168eadf7ef9a70050b26c0d9ef107038477d35094b9249,11.6289
development,1,0.82222,5,actuator_degradation,0.75,actuator_degradation,actuator_degradation,diagnosed,Actuator performance degradation,83.0,0.88,227dbf7cdbd1174913eb45e521bb0af385d1758289dd2ec78e924ac47de8ffdf,12.0591
development,1,0.82222,5,actuator_degradation,1.0,actuator_degradation,actuator_degradation,diagnosed,Actuator performance degradation,57.6,0.9,bea5fb07d764bf44d9a36444daff6cbb12aa10b6a9d8e805d84096c0b2ea9bde,12.1722
development,1,0.82222,5,sensor_drift,0.0,normal,normal,normal,No actionable deviation,100.0,0.92,e31ebed176eefbd6002be48a320920ee8d19056a32c67bd876a3aa57fb379cfb,12.0118
development,1,0.82222,5,sensor_drift,0.25,sensor_drift,normal,normal,No actionable deviation,98.7,0.92,922e6c10c919e171d8803f962b402753fd7895674f819b58b1a8ba9a6a937fe4,12.3754
development,1,0.82222,5,sensor_drift,0.5,sensor_drift,normal,normal,No actionable deviation,97.5,0.92,588c49318dc2851afaaf6acbe8d821ce169345e5874f1f804a5b8c5e91b561ff,12.3148
development,1,0.82222,5,sensor_drift,0.75,sensor_drift,sensor_drift,diagnosed,Position sensor drift / process inconsistency,96.3,0.65,e4d0339fd901b12f097b4f5a01d46ba0777c1d559eda5e0e9b274b9a18ccf1aa,12.0146
development,1,0.82222,5,sensor_drift,1.0,sensor_drift,sensor_drift,diagnosed,Position sensor drift / process inconsistency,95.3,0.66,e5e94f7ba68af6c9da1b37b747330b2424e6181a4cba8efa9c4ddab6fbd81dd1,11.9673
development,1,0.82222,6,normal,0.0,normal,normal,normal,No actionable deviation,100.0,0.92,7966e35e465b15a352aa9c2916855b2e8b123e948f54cbbd3fae72178928e82d,12.1906
development,1,0.82222,6,normal,0.25,normal,normal,normal,No actionable deviation,100.0,0.92,7966e35e465b15a352aa9c2916855b2e8b123e948f54cbbd3fae72178928e82d,11.7931
development,1,0.82222,6,normal,0.5,normal,normal,normal,No actionable deviation,100.0,0.92,7966e35e465b15a352aa9c2916855b2e8b123e948f54cbbd3fae72178928e82d,11.7122
development,1,0.82222,6,normal,0.75,normal,normal,normal,No actionable deviation,100.0,0.92,7966e35e465b15a352aa9c2916855b2e8b123e948f54cbbd3fae72178928e82d,14.5111
development,1,0.82222,6,normal,1.0,normal,normal,normal,No actionable deviation,100.0,0.92,7966e35e465b15a352aa9c2916855b2e8b123e948f54cbbd3fae72178928e82d,13.9515
development,1,0.82222,6,friction,0.0,normal,normal,normal,No actionable deviation,100.0,0.92,7966e35e465b15a352aa9c2916855b2e8b123e948f54cbbd3fae72178928e82d,12.1226
development,1,0.82222,6,friction,0.25,friction,normal,normal,No actionable deviation,96.8,0.92,168141ab7a1587bbbe20be5c3a0f3231e2709bb53742597c917a60d79167bb97,12.2205
development,1,0.82222,6,friction,0.5,friction,normal,normal,No actionable deviation,93.4,0.92,4e596700d94da9998c1d775e9f8460c1a2b1bf02a4a09342b0f59cf8bda2948a,12.3901
development,1,0.82222,6,friction,0.75,friction,normal,normal,No actionable deviation,89.7,0.92,526e62df0f65b8d9fa1a34b7d9549e7f5c34a7b8cf9d756b9448f9c4e90dc9f0,12.0088
development,1,0.82222,6,friction,1.0,friction,friction,diagnosed,Friction growth,86.0,0.77,d34f01fc780a2aaafca23e6a747b43a1f80b7c6cfed2cfabf58c435ddf3149fc,12.1383
development,1,0.82222,6,stiction,0.0,normal,normal,normal,No actionable deviation,100.0,0.92,7966e35e465b15a352aa9c2916855b2e8b123e948f54cbbd3fae72178928e82d,12.4347
development,1,0.82222,6,stiction,0.25,stiction,friction,diagnosed,Friction growth,54.9,0.92,57f7ef3c26af0c8fd1970aa025ec5571a6fa1249079a03c9606ffc4fd22caf95,12.2193
development,1,0.82222,6,stiction,0.5,stiction,stiction,diagnosed,Persistent localized stiction,29.7,0.92,3fc9ceb09763ba15c21a49fbf77c98c512665a70117b86dc590d1e7825f0fe78,12.1209
development,1,0.82222,6,stiction,0.75,stiction,stiction,diagnosed,Persistent localized stiction,27.9,0.92,1b4fe240579b3e13ad78f9b3f725719b95c6800b78d7bd5aa16dacd126516005,12.5338
development,1,0.82222,6,stiction,1.0,stiction,stiction,diagnosed,Persistent localized stiction,26.9,0.92,cd1119a908a3e6916401ad2d9496ad661150e5a30fac382a91ef78f583323704,12.5563
development,1,0.82222,6,obstruction,0.0,normal,normal,normal,No actionable deviation,100.0,0.92,7966e35e465b15a352aa9c2916855b2e8b123e948f54cbbd3fae72178928e82d,12.1876
development,1,0.82222,6,obstruction,0.25,obstruction,obstruction,diagnosed,Travel obstruction or persistent stiction,61.3,0.92,30ebdce9f85bd7f38f5f84dfbf7f4c21a24d035e11f61040efdf815e6267671a,12.2218
development,1,0.82222,6,obstruction,0.5,obstruction,obstruction,diagnosed,Travel obstruction or persistent stiction,48.9,0.92,65d9f4830ab4260cd0126031766ff7c0bbaa47a8c8c24af4603a85934a2268a5,12.451
development,1,0.82222,6,obstruction,0.75,obstruction,obstruction,diagnosed,Travel obstruction or persistent stiction,35.4,0.92,9e3ccae3c40e5a5b7f4efa6c2bb207c371824bf02cbc8dee45bc2c56a75247de,12.0315
development,1,0.82222,6,obstruction,1.0,obstruction,obstruction,diagnosed,Travel obstruction or persistent stiction,25.3,0.92,88adfc2e3e99c5df2a99bde1aa70c76a362c4162da211718795c439a9f51bf25,12.0673
development,1,0.82222,6,actuator_degradation,0.0,normal,normal,normal,No actionable deviation,100.0,0.92,7966e35e465b15a352aa9c2916855b2e8b123e948f54cbbd3fae72178928e82d,11.843
development,1,0.82222,6,actuator_degradation,0.25,actuator_degradation,actuator_degradation,diagnosed,Actuator performance degradation,97.1,0.67,a2f0ee802cc3554e6c9de5bdea71bf32b4172507a3ecdad01c20332dd60d9acd,11.9514
development,1,0.82222,6,actuator_degradation,0.5,actuator_degradation,actuator_degradation,diagnosed,Actuator performance degradation,92.4,0.76,c2003c54f29054bc1de804ffeed71188359c8ed9412a4a9d3d6ae2cd2e00930c,11.6393
development,1,0.82222,6,actuator_degradation,0.75,actuator_degradation,actuator_degradation,diagnosed,Actuator performance degradation,83.3,0.88,4f94819ecc70b666b3b6a7524dc7ce18226f27fad9c60334c41a17a784647032,11.9226
development,1,0.82222,6,actuator_degradation,1.0,actuator_degradation,actuator_degradation,diagnosed,Actuator performance degradation,57.6,0.9,3b9fd2a298d3974fd7875a20317eec39e9ea763a80d2d06ebca3409dc26f226c,12.2877
development,1,0.82222,6,sensor_drift,0.0,normal,normal,normal,No actionable deviation,100.0,0.92,7966e35e465b15a352aa9c2916855b2e8b123e948f54cbbd3fae72178928e82d,11.8448
development,1,0.82222,6,sensor_drift,0.25,sensor_drift,normal,normal,No actionable deviation,98.7,0.92,e5bb44902b9cb08164266442a9a18551c4ab6e1afa7517a0b0c1f870f178f918,12.0421
development,1,0.82222,6,sensor_drift,0.5,sensor_drift,normal,normal,No actionable deviation,97.6,0.92,a4bd754eb05f565cbafec7c5e5c55c4ea763f995de4dcbf927067e117d386437,12.2308
development,1,0.82222,6,sensor_drift,0.75,sensor_drift,sensor_drift,diagnosed,Position sensor drift / process inconsistency,96.4,0.65,d1121855c958c6881519d16b4f688a8404f6d49395f91ab89ae3516e5ac32fa0,12.075
development,1,0.82222,6,sensor_drift,1.0,sensor_drift,sensor_drift,diagnosed,Position sensor drift / process inconsistency,95.4,0.66,c5051a29679a80f748d5697403fa380d1a45039b21336218f78ada6991327ce3,11.9955
development,1,0.82222,7,normal,0.0,normal,normal,normal,No actionable deviation,100.0,0.92,39ca05682cc38f43ce7f42982a25b310b3d0a01b5b612cd5fcd64eda1964f6e5,12.0468
development,1,0.82222,7,normal,0.25,normal,normal,normal,No actionable deviation,100.0,0.92,39ca05682cc38f43ce7f42982a25b310b3d0a01b5b612cd5fcd64eda1964f6e5,13.2183
development,1,0.82222,7,normal,0.5,normal,normal,normal,No actionable deviation,100.0,0.92,39ca05682cc38f43ce7f42982a25b310b3d0a01b5b612cd5fcd64eda1964f6e5,13.4016
development,1,0.82222,7,normal,0.75,normal,normal,normal,No actionable deviation,100.0,0.92,39ca05682cc38f43ce7f42982a25b310b3d0a01b5b612cd5fcd64eda1964f6e5,11.8187
development,1,0.82222,7,normal,1.0,normal,normal,normal,No actionable deviation,100.0,0.92,39ca05682cc38f43ce7f42982a25b310b3d0a01b5b612cd5fcd64eda1964f6e5,11.672
development,1,0.82222,7,friction,0.0,normal,normal,normal,No actionable deviation,100.0,0.92,39ca05682cc38f43ce7f42982a25b310b3d0a01b5b612cd5fcd64eda1964f6e5,11.5629
development,1,0.82222,7,friction,0.25,friction,normal,normal,No actionable deviation,96.8,0.92,85900f95970b5401793eab38e7471b798d3d53cbd012cfc9115ffdac4cfd4c19,11.855
development,1,0.82222,7,friction,0.5,friction,normal,normal,No actionable deviation,93.5,0.92,7e47a301eab846ffbac74a6fa4439d21c0f81c25bd6bebe71feb0a1dd5775dfc,11.7519
development,1,0.82222,7,friction,0.75,friction,normal,normal,No actionable deviation,89.6,0.92,b1e1eb9ad0a1cfa7b11bff02c401f50f1624eb7ba54559529824ad0beb7bf771,11.7399
development,1,0.82222,7,friction,1.0,friction,friction,diagnosed,Friction growth,86.0,0.77,c4f0398001ed2fc7de2bdfd32e7a20b814279d297e27f200e904646f1698f43c,11.751
development,1,0.82222,7,stiction,0.0,normal,normal,normal,No actionable deviation,100.0,0.92,39ca05682cc38f43ce7f42982a25b310b3d0a01b5b612cd5fcd64eda1964f6e5,12.0566
development,1,0.82222,7,stiction,0.25,stiction,friction,diagnosed,Friction growth,55.3,0.92,b81bf882c7b465126c8417e957a69face34aa644a1dc2b9e705d1a40a00682b5,11.7762
development,1,0.82222,7,stiction,0.5,stiction,stiction,diagnosed,Persistent localized stiction,29.6,0.92,5c30a1675decc691a4cd40bb04c13ef780c20b1254a557487ef8af3d6a5bd5b9,11.6094
development,1,0.82222,7,stiction,0.75,stiction,stiction,diagnosed,Persistent localized stiction,27.8,0.92,a14afedce916f209a46cf462ce0b372e6effab6ef02658520120340fdd3ed193,11.8955
development,1,0.82222,7,stiction,1.0,stiction,stiction,diagnosed,Persistent localized stiction,26.8,0.92,ca05c76c4a68d7fa2669e8e8fced59f6712406d317637991fd5ff471b836c1f9,11.7005
development,1,0.82222,7,obstruction,0.0,normal,normal,normal,No actionable deviation,100.0,0.92,39ca05682cc38f43ce7f42982a25b310b3d0a01b5b612cd5fcd64eda1964f6e5,13.3693
development,1,0.82222,7,obstruction,0.25,obstruction,obstruction,diagnosed,Travel obstruction or persistent stiction,61.2,0.92,e4e0d0e4b791ead468dd7f6bbb4ad0fa5945164e1afd4eb3cfbf62c4a4e62b4b,13.5179
development,1,0.82222,7,obstruction,0.5,obstruction,obstruction,diagnosed,Travel obstruction or persistent stiction,44.8,0.92,74023afbb3ee46b910cc5359a5560dd3e6e45b5a113debc93a30c6c712e2131b,12.3367
development,1,0.82222,7,obstruction,0.75,obstruction,obstruction,diagnosed,Travel obstruction or persistent stiction,35.0,0.92,41ab5c915bcd5b27738b2dcda05562b4b78b9634f876f1eff74f7bdf0309129d,11.6504
development,1,0.82222,7,obstruction,1.0,obstruction,obstruction,diagnosed,Travel obstruction or persistent stiction,25.3,0.92,82a23974a840b0a3f35c11394151e0de100bdd49d5c45a7e488b73d6c226626f,11.6681
development,1,0.82222,7,actuator_degradation,0.0,normal,normal,normal,No actionable deviation,100.0,0.92,39ca05682cc38f43ce7f42982a25b310b3d0a01b5b612cd5fcd64eda1964f6e5,11.7158
development,1,0.82222,7,actuator_degradation,0.25,actuator_degradation,actuator_degradation,diagnosed,Actuator performance degradation,97.1,0.67,a42a8891730930e4787453d3cea864894a0d480b986a9498c1dc15434e696d19,11.725
development,1,0.82222,7,actuator_degradation,0.5,actuator_degradation,actuator_degradation,diagnosed,Actuator performance degradation,92.7,0.75,e1a48a26120e6492207134b73ab7a27170edd99db491946a7f7e677eeb5d26eb,11.6852
development,1,0.82222,7,actuator_degradation,0.75,actuator_degradation,actuator_degradation,diagnosed,Actuator performance degradation,83.3,0.88,f84bc137a8c73459de8b0651452db9857fe86dd12b62353f77e2ee2b152903a9,11.8101
development,1,0.82222,7,actuator_degradation,1.0,actuator_degradation,actuator_degradation,diagnosed,Actuator performance degradation,57.8,0.9,d5353630e0f53edb70bdd507613e0b1112cac48eabcb76c48f8d137839d8e3a2,11.6578
development,1,0.82222,7,sensor_drift,0.0,normal,normal,normal,No actionable deviation,100.0,0.92,39ca05682cc38f43ce7f42982a25b310b3d0a01b5b612cd5fcd64eda1964f6e5,11.6002
development,1,0.82222,7,sensor_drift,0.25,sensor_drift,normal,normal,No actionable deviation,98.6,0.92,a8236b46cb6992413b4a032b8232203fdbf9233321b991f4123db0d85a72a630,11.7004
development,1,0.82222,7,sensor_drift,0.5,sensor_drift,normal,normal,No actionable deviation,97.5,0.92,a42b8e98cb60a632784bfbda417603f62640b0c12881bd4619a5abf834f82d93,11.6855
development,1,0.82222,7,sensor_drift,0.75,sensor_drift,sensor_drift,diagnosed,Position sensor drift / process inconsistency,96.4,0.65,a9cfa65e7442b82b8e00d7ba2664d6eccc9c45f3927b149b1ad999c8c98426ef,11.6718
development,1,0.82222,7,sensor_drift,1.0,sensor_drift,sensor_drift,diagnosed,Position sensor drift / process inconsistency,95.4,0.66,e156a312cf29ee9a5c24a3a8380bb249f50188ee304fc406004a64b7b1b48249,11.7243
development,1,0.82222,8,normal,0.0,normal,normal,normal,No actionable deviation,100.0,0.92,b3fddefda2711dcdf8cf6c285946f5a663073397d9e3c0a078afc53bbfdc484e,11.7593
development,1,0.82222,8,normal,0.25,normal,normal,normal,No actionable deviation,100.0,0.92,b3fddefda2711dcdf8cf6c285946f5a663073397d9e3c0a078afc53bbfdc484e,11.6522
development,1,0.82222,8,normal,0.5,normal,normal,normal,No actionable deviation,100.0,0.92,b3fddefda2711dcdf8cf6c285946f5a663073397d9e3c0a078afc53bbfdc484e,12.9507
development,1,0.82222,8,normal,0.75,normal,normal,normal,No actionable deviation,100.0,0.92,b3fddefda2711dcdf8cf6c285946f5a663073397d9e3c0a078afc53bbfdc484e,11.8894
development,1,0.82222,8,normal,1.0,normal,normal,normal,No actionable deviation,100.0,0.92,b3fddefda2711dcdf8cf6c285946f5a663073397d9e3c0a078afc53bbfdc484e,13.2491
development,1,0.82222,8,friction,0.0,normal,normal,normal,No actionable deviation,100.0,0.92,b3fddefda2711dcdf8cf6c285946f5a663073397d9e3c0a078afc53bbfdc484e,13.3429
development,1,0.82222,8,friction,0.25,friction,normal,normal,No actionable deviation,96.8,0.92,50ebfc5d65d5619ce26d51f163cbeae014f8c3f93559e94dfc80939dd97aaeb6,11.8556
development,1,0.82222,8,friction,0.5,friction,normal,normal,No actionable deviation,93.7,0.92,a67b4c6abf0a736f2053a869cc316893cfba6b2eb70c16fe312c45e29e4e226b,11.7217
development,1,0.82222,8,friction,0.75,friction,normal,normal,No actionable deviation,89.7,0.92,b118be1c6e2339752866027042b3be83c00b4ea1e3227ce85e264847eb7fa236,12.962
development,1,0.82222,8,friction,1.0,friction,friction,diagnosed,Friction growth,85.8,0.77,fc53cd5f696bc21a3e4c2fdf49f51bbaa10d982bb9d6b91d1851b9f22931b6c0,14.3734
development,1,0.82222,8,stiction,0.0,normal,normal,normal,No actionable deviation,100.0,0.92,b3fddefda2711dcdf8cf6c285946f5a663073397d9e3c0a078afc53bbfdc484e,13.3941
development,1,0.82222,8,stiction,0.25,stiction,friction,diagnosed,Friction growth,55.0,0.92,7a57368e1591fa035aca305e3e02ce455801ff20fc86a89c110e7dce3532b47b,12.7437
development,1,0.82222,8,stiction,0.5,stiction,stiction,diagnosed,Persistent localized stiction,29.6,0.92,e778124e7bbe47fcaf02371ddafc904cd6112c0997987cf8ce138b0abd81cff2,12.9802
development,1,0.82222,8,stiction,0.75,stiction,stiction,diagnosed,Persistent localized stiction,27.8,0.92,1ab4787ce98aa6a5be465371b3bde01cbdb6f29905b0dbde9e2f886c68886068,13.5077
development,1,0.82222,8,stiction,1.0,stiction,stiction,diagnosed,Persistent localized stiction,26.8,0.92,a416ee940a6982c2a439050ab13f09a3423f5ff89cfaa909f4f932fbf4016fa2,12.1307
development,1,0.82222,8,obstruction,0.0,normal,normal,normal,No actionable deviation,100.0,0.92,b3fddefda2711dcdf8cf6c285946f5a663073397d9e3c0a078afc53bbfdc484e,11.968
development,1,0.82222,8,obstruction,0.25,obstruction,obstruction,diagnosed,Travel obstruction or persistent stiction,59.3,0.92,ab52a2239031a7649c58fe65a63a125dccc7032c322524b1230a843bc6c990b4,12.3888
development,1,0.82222,8,obstruction,0.5,obstruction,obstruction,diagnosed,Travel obstruction or persistent stiction,49.0,0.92,ea94d5fbeef651f33e1da7928df7df53a209ef4946506c4c3b22362131763cbe,11.8685
development,1,0.82222,8,obstruction,0.75,obstruction,obstruction,diagnosed,Travel obstruction or persistent stiction,36.1,0.92,abd326acef211b40316fad157c1b1cf68cc7544e8e2e6e843dbcc43e92afc9ac,12.3629
development,1,0.82222,8,obstruction,1.0,obstruction,obstruction,diagnosed,Travel obstruction or persistent stiction,25.5,0.92,4e8bb69d4bf1a446fbbe84bb9e8ad407d9a73fe2fbdd883cc794da6333f66965,11.7943
development,1,0.82222,8,actuator_degradation,0.0,normal,normal,normal,No actionable deviation,100.0,0.92,b3fddefda2711dcdf8cf6c285946f5a663073397d9e3c0a078afc53bbfdc484e,12.1965
development,1,0.82222,8,actuator_degradation,0.25,actuator_degradation,actuator_degradation,diagnosed,Actuator performance degradation,96.9,0.68,ca07aa0ba37497f18be974502144e23b1d81c7c4417c0f35b455b7b3033a07ae,11.9348
development,1,0.82222,8,actuator_degradation,0.5,actuator_degradation,actuator_degradation,diagnosed,Actuator performance degradation,92.4,0.76,13e76b63515681730e279c18ba365027af831b8d374c6a40ee79fa3dfdc77670,11.9387
development,1,0.82222,8,actuator_degradation,0.75,actuator_degradation,actuator_degradation,diagnosed,Actuator performance degradation,83.3,0.88,de41e79e6029875680fcf5891038c01e0515368162e711c0a483b5bf910b0b53,12.057
development,1,0.82222,8,actuator_degradation,1.0,actuator_degradation,actuator_degradation,diagnosed,Actuator performance degradation,57.5,0.9,f8dadddb33e03983585189cb3482df4ce7e7e323b17622f078f396b8de1063ab,11.8074
development,1,0.82222,8,sensor_drift,0.0,normal,normal,normal,No actionable deviation,100.0,0.92,b3fddefda2711dcdf8cf6c285946f5a663073397d9e3c0a078afc53bbfdc484e,11.6233
development,1,0.82222,8,sensor_drift,0.25,sensor_drift,normal,normal,No actionable deviation,98.8,0.92,f52377148b53a128c9e78fd9460b2393e400a2120db11faf1ddc76fd0edc496b,11.7341
development,1,0.82222,8,sensor_drift,0.5,sensor_drift,normal,normal,No actionable deviation,97.7,0.92,7335badb8fb56a4b923cdedec064e91e9656fa5a49f2967a719685fc6a940f74,11.7636
development,1,0.82222,8,sensor_drift,0.75,sensor_drift,sensor_drift,diagnosed,Position sensor drift / process inconsistency,96.5,0.65,cc7256a679d6e85b20f8e148fae8facb4c2fa14adc48776efb6570102723b9a9,11.8051
development,1,0.82222,8,sensor_drift,1.0,sensor_drift,sensor_drift,diagnosed,Position sensor drift / process inconsistency,95.5,0.66,f99f97f12fb9b3e36281b9e44af8394c27698d4c39600fe2e7bf8ba8861952aa,11.665
development,1,0.82222,9,normal,0.0,normal,normal,normal,No actionable deviation,100.0,0.92,08a00bc900589d5687608141d248a60b420a932c570f3ec565d9591b3e89606d,11.6569
development,1,0.82222,9,normal,0.25,normal,normal,normal,No actionable deviation,100.0,0.92,08a00bc900589d5687608141d248a60b420a932c570f3ec565d9591b3e89606d,11.7513
development,1,0.82222,9,normal,0.5,normal,normal,normal,No actionable deviation,100.0,0.92,08a00bc900589d5687608141d248a60b420a932c570f3ec565d9591b3e89606d,11.6322
development,1,0.82222,9,normal,0.75,normal,normal,normal,No actionable deviation,100.0,0.92,08a00bc900589d5687608141d248a60b420a932c570f3ec565d9591b3e89606d,11.9018
development,1,0.82222,9,normal,1.0,normal,normal,normal,No actionable deviation,100.0,0.92,08a00bc900589d5687608141d248a60b420a932c570f3ec565d9591b3e89606d,12.5965
development,1,0.82222,9,friction,0.0,normal,normal,normal,No actionable deviation,100.0,0.92,08a00bc900589d5687608141d248a60b420a932c570f3ec565d9591b3e89606d,12.1893
development,1,0.82222,9,friction,0.25,friction,normal,normal,No actionable deviation,96.7,0.92,4d85f1ea0cfc66accb51dbaa5e5aa6b3dbce809e353046e4c93a1a93e4a2be94,11.8129
development,1,0.82222,9,friction,0.5,friction,normal,normal,No actionable deviation,93.4,0.92,2fba39238da5b116c5f7b025cae4de7cd6a02cdbafde76fe6d1fac3e3eeb3dd3,11.8504
development,1,0.82222,9,friction,0.75,friction,normal,normal,No actionable deviation,89.6,0.92,36e33b219ab7f5940d3e3eb7593589d44db196458b62f9e5f43cac4a22f01e0c,11.7035
development,1,0.82222,9,friction,1.0,friction,friction,diagnosed,Friction growth,85.8,0.77,a1bf05fb2bfc32b5f7198f8cdd088770e252dbd128427683b37fbb6a7cae35a3,11.7184
development,1,0.82222,9,stiction,0.0,normal,normal,normal,No actionable deviation,100.0,0.92,08a00bc900589d5687608141d248a60b420a932c570f3ec565d9591b3e89606d,11.8756
development,1,0.82222,9,stiction,0.25,stiction,friction,diagnosed,Friction growth,54.9,0.92,01d42528674ddde8d392606c37d22a6c9d837ab833201983d7e73220f5f5b43e,11.8441
development,1,0.82222,9,stiction,0.5,stiction,stiction,diagnosed,Persistent localized stiction,29.6,0.92,61d31887d88157eb01f13fddc9e13609a94104acb997bb6acaa1218316a99cb7,11.9514
development,1,0.82222,9,stiction,0.75,stiction,stiction,diagnosed,Persistent localized stiction,27.9,0.92,58c6efa83e30cf601c81563affa592b69dcef9a5445baacb8b0ce653a9c7b2d5,12.137
development,1,0.82222,9,stiction,1.0,stiction,stiction,diagnosed,Persistent localized stiction,26.9,0.92,d2b84af4deb816df3e565a1d9c3592718343dcd9a7177d8477a0e987560e666b,11.9601
development,1,0.82222,9,obstruction,0.0,normal,normal,normal,No actionable deviation,100.0,0.92,08a00bc900589d5687608141d248a60b420a932c570f3ec565d9591b3e89606d,12.6343
development,1,0.82222,9,obstruction,0.25,obstruction,obstruction,diagnosed,Travel obstruction or persistent stiction,60.9,0.92,84d3116ea497a0403db850c2e1e81cdae4eb3831e9d3b883031429b6dbcbb9d7,13.0464
development,1,0.82222,9,obstruction,0.5,obstruction,obstruction,diagnosed,Travel obstruction or persistent stiction,44.6,0.92,e8db617840ac34ed318bb4d21579386e0ea127e07728ce07910329d8f876c66a,12.3698
development,1,0.82222,9,obstruction,0.75,obstruction,obstruction,diagnosed,Travel obstruction or persistent stiction,35.1,0.92,eeb97d5dcae0f2496096dbe677834ea1673f72d338ff25f363410d07d063ccb9,14.557
development,1,0.82222,9,obstruction,1.0,obstruction,obstruction,diagnosed,Travel obstruction or persistent stiction,25.3,0.92,9158c7ae68be85569463aada454699cc249260ef73dd454507d821fa0e4e22a6,13.2101
development,1,0.82222,9,actuator_degradation,0.0,normal,normal,normal,No actionable deviation,100.0,0.92,08a00bc900589d5687608141d248a60b420a932c570f3ec565d9591b3e89606d,14.0398
development,1,0.82222,9,actuator_degradation,0.25,actuator_degradation,actuator_degradation,diagnosed,Actuator performance degradation,97.1,0.67,94e66848897fb0e8dbf6c54b66b22ced948a5d55831455cf553d99bfce1c87e4,12.6352
development,1,0.82222,9,actuator_degradation,0.5,actuator_degradation,actuator_degradation,diagnosed,Actuator performance degradation,92.9,0.75,85f360eeec42eceffdcdb25f0f498d0d5c3bb22441e8d34a0a6484767487e6ea,13.6076
development,1,0.82222,9,actuator_degradation,0.75,actuator_degradation,sensor_drift,diagnosed,Position sensor drift / process inconsistency,83.2,0.88,8927c0a813f486633844947dd55b9cda0d0498f60c59ddba2369a303b2fde57a,13.9589
development,1,0.82222,9,actuator_degradation,1.0,actuator_degradation,actuator_degradation,diagnosed,Actuator performance degradation,57.6,0.9,08afc8427b61b4e761866524cf44e73fa9df190de40b8d36e44ed45020a762b1,13.5859
development,1,0.82222,9,sensor_drift,0.0,normal,normal,normal,No actionable deviation,100.0,0.92,08a00bc900589d5687608141d248a60b420a932c570f3ec565d9591b3e89606d,11.8245
development,1,0.82222,9,sensor_drift,0.25,sensor_drift,normal,normal,No actionable deviation,98.6,0.92,facf01ea5a1855c7fa155b211794b36b987d65af42496fc97f012c80b77b2a59,11.815
development,1,0.82222,9,sensor_drift,0.5,sensor_drift,normal,normal,No actionable deviation,97.4,0.92,18e074e12f517e8b81047a2b411ab2725431ca959ed79e70ef965d4605ba3b59,11.8585
development,1,0.82222,9,sensor_drift,0.75,sensor_drift,sensor_drift,diagnosed,Position sensor drift / process inconsistency,96.4,0.65,bd8d3d3422a0fbfff574fe2cfc5dca6eb11aa85bfe26d332b3c046d810ac9fb8,11.7956
development,1,0.82222,9,sensor_drift,1.0,sensor_drift,sensor_drift,diagnosed,Position sensor drift / process inconsistency,95.4,0.66,b36e184aa0e16230dfecfd0f0cee974e53a2fc1246e401146675ab9f4e9e1873,11.7359
development,2,0.89444,0,normal,0.0,normal,normal,normal,No actionable deviation,100.0,0.92,13ba5d64e86e0cffe91330b8a57a4d88fcc567c826fdc57f7f619f6518b86883,11.918
development,2,0.89444,0,normal,0.25,normal,normal,normal,No actionable deviation,100.0,0.92,13ba5d64e86e0cffe91330b8a57a4d88fcc567c826fdc57f7f619f6518b86883,11.5489
development,2,0.89444,0,normal,0.5,normal,normal,normal,No actionable deviation,100.0,0.92,13ba5d64e86e0cffe91330b8a57a4d88fcc567c826fdc57f7f619f6518b86883,11.7245
development,2,0.89444,0,normal,0.75,normal,normal,normal,No actionable deviation,100.0,0.92,13ba5d64e86e0cffe91330b8a57a4d88fcc567c826fdc57f7f619f6518b86883,12.0475
development,2,0.89444,0,normal,1.0,normal,normal,normal,No actionable deviation,100.0,0.92,13ba5d64e86e0cffe91330b8a57a4d88fcc567c826fdc57f7f619f6518b86883,12.1903
development,2,0.89444,0,friction,0.0,normal,normal,normal,No actionable deviation,100.0,0.92,13ba5d64e86e0cffe91330b8a57a4d88fcc567c826fdc57f7f619f6518b86883,12.1643
development,2,0.89444,0,friction,0.25,friction,normal,normal,No actionable deviation,96.8,0.92,e5a4171732a756abd6e8981cb635ca279b6e2a03a090653aeab5d6b94f47b028,12.1328
development,2,0.89444,0,friction,0.5,friction,normal,normal,No actionable deviation,92.6,0.92,95285c42ce41eceef74893099c659fdc809e6affc8331d44abe193f3f3ea9ead,12.0544
development,2,0.89444,0,friction,0.75,friction,friction,diagnosed,Friction growth,88.8,0.73,2fc7cbaa006c80562be0e2624823a8daaf7d5f1b8f6be79552a16da097e86288,12.2497
development,2,0.89444,0,friction,1.0,friction,friction,diagnosed,Friction growth,84.2,0.77,342d9e151123b768864fac517d92526b4f24b5aaec406424105553a1cd95a07d,11.8431
development,2,0.89444,0,stiction,0.0,normal,normal,normal,No actionable deviation,100.0,0.92,13ba5d64e86e0cffe91330b8a57a4d88fcc567c826fdc57f7f619f6518b86883,11.7291
development,2,0.89444,0,stiction,0.25,stiction,stiction,diagnosed,Persistent localized stiction,42.5,0.92,7b0ffd7921dc74d06b4781a7d345b9b8ef7ac09abf6eedfdcec8565c252e9202,13.1996
development,2,0.89444,0,stiction,0.5,stiction,stiction,diagnosed,Persistent localized stiction,31.8,0.92,e6ca8878c9470243f808d621fa213f20d239e428e1d029498aebafbecf506b8c,11.9347
development,2,0.89444,0,stiction,0.75,stiction,stiction,diagnosed,Persistent localized stiction,30.3,0.92,9b82a899f22d339108864a00d0a4f2592daf6b315e67c0a4d0f62c6c9dbf2dc9,12.1093
development,2,0.89444,0,stiction,1.0,stiction,stiction,diagnosed,Persistent localized stiction,29.3,0.92,e4bc79cac12d8e1e44b10a10202cd1d9f190d0c3c49a9f9d401b2d48db8c34de,11.9676
development,2,0.89444,0,obstruction,0.0,normal,normal,normal,No actionable deviation,100.0,0.92,13ba5d64e86e0cffe91330b8a57a4d88fcc567c826fdc57f7f619f6518b86883,12.1905
development,2,0.89444,0,obstruction,0.25,obstruction,obstruction,diagnosed,Travel obstruction or persistent stiction,66.5,0.87,adc9a5284dc464b19783eb4a6d2cd6f434f0daa3cb22d51f4d7bf40b5eacd4d6,11.943
development,2,0.89444,0,obstruction,0.5,obstruction,obstruction,diagnosed,Travel obstruction or persistent stiction,48.1,0.87,c4cfe6e22b6e9ec95e62b2e7ff07f3b515264b97631e712cd1230ef4c9cb441c,12.385
development,2,0.89444,0,obstruction,0.75,obstruction,obstruction,diagnosed,Travel obstruction or persistent stiction,37.6,0.92,09bea8279f887de8ed6b515ccdacfc48765b5df6893b9bbac8216eb9a9e29578,12.0669
development,2,0.89444,0,obstruction,1.0,obstruction,obstruction,diagnosed,Travel obstruction or persistent stiction,27.8,0.92,7c0a3bc64f1676ec3621c60e8e888d381f92237fe26c8b5390f4ad751b488ba5,12.1186
development,2,0.89444,0,actuator_degradation,0.0,normal,normal,normal,No actionable deviation,100.0,0.92,13ba5d64e86e0cffe91330b8a57a4d88fcc567c826fdc57f7f619f6518b86883,11.91
development,2,0.89444,0,actuator_degradation,0.25,actuator_degradation,actuator_degradation,diagnosed,Actuator performance degradation,97.1,0.67,7ab50b351571edbb61853d67ce82f6f858888f81befddddbab437b1500a76a0a,11.9919
development,2,0.89444,0,actuator_degradation,0.5,actuator_degradation,actuator_degradation,diagnosed,Actuator performance degradation,92.8,0.75,98b73ce6c576e5063a0ab4271bb42078882a5f7dbee235fb029b1b6b19267ced,11.9304
development,2,0.89444,0,actuator_degradation,0.75,actuator_degradation,actuator_degradation,diagnosed,Actuator performance degradation,79.5,0.85,8028dfcb66ae731ca65fa96cfa55cd98c4cd9ec20e9bf84315195b3459ac9f81,12.3231
development,2,0.89444,0,actuator_degradation,1.0,actuator_degradation,actuator_degradation,diagnosed,Actuator performance degradation,58.0,0.92,06fc06a7955f4693400a6f19ffd388684d26392a92e346228cd9ba6b3dcca11f,11.7437
development,2,0.89444,0,sensor_drift,0.0,normal,normal,normal,No actionable deviation,100.0,0.92,13ba5d64e86e0cffe91330b8a57a4d88fcc567c826fdc57f7f619f6518b86883,11.9111
development,2,0.89444,0,sensor_drift,0.25,sensor_drift,normal,normal,No actionable deviation,98.8,0.92,8b5afa54153b30b77029d924a54d8d12bde72e715792599140f04d6e26c4971c,11.7819
development,2,0.89444,0,sensor_drift,0.5,sensor_drift,normal,normal,No actionable deviation,97.5,0.92,93256a1fb2bf7efa83d7dbe743fd6cf2705b4d75366e9e9f4606f234172195dd,12.7526
development,2,0.89444,0,sensor_drift,0.75,sensor_drift,sensor_drift,diagnosed,Position sensor drift / process inconsistency,96.4,0.65,8af09a4591e95ec246d50ec055994dc7167fdf1a25891db46370e91062ac6244,12.0977
development,2,0.89444,0,sensor_drift,1.0,sensor_drift,sensor_drift,diagnosed,Position sensor drift / process inconsistency,95.3,0.66,d7f08bb4ae26271056d378fce4de09ddecbf1e6320b9555edf25731fc43c0ef1,11.8723
development,2,0.89444,1,normal,0.0,normal,normal,normal,No actionable deviation,100.0,0.92,53de440ad9f2863fd073b7d42d9d25b1190021e29cecb5a921055c19572e58e9,11.9148
development,2,0.89444,1,normal,0.25,normal,normal,normal,No actionable deviation,100.0,0.92,53de440ad9f2863fd073b7d42d9d25b1190021e29cecb5a921055c19572e58e9,11.7048
development,2,0.89444,1,normal,0.5,normal,normal,normal,No actionable deviation,100.0,0.92,53de440ad9f2863fd073b7d42d9d25b1190021e29cecb5a921055c19572e58e9,11.7294
development,2,0.89444,1,normal,0.75,normal,normal,normal,No actionable deviation,100.0,0.92,53de440ad9f2863fd073b7d42d9d25b1190021e29cecb5a921055c19572e58e9,13.0611
development,2,0.89444,1,normal,1.0,normal,normal,normal,No actionable deviation,100.0,0.92,53de440ad9f2863fd073b7d42d9d25b1190021e29cecb5a921055c19572e58e9,13.1248
development,2,0.89444,1,friction,0.0,normal,normal,normal,No actionable deviation,100.0,0.92,53de440ad9f2863fd073b7d42d9d25b1190021e29cecb5a921055c19572e58e9,12.666
development,2,0.89444,1,friction,0.25,friction,normal,normal,No actionable deviation,96.5,0.92,95194581ebb3b396e727e59e428152bed673db147e7563a0d3f593195a9444aa,11.7094
development,2,0.89444,1,friction,0.5,friction,normal,normal,No actionable deviation,92.5,0.92,eb6b59d27c970de34bccf913d20212dd92db9b6a6a6060766114adea26b1544d,11.8299
development,2,0.89444,1,friction,0.75,friction,friction,diagnosed,Friction growth,88.8,0.73,42cc475f75e6755782b82bddf3981bf4b6dfb1d096bc7aa65a70dcb0801eec03,12.2133
development,2,0.89444,1,friction,1.0,friction,friction,diagnosed,Friction growth,84.3,0.77,e6bba00ca7990ef374261238577de0edc7f488152de10f4450dcb4b06a4d1f77,11.7777
development,2,0.89444,1,stiction,0.0,normal,normal,normal,No actionable deviation,100.0,0.92,53de440ad9f2863fd073b7d42d9d25b1190021e29cecb5a921055c19572e58e9,12.4308
development,2,0.89444,1,stiction,0.25,stiction,stiction,diagnosed,Persistent localized stiction,43.0,0.92,9f7d05e675aa82069187a1105998c8e1ba560d1234f3f7bba37ed77098390ab0,13.1624
development,2,0.89444,1,stiction,0.5,stiction,stiction,diagnosed,Persistent localized stiction,31.8,0.92,1ca84aed803a6dbb4c7600c17b8eb602a8a81ba2a775673993365793df2a7c47,12.2601
development,2,0.89444,1,stiction,0.75,stiction,stiction,diagnosed,Persistent localized stiction,30.3,0.92,f0b9a0c87eb959e1f8e70a38f5d12f7873c3fb2005b74a6910a6b4eb84ea3026,12.1764
development,2,0.89444,1,stiction,1.0,stiction,stiction,diagnosed,Persistent localized stiction,29.3,0.92,8afc30d50d3b7399d1ade13cd697ab7ecbc96e1c0e7141ebc8f69f9a73fdefc6,12.3665
development,2,0.89444,1,obstruction,0.0,normal,normal,normal,No actionable deviation,100.0,0.92,53de440ad9f2863fd073b7d42d9d25b1190021e29cecb5a921055c19572e58e9,12.3168
development,2,0.89444,1,obstruction,0.25,obstruction,obstruction,diagnosed,Travel obstruction or persistent stiction,66.8,0.87,f42830179220b84e93b5f76dded83e020711db74bbe6f1084793d9a0f3cead31,11.8118
development,2,0.89444,1,obstruction,0.5,obstruction,obstruction,diagnosed,Travel obstruction or persistent stiction,48.6,0.87,7114c3716b65a474f5b454ac79a617a1a502b28f85da09f0f6bf242408d6e691,11.9617
development,2,0.89444,1,obstruction,0.75,obstruction,obstruction,diagnosed,Travel obstruction or persistent stiction,39.3,0.92,cc721280c8749a4a2233c1eb0720da0f59d9a05565eab8cb8022322bb1cf371e,11.7614
development,2,0.89444,1,obstruction,1.0,obstruction,obstruction,diagnosed,Travel obstruction or persistent stiction,27.7,0.92,3c504b65ce6c2c5ba30a6b9821fbdf8d1ace387b7b0f4740ea3d4427636faca8,11.8415
development,2,0.89444,1,actuator_degradation,0.0,normal,normal,normal,No actionable deviation,100.0,0.92,53de440ad9f2863fd073b7d42d9d25b1190021e29cecb5a921055c19572e58e9,12.0506
development,2,0.89444,1,actuator_degradation,0.25,actuator_degradation,actuator_degradation,diagnosed,Actuator performance degradation,97.1,0.67,2b6cedb217bc21bc6759dac3e3288ac7edfb736853b57b5b042ec8a5cb7ace8b,12.1888
development,2,0.89444,1,actuator_degradation,0.5,actuator_degradation,actuator_degradation,diagnosed,Actuator performance degradation,92.8,0.75,14eea392ae8c4ad15d1bad2686a6791aac7186947a67742b0aff2e3183bf9946,12.3142
development,2,0.89444,1,actuator_degradation,0.75,actuator_degradation,actuator_degradation,diagnosed,Actuator performance degradation,80.0,0.85,4d50d125b09fd63a62f53ec227c34096bc577b2b91c31e6808e70e4f7590c2c4,12.2429
development,2,0.89444,1,actuator_degradation,1.0,actuator_degradation,actuator_degradation,diagnosed,Actuator performance degradation,58.0,0.92,5afd0e11e9b6ede67e13f595f1ab4dc640a04d4471251b59e924c4aa6aa21da4,11.7676
development,2,0.89444,1,sensor_drift,0.0,normal,normal,normal,No actionable deviation,100.0,0.92,53de440ad9f2863fd073b7d42d9d25b1190021e29cecb5a921055c19572e58e9,11.6919
development,2,0.89444,1,sensor_drift,0.25,sensor_drift,normal,normal,No actionable deviation,98.7,0.92,6cb9af55e8f1d18a7c8e3b7af3f9819b0005873698a31cd5b7fa5a663b578314,11.5801
development,2,0.89444,1,sensor_drift,0.5,sensor_drift,normal,normal,No actionable deviation,97.5,0.92,0cbf654b93704b24a00641383f4e069fd30bde430e1f4e076538d8c68a8aa936,11.7835
development,2,0.89444,1,sensor_drift,0.75,sensor_drift,sensor_drift,diagnosed,Position sensor drift / process inconsistency,96.3,0.65,cd24c682a3afc765dc006ab4e1490737bba208c0511e5f0d08073739e280ab4f,11.8823
development,2,0.89444,1,sensor_drift,1.0,sensor_drift,sensor_drift,diagnosed,Position sensor drift / process inconsistency,95.2,0.66,f4a39771147f4fffa0c0854c8b07cece1d8c9e26a57aaee80a54fd0062386f85,11.7772
development,2,0.89444,2,normal,0.0,normal,normal,normal,No actionable deviation,100.0,0.92,affde4c65e9a7b7fc7903f73c154e60a4b5981bb8cdc2e2dcd89a45ec8a8998a,13.7834
development,2,0.89444,2,normal,0.25,normal,normal,normal,No actionable deviation,100.0,0.92,affde4c65e9a7b7fc7903f73c154e60a4b5981bb8cdc2e2dcd89a45ec8a8998a,11.7467
development,2,0.89444,2,normal,0.5,normal,normal,normal,No actionable deviation,100.0,0.92,affde4c65e9a7b7fc7903f73c154e60a4b5981bb8cdc2e2dcd89a45ec8a8998a,11.7383
development,2,0.89444,2,normal,0.75,normal,normal,normal,No actionable deviation,100.0,0.92,affde4c65e9a7b7fc7903f73c154e60a4b5981bb8cdc2e2dcd89a45ec8a8998a,11.7073
development,2,0.89444,2,normal,1.0,normal,normal,normal,No actionable deviation,100.0,0.92,affde4c65e9a7b7fc7903f73c154e60a4b5981bb8cdc2e2dcd89a45ec8a8998a,12.3818
development,2,0.89444,2,friction,0.0,normal,normal,normal,No actionable deviation,100.0,0.92,affde4c65e9a7b7fc7903f73c154e60a4b5981bb8cdc2e2dcd89a45ec8a8998a,11.6598
development,2,0.89444,2,friction,0.25,friction,normal,normal,No actionable deviation,96.5,0.92,149588d2a4c5c94fd8968f7daf7a77f5f64a5a295b5597afa95fb04cda30e7cd,11.6799
development,2,0.89444,2,friction,0.5,friction,normal,normal,No actionable deviation,92.3,0.92,fb74a2a4030eff254e30b389a791d07fe7d204cae3bcabec73f576293f13cddf,11.6423
development,2,0.89444,2,friction,0.75,friction,friction,diagnosed,Friction growth,88.6,0.73,a7df5d4b6f77181f55286791132f91b4eb79889a65ab9ada50991c76ee933927,11.6857
development,2,0.89444,2,friction,1.0,friction,friction,diagnosed,Friction growth,83.8,0.77,e1ec281e266cb7cc8a264acef37238344b6cdf0c97484274a0388e3ade5d2021,14.3351
development,2,0.89444,2,stiction,0.0,normal,normal,normal,No actionable deviation,100.0,0.92,affde4c65e9a7b7fc7903f73c154e60a4b5981bb8cdc2e2dcd89a45ec8a8998a,13.1022
development,2,0.89444,2,stiction,0.25,stiction,stiction,diagnosed,Persistent localized stiction,41.9,0.92,821d85c7754b864cac6720646b31f77f92a09b7711df0e29ab7ddc356a592ecc,12.0656
development,2,0.89444,2,stiction,0.5,stiction,stiction,diagnosed,Persistent localized stiction,31.3,0.92,502bbf59ab924167a36c79a90736a2104344d5a0e1ed8cb234b56b18f1219e08,11.7688
development,2,0.89444,2,stiction,0.75,stiction,stiction,diagnosed,Persistent localized stiction,29.8,0.92,bab1eb86887628166535c9c07b54adf35c36554daf9bf7fe6d870f6fad722fef,11.8687
development,2,0.89444,2,stiction,1.0,stiction,stiction,diagnosed,Persistent localized stiction,28.9,0.92,9ac89508f7e93ce8832ef3ed158cc4842d6014f411427e1d0268f94ef5a0de16,12.0138
development,2,0.89444,2,obstruction,0.0,normal,normal,normal,No actionable deviation,100.0,0.92,affde4c65e9a7b7fc7903f73c154e60a4b5981bb8cdc2e2dcd89a45ec8a8998a,11.725
development,2,0.89444,2,obstruction,0.25,obstruction,obstruction,diagnosed,Travel obstruction or persistent stiction,66.2,0.88,6e75999f4b764e1691068f0303ab20bb8c9060f21d77cbac0b7f3a76a3c325ba,11.7937
development,2,0.89444,2,obstruction,0.5,obstruction,obstruction,diagnosed,Travel obstruction or persistent stiction,47.9,0.88,39f3a1574d91153b20ffcdf1e474f30bfd005f98b8c34a8384e814e9e7f66e61,11.5046
development,2,0.89444,2,obstruction,0.75,obstruction,obstruction,diagnosed,Travel obstruction or persistent stiction,37.9,0.92,e0b3c3bdbfe9f10d065dbaa46948644cc7eaeb6e728e8c7ed44b20c7f8c2fcfa,11.701
development,2,0.89444,2,obstruction,1.0,obstruction,obstruction,diagnosed,Travel obstruction or persistent stiction,27.5,0.92,c0d97b6b0df7fc019a3f8258a79ae4cdf0f406ec84ed9d92a8d009677a0c9948,12.4399
development,2,0.89444,2,actuator_degradation,0.0,normal,normal,normal,No actionable deviation,100.0,0.92,affde4c65e9a7b7fc7903f73c154e60a4b5981bb8cdc2e2dcd89a45ec8a8998a,11.4226
development,2,0.89444,2,actuator_degradation,0.25,actuator_degradation,actuator_degradation,diagnosed,Actuator performance degradation,96.8,0.68,745c60af4692fba44ceebefe4310ac5765151c122e1aaf229db3c61f680c288c,11.5564
development,2,0.89444,2,actuator_degradation,0.5,actuator_degradation,actuator_degradation,diagnosed,Actuator performance degradation,92.4,0.76,c37d6efa664cc662c1192ec3dc3727e6e9b66afd8ee06f78f0aeccd13fea6b20,11.4752
development,2,0.89444,2,actuator_degradation,0.75,actuator_degradation,actuator_degradation,diagnosed,Actuator performance degradation,78.9,0.86,2ebc40902bcaf9dc242db2365833ba78376a95362d68f6c13282a750a61c9a44,11.4685
development,2,0.89444,2,actuator_degradation,1.0,actuator_degradation,actuator_degradation,diagnosed,Actuator performance degradation,57.5,0.92,41b9a03bbae128ae3235ca1fd24ea971711a34832f476e73257568b13d9a93fe,11.5336
development,2,0.89444,2,sensor_drift,0.0,normal,normal,normal,No actionable deviation,100.0,0.92,affde4c65e9a7b7fc7903f73c154e60a4b5981bb8cdc2e2dcd89a45ec8a8998a,11.4144
development,2,0.89444,2,sensor_drift,0.25,sensor_drift,normal,normal,No actionable deviation,98.7,0.92,57c97768368937375ad3352ea536f2290536d079d83d6c1d307979aa1c94575f,11.4928
development,2,0.89444,2,sensor_drift,0.5,sensor_drift,normal,normal,No actionable deviation,97.4,0.92,e9ad95f34dfde364c9cb4b4061fd1ef02e4e3bc286376095911453e679ee0d43,13.6423
development,2,0.89444,2,sensor_drift,0.75,sensor_drift,sensor_drift,diagnosed,Position sensor drift / process inconsistency,96.2,0.65,b0bc519294da9f9a9fedccf83951fdfa23ee664796adc88ba97e0fe4fa60cb96,11.5569
development,2,0.89444,2,sensor_drift,1.0,sensor_drift,sensor_drift,diagnosed,Position sensor drift / process inconsistency,95.1,0.66,380a895c77b682bd6c2f752fea3eba4e25216eeee5166390444f713bf4a500bf,11.7549
development,2,0.89444,3,normal,0.0,normal,normal,normal,No actionable deviation,100.0,0.92,3deeb4e5718231be18145c15be16983dc237b05a49752f017914625bacaaa4b2,11.7656
development,2,0.89444,3,normal,0.25,normal,normal,normal,No actionable deviation,100.0,0.92,3deeb4e5718231be18145c15be16983dc237b05a49752f017914625bacaaa4b2,11.8578
development,2,0.89444,3,normal,0.5,normal,normal,normal,No actionable deviation,100.0,0.92,3deeb4e5718231be18145c15be16983dc237b05a49752f017914625bacaaa4b2,11.5385
development,2,0.89444,3,normal,0.75,normal,normal,normal,No actionable deviation,100.0,0.92,3deeb4e5718231be18145c15be16983dc237b05a49752f017914625bacaaa4b2,11.5999
development,2,0.89444,3,normal,1.0,normal,normal,normal,No actionable deviation,100.0,0.92,3deeb4e5718231be18145c15be16983dc237b05a49752f017914625bacaaa4b2,11.4737
development,2,0.89444,3,friction,0.0,normal,normal,normal,No actionable deviation,100.0,0.92,3deeb4e5718231be18145c15be16983dc237b05a49752f017914625bacaaa4b2,11.5272
development,2,0.89444,3,friction,0.25,friction,normal,normal,No actionable deviation,96.2,0.92,47789f5d0339af8dd79401e2569ad2f35f4a6cd6e377c6b365c4be450ecde6cd,11.6613
development,2,0.89444,3,friction,0.5,friction,normal,normal,No actionable deviation,92.3,0.92,b3747179ac6377e1c0af210f75cc27b62a4c25b61f04afea51191ebf4ec20137,12.346
development,2,0.89444,3,friction,0.75,friction,friction,diagnosed,Friction growth,88.4,0.73,3c7db113112de0c6313fdbd8e098065cbbe693b5bb5be6f7f00192c158e4c6f0,11.5675
development,2,0.89444,3,friction,1.0,friction,friction,diagnosed,Friction growth,83.8,0.77,f0aba512c420a8492356f71cb94329e6d38aa82aee48e1784a5170667aff849b,11.7481
development,2,0.89444,3,stiction,0.0,normal,normal,normal,No actionable deviation,100.0,0.92,3deeb4e5718231be18145c15be16983dc237b05a49752f017914625bacaaa4b2,11.6279
development,2,0.89444,3,stiction,0.25,stiction,stiction,diagnosed,Persistent localized stiction,42.0,0.92,7b7020a9490cdbdb3770fa7cc7a2fd6a7c4dba7099aa59a2646ac40e1e8225dd,11.5961
development,2,0.89444,3,stiction,0.5,stiction,stiction,diagnosed,Persistent localized stiction,31.2,0.92,c0b1ea0df9845e7a634935e609c656660e92a053bcb388e104841d6940c578ab,11.3755
development,2,0.89444,3,stiction,0.75,stiction,stiction,diagnosed,Persistent localized stiction,29.8,0.92,36faa8e215f4fa3b29251e4c26b77a203e3a6e9bdd083ad16679763caa3aa623,11.9298
development,2,0.89444,3,stiction,1.0,stiction,stiction,diagnosed,Persistent localized stiction,28.9,0.92,820a75988cef4df57f369c7012f26559596eff69524bb40fc2842c2c4c705ff7,13.2874
development,2,0.89444,3,obstruction,0.0,normal,normal,normal,No actionable deviation,100.0,0.92,3deeb4e5718231be18145c15be16983dc237b05a49752f017914625bacaaa4b2,11.3802
development,2,0.89444,3,obstruction,0.25,obstruction,obstruction,diagnosed,Travel obstruction or persistent stiction,66.3,0.88,2c94e413f56e77e14cae557abaf6ee11e00478776d266d32e495ef33bb97df85,11.4272
development,2,0.89444,3,obstruction,0.5,obstruction,obstruction,diagnosed,Travel obstruction or persistent stiction,47.9,0.88,8bc7d2235f85fd390831b19f63217b2eb04c52e1e2069d6b0b085d4d2861e2ef,11.5442
development,2,0.89444,3,obstruction,0.75,obstruction,obstruction,diagnosed,Travel obstruction or persistent stiction,37.2,0.92,c69ba3fca66401eb2274abf3e17116cd12f139dd38469c70262fa1e948883512,11.7717
development,2,0.89444,3,obstruction,1.0,obstruction,obstruction,diagnosed,Travel obstruction or persistent stiction,27.5,0.92,5f4b3342aa90840a943459509745a976b1f5d89ffa196a263f781cdb67a85486,11.5344
development,2,0.89444,3,actuator_degradation,0.0,normal,normal,normal,No actionable deviation,100.0,0.92,3deeb4e5718231be18145c15be16983dc237b05a49752f017914625bacaaa4b2,11.6489
development,2,0.89444,3,actuator_degradation,0.25,actuator_degradation,actuator_degradation,diagnosed,Actuator performance degradation,96.8,0.68,16374a78cbc24c02e78229555ec9bfa95012c5a7d9c0f6be61a90c172a25229c,11.4702
development,2,0.89444,3,actuator_degradation,0.5,actuator_degradation,actuator_degradation,diagnosed,Actuator performance degradation,92.4,0.76,4f976918fa60464aacc7617948ce12272ba704a61d2ff316b63dc933d0e1f9ed,11.9566
development,2,0.89444,3,actuator_degradation,0.75,actuator_degradation,actuator_degradation,diagnosed,Actuator performance degradation,79.3,0.86,6e92ad986cbbc4cad5c330fbf5bfb2c2e141c3fa0b24efa0d124ddc5d0dc3c30,12.0342
development,2,0.89444,3,actuator_degradation,1.0,actuator_degradation,actuator_degradation,diagnosed,Actuator performance degradation,57.6,0.92,fc5ac44e7b6256320342d1fe75900a01cddded6cab89921a7215ff6216e68871,11.9881
development,2,0.89444,3,sensor_drift,0.0,normal,normal,normal,No actionable deviation,100.0,0.92,3deeb4e5718231be18145c15be16983dc237b05a49752f017914625bacaaa4b2,11.9102
development,2,0.89444,3,sensor_drift,0.25,sensor_drift,normal,normal,No actionable deviation,98.7,0.92,2d8893a61131e0ddb8c28389becbe877b14a271f8dc9652cdcdc73961207d992,11.818
development,2,0.89444,3,sensor_drift,0.5,sensor_drift,normal,normal,No actionable deviation,97.5,0.92,e43dd942c5f8ab7a9fd6bd8c3c2f545c082ecfad967f32c9d1b4b69c2a352612,11.8684
development,2,0.89444,3,sensor_drift,0.75,sensor_drift,sensor_drift,diagnosed,Position sensor drift / process inconsistency,96.2,0.65,27f69bf64ac69b56cc551f0e1326b0acffd08afa089d7adabd84af335184fa90,12.3236
development,2,0.89444,3,sensor_drift,1.0,sensor_drift,sensor_drift,diagnosed,Position sensor drift / process inconsistency,95.1,0.66,82e1a9546a957726ac3763ec405db21cbd1ba086af67e29a09edaeda1c8410b1,12.5004
development,2,0.89444,4,normal,0.0,normal,normal,normal,No actionable deviation,100.0,0.92,6be67d1ea12601cfeec8790e2f098f2c64ef0301018ddc70b257924b95756853,13.2241
development,2,0.89444,4,normal,0.25,normal,normal,normal,No actionable deviation,100.0,0.92,6be67d1ea12601cfeec8790e2f098f2c64ef0301018ddc70b257924b95756853,13.3447
development,2,0.89444,4,normal,0.5,normal,normal,normal,No actionable deviation,100.0,0.92,6be67d1ea12601cfeec8790e2f098f2c64ef0301018ddc70b257924b95756853,11.586
development,2,0.89444,4,normal,0.75,normal,normal,normal,No actionable deviation,100.0,0.92,6be67d1ea12601cfeec8790e2f098f2c64ef0301018ddc70b257924b95756853,11.5841
development,2,0.89444,4,normal,1.0,normal,normal,normal,No actionable deviation,100.0,0.92,6be67d1ea12601cfeec8790e2f098f2c64ef0301018ddc70b257924b95756853,11.3031
development,2,0.89444,4,friction,0.0,normal,normal,normal,No actionable deviation,100.0,0.92,6be67d1ea12601cfeec8790e2f098f2c64ef0301018ddc70b257924b95756853,11.5737
development,2,0.89444,4,friction,0.25,friction,normal,normal,No actionable deviation,96.5,0.92,fbd45accabcb76a0a9e0d32fabc1b9a0ce6117d625153fe233ebab0676fa9b74,11.5257
development,2,0.89444,4,friction,0.5,friction,normal,normal,No actionable deviation,92.9,0.92,013f11d5610e6d8ae76f06ee96642fbdd54e98f441006d6249cc986b1b3b304d,11.4198
development,2,0.89444,4,friction,0.75,friction,friction,diagnosed,Friction growth,88.5,0.73,db83f552be5ed74ef5251382028ac8f94400238aa286eb8cc50c1ab47d2bd5dd,11.463
development,2,0.89444,4,friction,1.0,friction,friction,diagnosed,Friction growth,84.1,0.77,238420eff00f4408265dc23a0db47840cdf3de805a1f1e0c661c610aa3b77baa,11.7258
development,2,0.89444,4,stiction,0.0,normal,normal,normal,No actionable deviation,100.0,0.92,6be67d1ea12601cfeec8790e2f098f2c64ef0301018ddc70b257924b95756853,11.4945
development,2,0.89444,4,stiction,0.25,stiction,stiction,diagnosed,Persistent localized stiction,42.2,0.92,945fffac755d60b4ea839fb033daaf2648651104fe9a068fda00800df8c1cb01,11.5602
development,2,0.89444,4,stiction,0.5,stiction,stiction,diagnosed,Persistent localized stiction,31.8,0.92,d06051cc8bfb28ca654bcf3d89f5a4e3603a392ecdd5a6e48097afa348d87baf,11.7121
development,2,0.89444,4,stiction,0.75,stiction,stiction,diagnosed,Persistent localized stiction,30.2,0.92,de125e846535a80cca532fc34a6910def0bfcbf083d378fecd94ba89b930f0a1,11.5613
development,2,0.89444,4,stiction,1.0,stiction,stiction,diagnosed,Persistent localized stiction,29.3,0.92,aa6781710657f24dafc9d940305a5432dd1ea55a7db16dfd25e2a9ec03f839d0,11.7725
development,2,0.89444,4,obstruction,0.0,normal,normal,normal,No actionable deviation,100.0,0.92,6be67d1ea12601cfeec8790e2f098f2c64ef0301018ddc70b257924b95756853,12.3771
development,2,0.89444,4,obstruction,0.25,obstruction,obstruction,diagnosed,Travel obstruction or persistent stiction,66.9,0.87,bab3f662d851ff30b34d370a206a6f74731c8478360f5b26616edc2d9f65fe58,12.0547
development,2,0.89444,4,obstruction,0.5,obstruction,obstruction,diagnosed,Travel obstruction or persistent stiction,48.3,0.87,cddfe199a8c01daa390475729da06da149444fb782dbd04b67e23e9eda4105c8,11.8098
development,2,0.89444,4,obstruction,0.75,obstruction,obstruction,diagnosed,Travel obstruction or persistent stiction,37.6,0.92,cd17be408108eaab7417aa0df7dd4d2fc46df9404c7a214cf87554b39c6cd54a,11.5314
development,2,0.89444,4,obstruction,1.0,obstruction,obstruction,diagnosed,Travel obstruction or persistent stiction,27.9,0.92,500f3f551dbfa9911f70caed48f9612cf8764ddbb6c11513ce3d5cf68c48abdf,11.4533
development,2,0.89444,4,actuator_degradation,0.0,normal,normal,normal,No actionable deviation,100.0,0.92,6be67d1ea12601cfeec8790e2f098f2c64ef0301018ddc70b257924b95756853,12.1498
development,2,0.89444,4,actuator_degradation,0.25,actuator_degradation,actuator_degradation,diagnosed,Actuator performance degradation,97.1,0.67,58d7bcea460dab137ea85941824026a49b154e33f14fa76b5b95807117a63b9e,11.4943
development,2,0.89444,4,actuator_degradation,0.5,actuator_degradation,actuator_degradation,diagnosed,Actuator performance degradation,92.7,0.75,ba313ee1f9cf7e79dbf270fdcd1ecea16cf276a2d8ea0300be99389dcd9d2d51,11.4534
development,2,0.89444,4,actuator_degradation,0.75,actuator_degradation,actuator_degradation,diagnosed,Actuator performance degradation,79.5,0.85,bd206f1ce069fcb894da4bc6173c601607997215f7a5f43588a424f384ebeacf,11.8612
development,2,0.89444,4,actuator_degradation,1.0,actuator_degradation,actuator_degradation,diagnosed,Actuator performance degradation,58.2,0.92,f9a159f78515b4eedd149906c4dabb6d21e514ea12de8dcdadd522046e6dffbf,11.8489
development,2,0.89444,4,sensor_drift,0.0,normal,normal,normal,No actionable deviation,100.0,0.92,6be67d1ea12601cfeec8790e2f098f2c64ef0301018ddc70b257924b95756853,11.6566
development,2,0.89444,4,sensor_drift,0.25,sensor_drift,normal,normal,No actionable deviation,98.7,0.92,1ced114ceee49a955c2306f7edb066262e3be7732138c4de83423dce27c999f5,11.8695
development,2,0.89444,4,sensor_drift,0.5,sensor_drift,normal,normal,No actionable deviation,97.4,0.92,212a303b036919e83d43686355a42d4a0d021175401a228d15e8634ab1ddae3c,11.7699
development,2,0.89444,4,sensor_drift,0.75,sensor_drift,sensor_drift,diagnosed,Position sensor drift / process inconsistency,96.2,0.65,ed401ebb667c6c316bae4e01d7580442137dc9b802e8e45c4ca52fa4498f11b9,11.7921
development,2,0.89444,4,sensor_drift,1.0,sensor_drift,sensor_drift,diagnosed,Position sensor drift / process inconsistency,95.1,0.67,418db7099d47ce65f07845289cf22c41395aecb9a16419da632f0bcb9191c1ee,11.5601
development,2,0.89444,5,normal,0.0,normal,normal,normal,No actionable deviation,100.0,0.92,83f8e0fd72253dbdd63f789e212e05fc3c7d8652f6d9de823a4bd14262c657e7,11.5095
development,2,0.89444,5,normal,0.25,normal,normal,normal,No actionable deviation,100.0,0.92,83f8e0fd72253dbdd63f789e212e05fc3c7d8652f6d9de823a4bd14262c657e7,11.5262
development,2,0.89444,5,normal,0.5,normal,normal,normal,No actionable deviation,100.0,0.92,83f8e0fd72253dbdd63f789e212e05fc3c7d8652f6d9de823a4bd14262c657e7,11.4352
development,2,0.89444,5,normal,0.75,normal,normal,normal,No actionable deviation,100.0,0.92,83f8e0fd72253dbdd63f789e212e05fc3c7d8652f6d9de823a4bd14262c657e7,11.5015
development,2,0.89444,5,normal,1.0,normal,normal,normal,No actionable deviation,100.0,0.92,83f8e0fd72253dbdd63f789e212e05fc3c7d8652f6d9de823a4bd14262c657e7,11.4539
development,2,0.89444,5,friction,0.0,normal,normal,normal,No actionable deviation,100.0,0.92,83f8e0fd72253dbdd63f789e212e05fc3c7d8652f6d9de823a4bd14262c657e7,11.5988
development,2,0.89444,5,friction,0.25,friction,normal,normal,No actionable deviation,96.5,0.92,d6284e97135910801238065e369e55707b9a0b88f34055c7efe149e1bc8123c6,11.7121
development,2,0.89444,5,friction,0.5,friction,normal,normal,No actionable deviation,92.2,0.92,7b988f7ab745d66e03999fee685679569f06249fcf09d52c9f8771c7e47fd87f,13.1506
development,2,0.89444,5,friction,0.75,friction,friction,diagnosed,Friction growth,88.4,0.73,dad40eb375203ac23904a0105e87664f4b70730b09b09fa19392f582c9544eeb,12.2126
development,2,0.89444,5,friction,1.0,friction,friction,diagnosed,Friction growth,83.8,0.77,9058bdbc1e98bc133ebd0ac9fd783bab657625256b6da523e8b3d8ae29ab433a,12.3401
development,2,0.89444,5,stiction,0.0,normal,normal,normal,No actionable deviation,100.0,0.92,83f8e0fd72253dbdd63f789e212e05fc3c7d8652f6d9de823a4bd14262c657e7,11.8061
development,2,0.89444,5,stiction,0.25,stiction,stiction,diagnosed,Persistent localized stiction,42.1,0.92,52ebca77e50735f5e3cb5d552483370e0c79511ef41bbc35ed0e38305ebff6f7,12.7547
development,2,0.89444,5,stiction,0.5,stiction,stiction,diagnosed,Persistent localized stiction,31.4,0.92,bcabda577f37ba3a1eb379afe0d00a9df3c04cf641654adaf6895ae82c51569d,12.1712
development,2,0.89444,5,stiction,0.75,stiction,stiction,diagnosed,Persistent localized stiction,29.8,0.92,e53124d2bfa28e8eccc6d55f1e05bc202bace6c7f5e82ddc017969bd75cbb46e,11.9474
development,2,0.89444,5,stiction,1.0,stiction,stiction,diagnosed,Persistent localized stiction,28.9,0.92,e3e006f99bc1962f3afb2f3cda370fa42b6dc9048215826ca3b12f8a7f5d32fa,11.8093
development,2,0.89444,5,obstruction,0.0,normal,normal,normal,No actionable deviation,100.0,0.92,83f8e0fd72253dbdd63f789e212e05fc3c7d8652f6d9de823a4bd14262c657e7,11.7438
development,2,0.89444,5,obstruction,0.25,obstruction,obstruction,diagnosed,Travel obstruction or persistent stiction,66.1,0.88,0998ad284fb419e8da58e1582f80b071f8c18fd6a9bf7f75c65baec7296863ad,11.9082
development,2,0.89444,5,obstruction,0.5,obstruction,obstruction,diagnosed,Travel obstruction or persistent stiction,47.7,0.88,03fea1b3bb7b1f762d02e87dd1d0c6ed340d9be450ab185f944494810617f4b1,11.4907
development,2,0.89444,5,obstruction,0.75,obstruction,obstruction,diagnosed,Travel obstruction or persistent stiction,38.0,0.92,2dcd3b29d8cff4b8b6750136ffcb517a44f0e395cbc981177280c2042078434f,11.8515
development,2,0.89444,5,obstruction,1.0,obstruction,obstruction,diagnosed,Travel obstruction or persistent stiction,27.4,0.92,fba80b8a43bab0b160abad4866191dfb46aed03e03eb057bab85fae4590168f8,11.7776
development,2,0.89444,5,actuator_degradation,0.0,normal,normal,normal,No actionable deviation,100.0,0.92,83f8e0fd72253dbdd63f789e212e05fc3c7d8652f6d9de823a4bd14262c657e7,11.5785
development,2,0.89444,5,actuator_degradation,0.25,actuator_degradation,actuator_degradation,diagnosed,Actuator performance degradation,96.8,0.68,95f60f6b10997db089e0135d1d4099fdaf4476c2af72101db15b26ec5924c646,11.8383
development,2,0.89444,5,actuator_degradation,0.5,actuator_degradation,actuator_degradation,diagnosed,Actuator performance degradation,92.5,0.76,177f7c9aa30ece3dc5327b1eb642011c3f2bb8d5d6e85c5cf5d67f1d51511b03,11.9283
development,2,0.89444,5,actuator_degradation,0.75,actuator_degradation,actuator_degradation,diagnosed,Actuator performance degradation,79.3,0.86,ea9e6a2c77e6c05f99ccfd7ea6f142a1866016725585768ec0ce965cfb0204dc,11.9848
development,2,0.89444,5,actuator_degradation,1.0,actuator_degradation,actuator_degradation,diagnosed,Actuator performance degradation,57.6,0.92,f391500c6a8efa6bcb70370786013eb7460e8e2f1bde47dc2be527d1c1c6b588,11.6754
development,2,0.89444,5,sensor_drift,0.0,normal,normal,normal,No actionable deviation,100.0,0.92,83f8e0fd72253dbdd63f789e212e05fc3c7d8652f6d9de823a4bd14262c657e7,11.4736
development,2,0.89444,5,sensor_drift,0.25,sensor_drift,normal,normal,No actionable deviation,98.7,0.92,a654194d942e09843ebd257e67750d64a0193b35bed7095f34c122bdd2ce028e,11.8746
development,2,0.89444,5,sensor_drift,0.5,sensor_drift,normal,normal,No actionable deviation,97.5,0.92,4339ca0405308a7fa54caad79233f0d0259429583bbff5f9ba76300c8d1c4ead,11.7371
development,2,0.89444,5,sensor_drift,0.75,sensor_drift,sensor_drift,diagnosed,Position sensor drift / process inconsistency,96.3,0.65,0f113605c9fd8142b4514faee13e7d042a5102c232b5417cf50dc6316a4f997f,12.0031
development,2,0.89444,5,sensor_drift,1.0,sensor_drift,sensor_drift,diagnosed,Position sensor drift / process inconsistency,95.1,0.66,ca44a5f5d7582313ca671ca46c57e3ac40a79d76a89e9234f5f3ade363346fe9,11.7887
development,2,0.89444,6,normal,0.0,normal,normal,normal,No actionable deviation,100.0,0.92,64b8b6d3dc7d7a7806021d1e6d9f712d81ac55d677b5640a70d9397574df2aab,11.882
development,2,0.89444,6,normal,0.25,normal,normal,normal,No actionable deviation,100.0,0.92,64b8b6d3dc7d7a7806021d1e6d9f712d81ac55d677b5640a70d9397574df2aab,11.7053
development,2,0.89444,6,normal,0.5,normal,normal,normal,No actionable deviation,100.0,0.92,64b8b6d3dc7d7a7806021d1e6d9f712d81ac55d677b5640a70d9397574df2aab,11.8754
development,2,0.89444,6,normal,0.75,normal,normal,normal,No actionable deviation,100.0,0.92,64b8b6d3dc7d7a7806021d1e6d9f712d81ac55d677b5640a70d9397574df2aab,11.8636
development,2,0.89444,6,normal,1.0,normal,normal,normal,No actionable deviation,100.0,0.92,64b8b6d3dc7d7a7806021d1e6d9f712d81ac55d677b5640a70d9397574df2aab,11.6243
development,2,0.89444,6,friction,0.0,normal,normal,normal,No actionable deviation,100.0,0.92,64b8b6d3dc7d7a7806021d1e6d9f712d81ac55d677b5640a70d9397574df2aab,12.9951
development,2,0.89444,6,friction,0.25,friction,normal,normal,No actionable deviation,96.7,0.92,50ef48143402390faa6d2b3e8d8ed5942ed07261ab15c9dfb46fe5443f9b362f,12.5909
development,2,0.89444,6,friction,0.5,friction,normal,normal,No actionable deviation,92.8,0.92,6cfe4b70da5206f8fa2631aa77d464919d5b40bc79753ec84a1fa4c4a776ac10,11.9998
development,2,0.89444,6,friction,0.75,friction,friction,diagnosed,Friction growth,88.7,0.73,b67c21255e51b8b21cb37ee5e33882c555544522d8e0c1cb07ebe34d052f5daf,12.2132
development,2,0.89444,6,friction,1.0,friction,friction,diagnosed,Friction growth,84.2,0.77,84913a3704d3c5f19db533a12315b4bb2af0574c47959c2dcc9ae9f72344aa2d,12.961
development,2,0.89444,6,stiction,0.0,normal,normal,normal,No actionable deviation,100.0,0.92,64b8b6d3dc7d7a7806021d1e6d9f712d81ac55d677b5640a70d9397574df2aab,11.9703
development,2,0.89444,6,stiction,0.25,stiction,stiction,diagnosed,Persistent localized stiction,42.4,0.92,fb17b333ead199a60bf44da884466c1c2c7bdbabeef24b7866c2f0bf36900085,11.9119
development,2,0.89444,6,stiction,0.5,stiction,stiction,diagnosed,Persistent localized stiction,31.8,0.92,8d362c85fb0a67c8ae4484a184ea916b7bfa21f0721251de6e85a926a5254264,12.0536
development,2,0.89444,6,stiction,0.75,stiction,stiction,diagnosed,Persistent localized stiction,30.3,0.92,001a63868eea05e3b6e55f165d1a44179256c511a60d5f18b3f773974f8231bf,11.8087
development,2,0.89444,6,stiction,1.0,stiction,stiction,diagnosed,Persistent localized stiction,29.3,0.92,5e4062132eac2d2e4ef2b42c6c09208dd42fcf4d65a96d77fd0346492ba0b4b0,12.9575
development,2,0.89444,6,obstruction,0.0,normal,normal,normal,No actionable deviation,100.0,0.92,64b8b6d3dc7d7a7806021d1e6d9f712d81ac55d677b5640a70d9397574df2aab,12.156
development,2,0.89444,6,obstruction,0.25,obstruction,obstruction,diagnosed,Travel obstruction or persistent stiction,66.7,0.87,e58465dda15491082be675f452b6adc615869cf6c14b922a6f9820cf2c2ba688,11.8891
development,2,0.89444,6,obstruction,0.5,obstruction,obstruction,diagnosed,Travel obstruction or persistent stiction,48.4,0.87,d05646d88510be4abd05ea8414633ec0828f1f4f23084c62a987faf821272ac6,11.7778
development,2,0.89444,6,obstruction,0.75,obstruction,obstruction,diagnosed,Travel obstruction or persistent stiction,37.9,0.92,63fb32d578f26a6710861958dca6fcff1d05b56541b49c6055c681eb33660056,11.806
development,2,0.89444,6,obstruction,1.0,obstruction,obstruction,diagnosed,Travel obstruction or persistent stiction,28.0,0.92,c2d4852b75dee272f322bbd57d3c206e15a2c03e6ba7ded42f336ef40aeddafe,11.9706
development,2,0.89444,6,actuator_degradation,0.0,normal,normal,normal,No actionable deviation,100.0,0.92,64b8b6d3dc7d7a7806021d1e6d9f712d81ac55d677b5640a70d9397574df2aab,11.6941
development,2,0.89444,6,actuator_degradation,0.25,actuator_degradation,actuator_degradation,diagnosed,Actuator performance degradation,97.1,0.67,93e860067e795af88781ea90385cfcc8f6702f1e1c2f7bfeabd73e92e23cae51,11.7604
development,2,0.89444,6,actuator_degradation,0.5,actuator_degradation,actuator_degradation,diagnosed,Actuator performance degradation,92.8,0.75,a6b889bab619453201e1368504e1bcaf86ea528f9d205c6f48220f902efdd2d5,11.889
development,2,0.89444,6,actuator_degradation,0.75,actuator_degradation,actuator_degradation,diagnosed,Actuator performance degradation,79.4,0.85,1a326b60adfd3428f30dd2003c72c34b749b8f6bfc1b24fa0f93fe34ee025018,11.8594
development,2,0.89444,6,actuator_degradation,1.0,actuator_degradation,actuator_degradation,diagnosed,Actuator performance degradation,58.0,0.92,d7e9b6825fd0d91b804d97804d4433da1fdbd5b6a7bfc02c1db7c25e58ed2711,11.7008
development,2,0.89444,6,sensor_drift,0.0,normal,normal,normal,No actionable deviation,100.0,0.92,64b8b6d3dc7d7a7806021d1e6d9f712d81ac55d677b5640a70d9397574df2aab,12.1096
development,2,0.89444,6,sensor_drift,0.25,sensor_drift,normal,normal,No actionable deviation,98.7,0.92,7a3e00f580962b5d683dbb77a2cd28c4f8de2b27190cae2342232b6a831de8be,11.8607
development,2,0.89444,6,sensor_drift,0.5,sensor_drift,normal,normal,No actionable deviation,97.6,0.92,2be028e7acfecab043e6b4e2472993b3932caf8df31977100d997299e0b91c81,11.7566
development,2,0.89444,6,sensor_drift,0.75,sensor_drift,sensor_drift,diagnosed,Position sensor drift / process inconsistency,96.4,0.65,9f143288b25880b7d4c70300163ae5edb0afbb9bbcfd9f0f56c6c8ac69234023,11.8759
development,2,0.89444,6,sensor_drift,1.0,sensor_drift,sensor_drift,diagnosed,Position sensor drift / process inconsistency,95.3,0.66,d25dcdd3edd81f3faebe79ecc302b06dcb8e66129aee908f2c0f38baf071907c,11.7166
development,2,0.89444,7,normal,0.0,normal,normal,normal,No actionable deviation,100.0,0.92,8e062401d1f786f2f981232df416ff9faa892681738c845a7960fd621da1f0b7,11.6255
development,2,0.89444,7,normal,0.25,normal,normal,normal,No actionable deviation,100.0,0.92,8e062401d1f786f2f981232df416ff9faa892681738c845a7960fd621da1f0b7,11.4791
development,2,0.89444,7,normal,0.5,normal,normal,normal,No actionable deviation,100.0,0.92,8e062401d1f786f2f981232df416ff9faa892681738c845a7960fd621da1f0b7,11.6951
development,2,0.89444,7,normal,0.75,normal,normal,normal,No actionable deviation,100.0,0.92,8e062401d1f786f2f981232df416ff9faa892681738c845a7960fd621da1f0b7,11.5435
development,2,0.89444,7,normal,1.0,normal,normal,normal,No actionable deviation,100.0,0.92,8e062401d1f786f2f981232df416ff9faa892681738c845a7960fd621da1f0b7,11.5615
development,2,0.89444,7,friction,0.0,normal,normal,normal,No actionable deviation,100.0,0.92,8e062401d1f786f2f981232df416ff9faa892681738c845a7960fd621da1f0b7,11.4984
development,2,0.89444,7,friction,0.25,friction,normal,normal,No actionable deviation,96.8,0.92,81ca2a279938a8eeabb8031848009942115cb292631111eb3be2a7f969e48eb6,11.7684
development,2,0.89444,7,friction,0.5,friction,normal,normal,No actionable deviation,92.6,0.92,04fa270aa5ab601db21fac236aab6e5a7db14b7bdcf7eccadb35dbfc77ae2fbf,11.511
development,2,0.89444,7,friction,0.75,friction,friction,diagnosed,Friction growth,88.8,0.73,dc39f7309aeec418d61f672b8ee29edd731446d0a9cba9c11026ea17ddd100ef,11.5162
development,2,0.89444,7,friction,1.0,friction,friction,diagnosed,Friction growth,84.2,0.77,7268e4152374d76b72e10a64c836dcab4f516aff5317f8d05b0b41bf37eeeff6,11.7279
development,2,0.89444,7,stiction,0.0,normal,normal,normal,No actionable deviation,100.0,0.92,8e062401d1f786f2f981232df416ff9faa892681738c845a7960fd621da1f0b7,11.509
development,2,0.89444,7,stiction,0.25,stiction,stiction,diagnosed,Persistent localized stiction,42.5,0.92,6f0db443a61afae2b193d71d88a8e9ec9ceb4b6b4ddb7d0be0fffbc94ba74076,12.1538
development,2,0.89444,7,stiction,0.5,stiction,stiction,diagnosed,Persistent localized stiction,31.7,0.92,5f9b63de487f3a84ef6e1c807358f94a50ccec44405a33cd072bd916abe49162,13.5264
development,2,0.89444,7,stiction,0.75,stiction,stiction,diagnosed,Persistent localized stiction,30.2,0.92,2ef35a650089408e95c29876df395a0d74bd8652e2b56388627c81a6afbc86dc,11.9305
development,2,0.89444,7,stiction,1.0,stiction,stiction,diagnosed,Persistent localized stiction,29.3,0.92,6447d14636fd8a00fe3a10eee6c303d2d61304ca93703fb9b6828a1f8e0c54f2,11.8833
development,2,0.89444,7,obstruction,0.0,normal,normal,normal,No actionable deviation,100.0,0.92,8e062401d1f786f2f981232df416ff9faa892681738c845a7960fd621da1f0b7,11.9579
development,2,0.89444,7,obstruction,0.25,obstruction,obstruction,diagnosed,Travel obstruction or persistent stiction,66.7,0.87,fa164d522f297974f3cf7f1325057141bb4af7d3a4ed051aaa0713aeca1c0479,11.7124
development,2,0.89444,7,obstruction,0.5,obstruction,obstruction,diagnosed,Travel obstruction or persistent stiction,48.1,0.87,ba2943f8eddf32ef03638adeb77a1149cbbda58b0d89d4b0c16e45376c706821,11.7187
development,2,0.89444,7,obstruction,0.75,obstruction,obstruction,diagnosed,Travel obstruction or persistent stiction,37.7,0.92,eabf6e4be513070e0e4c75c6bcd437740bc3c644decbae0a095c74042480e0b4,11.7349
development,2,0.89444,7,obstruction,1.0,obstruction,obstruction,diagnosed,Travel obstruction or persistent stiction,27.9,0.92,ba8e247ffb861ee3b4ef4672fc414194c1998b64d04d82bddc0e4d9ea1e3f387,11.7734
development,2,0.89444,7,actuator_degradation,0.0,normal,normal,normal,No actionable deviation,100.0,0.92,8e062401d1f786f2f981232df416ff9faa892681738c845a7960fd621da1f0b7,11.521
development,2,0.89444,7,actuator_degradation,0.25,actuator_degradation,actuator_degradation,diagnosed,Actuator performance degradation,97.1,0.67,9840663dfd679201774c28101c513912d201608b4cb612d85390dd2381f47c49,11.6885
development,2,0.89444,7,actuator_degradation,0.5,actuator_degradation,actuator_degradation,diagnosed,Actuator performance degradation,92.8,0.75,51d1840dba54da9e874bdd51169ef147d8b1e2ae791a24cf55d6007fde8400cf,11.917
development,2,0.89444,7,actuator_degradation,0.75,actuator_degradation,actuator_degradation,diagnosed,Actuator performance degradation,79.5,0.85,2470b9b99be0f3c8bba1899340a04dc5a4b2db51ff286b7348f80b243d22b976,13.2964
development,2,0.89444,7,actuator_degradation,1.0,actuator_degradation,actuator_degradation,diagnosed,Actuator performance degradation,57.9,0.92,664c1b96db9088dd15ae298cbe10ba4af23d612a7d6ab475367fca8f595f0b76,13.1435
development,2,0.89444,7,sensor_drift,0.0,normal,normal,normal,No actionable deviation,100.0,0.92,8e062401d1f786f2f981232df416ff9faa892681738c845a7960fd621da1f0b7,13.5878
development,2,0.89444,7,sensor_drift,0.25,sensor_drift,normal,normal,No actionable deviation,98.7,0.92,7002fece607bddafa5df68392d46b94c47d04d50f4a73ae7bae3f6da08621a97,13.6738
development,2,0.89444,7,sensor_drift,0.5,sensor_drift,normal,normal,No actionable deviation,97.5,0.92,3313311ce90431a6be0462a9c4e64b452ff98356fda95e1cbd5262baf9e2c29d,12.7533
development,2,0.89444,7,sensor_drift,0.75,sensor_drift,sensor_drift,diagnosed,Position sensor drift / process inconsistency,96.4,0.65,9359cf9f017d9af1ab572d737ae9e54248f88887194edf7aec360aa9f1450394,11.6124
development,2,0.89444,7,sensor_drift,1.0,sensor_drift,sensor_drift,diagnosed,Position sensor drift / process inconsistency,95.2,0.66,c42618fb3b3ba23d060d79151de7c1d84208a77b3b966614f50eab77f248a2a7,11.4922
development,2,0.89444,8,normal,0.0,normal,normal,normal,No actionable deviation,100.0,0.92,6a7f654b1e62aeaab39738e7aca797618b4f14fc261919e546d2b1298f16ed37,11.7577
development,2,0.89444,8,normal,0.25,normal,normal,normal,No actionable deviation,100.0,0.92,6a7f654b1e62aeaab39738e7aca797618b4f14fc261919e546d2b1298f16ed37,11.6267
development,2,0.89444,8,normal,0.5,normal,normal,normal,No actionable deviation,100.0,0.92,6a7f654b1e62aeaab39738e7aca797618b4f14fc261919e546d2b1298f16ed37,11.5567
development,2,0.89444,8,normal,0.75,normal,normal,normal,No actionable deviation,100.0,0.92,6a7f654b1e62aeaab39738e7aca797618b4f14fc261919e546d2b1298f16ed37,11.5914
development,2,0.89444,8,normal,1.0,normal,normal,normal,No actionable deviation,100.0,0.92,6a7f654b1e62aeaab39738e7aca797618b4f14fc261919e546d2b1298f16ed37,11.8618
development,2,0.89444,8,friction,0.0,normal,normal,normal,No actionable deviation,100.0,0.92,6a7f654b1e62aeaab39738e7aca797618b4f14fc261919e546d2b1298f16ed37,11.7047
development,2,0.89444,8,friction,0.25,friction,normal,normal,No actionable deviation,96.7,0.92,724a910a14e3fd52120a0de8df06d17311f9589f4c758552354ad4285dbbdb07,13.1665
development,2,0.89444,8,friction,0.5,friction,normal,normal,No actionable deviation,92.6,0.92,667571eef9b2be0a103211d0635a17b671a6a536621457f22bf4a1852217f415,12.6742
development,2,0.89444,8,friction,0.75,friction,friction,diagnosed,Friction growth,88.5,0.73,1508038b2d7be7a7f0a42db1af049d6bb8bf502b72ed24eb4dd34ed2a5a59017,11.7852
development,2,0.89444,8,friction,1.0,friction,friction,diagnosed,Friction growth,84.4,0.76,aad490414ca42b7b3a7aa1c8f39de279b7c46b2535d1db34d0aa05b24dd728cf,11.9861
development,2,0.89444,8,stiction,0.0,normal,normal,normal,No actionable deviation,100.0,0.92,6a7f654b1e62aeaab39738e7aca797618b4f14fc261919e546d2b1298f16ed37,12.845
development,2,0.89444,8,stiction,0.25,stiction,stiction,diagnosed,Persistent localized stiction,42.7,0.92,f22a617bb7f2a94abd56b7d9d167d58381b194e2a59ed9d604d75f9b7e1159db,11.7365
development,2,0.89444,8,stiction,0.5,stiction,stiction,diagnosed,Persistent localized stiction,31.7,0.92,c7718b55b35bea7fc2c924654310d49b187d2470ea57b661fc0137d97fda32f5,11.8212
development,2,0.89444,8,stiction,0.75,stiction,stiction,diagnosed,Persistent localized stiction,30.2,0.92,865387ae7edc455c8dbe73e508cdb81172a545bd1746f627b85d7c17fecde31b,11.5878
development,2,0.89444,8,stiction,1.0,stiction,stiction,diagnosed,Persistent localized stiction,29.3,0.92,90844192340dfce4911738e024a37babeb619b9806a39492572e091a8d08ee07,11.5772
development,2,0.89444,8,obstruction,0.0,normal,normal,normal,No actionable deviation,100.0,0.92,6a7f654b1e62aeaab39738e7aca797618b4f14fc261919e546d2b1298f16ed37,11.5984
development,2,0.89444,8,obstruction,0.25,obstruction,obstruction,diagnosed,Travel obstruction or persistent stiction,62.3,0.87,32e2c1d52e6fd56d77d85d7e6874a9690ff39f0e10574faf25e0ad66bd1e09a9,11.7112
development,2,0.89444,8,obstruction,0.5,obstruction,obstruction,diagnosed,Travel obstruction or persistent stiction,48.8,0.87,9b9f614efdeedd6a6506826fca67a02f85a263f3cac0a95554efae6c04a92172,11.7849
development,2,0.89444,8,obstruction,0.75,obstruction,obstruction,diagnosed,Travel obstruction or persistent stiction,38.3,0.92,ba3767600381c34ebaa47288fade5e326a19a3c59b658dcc8abc17ac632416e2,11.5736
development,2,0.89444,8,obstruction,1.0,obstruction,obstruction,diagnosed,Travel obstruction or persistent stiction,28.0,0.92,5f41eacf3e3da1afd72944f2fd357de265b7c3aa634050d1c894ab52d5d01d4b,11.9603
development,2,0.89444,8,actuator_degradation,0.0,normal,normal,normal,No actionable deviation,100.0,0.92,6a7f654b1e62aeaab39738e7aca797618b4f14fc261919e546d2b1298f16ed37,11.6079
development,2,0.89444,8,actuator_degradation,0.25,actuator_degradation,actuator_degradation,diagnosed,Actuator performance degradation,97.1,0.67,714833d4d46950db049bd42f7459b6f5c3a661bfd5a1ccb8b07719e47d576b49,11.6082
development,2,0.89444,8,actuator_degradation,0.5,actuator_degradation,actuator_degradation,diagnosed,Actuator performance degradation,92.8,0.75,01914aa4257d0b8ee65284c86c7ad99882f97183b38d243fc40e4a98ee574722,11.854
development,2,0.89444,8,actuator_degradation,0.75,actuator_degradation,actuator_degradation,diagnosed,Actuator performance degradation,79.8,0.85,5131615031cb38b9454aeb6f7011901c4d896e15c67244fffb3912594633c7f1,11.6653
development,2,0.89444,8,actuator_degradation,1.0,actuator_degradation,actuator_degradation,diagnosed,Actuator performance degradation,57.9,0.92,04e9c029ba985b3079d9d9d10ca89e5a659f48b8bd973110749f0a1578f0861d,11.7474
development,2,0.89444,8,sensor_drift,0.0,normal,normal,normal,No actionable deviation,100.0,0.92,6a7f654b1e62aeaab39738e7aca797618b4f14fc261919e546d2b1298f16ed37,11.541
development,2,0.89444,8,sensor_drift,0.25,sensor_drift,normal,normal,No actionable deviation,98.6,0.92,73d00cbe8a9812010ce1be8df218e35aaffe4f853392f296c11c225b812b6aa6,11.6702
development,2,0.89444,8,sensor_drift,0.5,sensor_drift,normal,normal,No actionable deviation,97.4,0.92,b0fc55a1c03cfef90d9386a273333b108b1f23489046a06f852aa809b72e0386,11.6934
development,2,0.89444,8,sensor_drift,0.75,sensor_drift,sensor_drift,diagnosed,Position sensor drift / process inconsistency,96.2,0.65,37e1c9ec3db74755b6f17d48864a341d7f7b566a8f6f5c20848b1c2cfc33245e,11.7073
development,2,0.89444,8,sensor_drift,1.0,sensor_drift,sensor_drift,diagnosed,Position sensor drift / process inconsistency,95.2,0.67,499d51e83b2310e8b5e136dfbad8c15c3279a4a614e54eb710563573f162d13d,11.6522
development,2,0.89444,9,normal,0.0,normal,normal,normal,No actionable deviation,100.0,0.92,395d84878edb1cc5fbe37af243213338e934ae95c134c4ebae34c0f27dc53c18,11.6931
development,2,0.89444,9,normal,0.25,normal,normal,normal,No actionable deviation,100.0,0.92,395d84878edb1cc5fbe37af243213338e934ae95c134c4ebae34c0f27dc53c18,11.4838
development,2,0.89444,9,normal,0.5,normal,normal,normal,No actionable deviation,100.0,0.92,395d84878edb1cc5fbe37af243213338e934ae95c134c4ebae34c0f27dc53c18,13.044
development,2,0.89444,9,normal,0.75,normal,normal,normal,No actionable deviation,100.0,0.92,395d84878edb1cc5fbe37af243213338e934ae95c134c4ebae34c0f27dc53c18,11.8928
development,2,0.89444,9,normal,1.0,normal,normal,normal,No actionable deviation,100.0,0.92,395d84878edb1cc5fbe37af243213338e934ae95c134c4ebae34c0f27dc53c18,12.0651
development,2,0.89444,9,friction,0.0,normal,normal,normal,No actionable deviation,100.0,0.92,395d84878edb1cc5fbe37af243213338e934ae95c134c4ebae34c0f27dc53c18,11.8571
development,2,0.89444,9,friction,0.25,friction,normal,normal,No actionable deviation,96.2,0.92,8845c0d5a8af4b2d3f16db79d42cb5c3e6c2f035198803d9b1a992ce49c78a05,11.8544
development,2,0.89444,9,friction,0.5,friction,normal,normal,No actionable deviation,92.3,0.92,312422fa2008f327c99af036547fdb86b79134af9078411a90dbda94390cb36a,12.1956
development,2,0.89444,9,friction,0.75,friction,friction,diagnosed,Friction growth,88.4,0.73,7fe9b17edf3d98bf54445f617e41df8fc2c4dc20177559862ef3dd650c328898,11.588
development,2,0.89444,9,friction,1.0,friction,friction,diagnosed,Friction growth,83.8,0.77,c8f5f253807d2531a4a8377450f18efaad94a4c006bff04a7b8fd534984ca1c9,11.7278
development,2,0.89444,9,stiction,0.0,normal,normal,normal,No actionable deviation,100.0,0.92,395d84878edb1cc5fbe37af243213338e934ae95c134c4ebae34c0f27dc53c18,11.5858
development,2,0.89444,9,stiction,0.25,stiction,stiction,diagnosed,Persistent localized stiction,41.9,0.92,8d44a12ef75bd1370d112c817d17007f0ac40b6c06fdadc422efaa535038cb20,11.8409
development,2,0.89444,9,stiction,0.5,stiction,stiction,diagnosed,Persistent localized stiction,31.4,0.92,8cd89980b454e3dbcef01886d89e429c3bfc642f5a9fea9b4033b3937b62a7c7,12.3535
development,2,0.89444,9,stiction,0.75,stiction,stiction,diagnosed,Persistent localized stiction,29.8,0.92,344c75e872b0362820a3a3c26c8939bcee000f802e56f3ed79dd566157a110bc,11.6134
development,2,0.89444,9,stiction,1.0,stiction,stiction,diagnosed,Persistent localized stiction,28.9,0.92,581e5ffd67b3d68405cbd9225a69ff05c15895d5e8884eb1002e286a15515e47,11.8444
development,2,0.89444,9,obstruction,0.0,normal,normal,normal,No actionable deviation,100.0,0.92,395d84878edb1cc5fbe37af243213338e934ae95c134c4ebae34c0f27dc53c18,11.5651
development,2,0.89444,9,obstruction,0.25,obstruction,obstruction,diagnosed,Travel obstruction or persistent stiction,65.9,0.88,07ac73819e10ccd84efe3f0b40bd7c29535813a0e6f1aacbe9c170ed790a469b,11.7839
development,2,0.89444,9,obstruction,0.5,obstruction,obstruction,diagnosed,Travel obstruction or persistent stiction,47.7,0.88,c5580dd8ef81d9e4d79a9c68517d0d79bec6b478ec617ba1e4ed36fdeeb47db9,11.653
development,2,0.89444,9,obstruction,0.75,obstruction,obstruction,diagnosed,Travel obstruction or persistent stiction,37.4,0.92,4fee3ac9cf8fd4391909dd0529f45948bbafd4f22a9cc08287ec59a1015d03ae,11.7995
development,2,0.89444,9,obstruction,1.0,obstruction,obstruction,diagnosed,Travel obstruction or persistent stiction,27.1,0.92,b700ff849202bdafd16ce0dfb1c992712641e9c6cbbd4266aae852f24f8f2592,11.6033
development,2,0.89444,9,actuator_degradation,0.0,normal,normal,normal,No actionable deviation,100.0,0.92,395d84878edb1cc5fbe37af243213338e934ae95c134c4ebae34c0f27dc53c18,11.5998
development,2,0.89444,9,actuator_degradation,0.25,actuator_degradation,actuator_degradation,diagnosed,Actuator performance degradation,96.8,0.68,2e415f5601608eae5ecc6a3c05cc4a5b8d630087cb4bc1fc806282745f2d00af,11.7499
development,2,0.89444,9,actuator_degradation,0.5,actuator_degradation,actuator_degradation,diagnosed,Actuator performance degradation,92.4,0.76,54dbb1ad3bba01fbc57d13d9d9d9922eba00ff33b0528c1995a234c3f9e1a6c7,11.7601
development,2,0.89444,9,actuator_degradation,0.75,actuator_degradation,actuator_degradation,diagnosed,Actuator performance degradation,78.9,0.86,c739b8c82abcfe81772dec5bf43e82028def94aeed8ea0c1204f4935f122eab2,11.6218
development,2,0.89444,9,actuator_degradation,1.0,actuator_degradation,actuator_degradation,diagnosed,Actuator performance degradation,57.6,0.92,7c491fc29708d61f6752963174fd8699c50f03ba11341b6c51a3ffdfa1dbc430,16.9323
development,2,0.89444,9,sensor_drift,0.0,normal,normal,normal,No actionable deviation,100.0,0.92,395d84878edb1cc5fbe37af243213338e934ae95c134c4ebae34c0f27dc53c18,11.769
development,2,0.89444,9,sensor_drift,0.25,sensor_drift,normal,normal,No actionable deviation,98.8,0.92,7644416805b4fafef34379ef7eb148f3dd8e677dbfc2d5b2f9e5dbcb228e4a2a,12.05
development,2,0.89444,9,sensor_drift,0.5,sensor_drift,normal,normal,No actionable deviation,97.6,0.92,e778453a46f6d7bf9a34a02c8f0bbb4d0efd2f84ba93156db124b5f1fe343c75,11.7308
development,2,0.89444,9,sensor_drift,0.75,sensor_drift,sensor_drift,diagnosed,Position sensor drift / process inconsistency,96.4,0.65,1d25300829876c8e49baafc85aedce3042a7e03f83e1492bc0ceefe3d51db89f,12.645
development,2,0.89444,9,sensor_drift,1.0,sensor_drift,sensor_drift,diagnosed,Position sensor drift / process inconsistency,95.3,0.66,bd969444a730af2a9d148af701c205f31e6b1b14bb29fd2f0b229c99513e3003,12.2042
development,3,0.96667,0,normal,0.0,normal,normal,normal,No actionable deviation,100.0,0.92,205ab9dc477c9cefd86ebcf6f4fcc18f25f8b07631a711ae306076d9a4fe5b49,12.0847
development,3,0.96667,0,normal,0.25,normal,normal,normal,No actionable deviation,100.0,0.92,205ab9dc477c9cefd86ebcf6f4fcc18f25f8b07631a711ae306076d9a4fe5b49,11.9673
development,3,0.96667,0,normal,0.5,normal,normal,normal,No actionable deviation,100.0,0.92,205ab9dc477c9cefd86ebcf6f4fcc18f25f8b07631a711ae306076d9a4fe5b49,11.8744
development,3,0.96667,0,normal,0.75,normal,normal,normal,No actionable deviation,100.0,0.92,205ab9dc477c9cefd86ebcf6f4fcc18f25f8b07631a711ae306076d9a4fe5b49,12.197
development,3,0.96667,0,normal,1.0,normal,normal,normal,No actionable deviation,100.0,0.92,205ab9dc477c9cefd86ebcf6f4fcc18f25f8b07631a711ae306076d9a4fe5b49,11.9232
development,3,0.96667,0,friction,0.0,normal,normal,normal,No actionable deviation,100.0,0.92,205ab9dc477c9cefd86ebcf6f4fcc18f25f8b07631a711ae306076d9a4fe5b49,11.8405
development,3,0.96667,0,friction,0.25,friction,normal,normal,No actionable deviation,95.7,0.92,ad63d8e644c188acc965fdb5f476f0a077affb22b13ad6793f732ef43b918459,11.8115
development,3,0.96667,0,friction,0.5,friction,friction,diagnosed,Friction growth,91.7,0.7,87c6c504305284a6a4e8188bcea3d4d29032cfef29cb5acee1f394ad5898952b,11.8761
development,3,0.96667,0,friction,0.75,friction,friction,diagnosed,Friction growth,87.2,0.74,c76015c092fac471045bce6236f0bd0da872588f2b1c59e730787408222478cc,12.1734
development,3,0.96667,0,friction,1.0,friction,friction,diagnosed,Friction growth,81.5,0.77,18982736e756162ff1d9f8e458392bfc19b2f771cd67663a4b139b75fad05897,12.5294
development,3,0.96667,0,stiction,0.0,normal,normal,normal,No actionable deviation,100.0,0.92,205ab9dc477c9cefd86ebcf6f4fcc18f25f8b07631a711ae306076d9a4fe5b49,13.7122
development,3,0.96667,0,stiction,0.25,stiction,stiction,diagnosed,Persistent localized stiction,38.2,0.92,31574fee2795668734b04f01004f177543945faea7f1353d69f829a5c02413b7,13.3044
development,3,0.96667,0,stiction,0.5,stiction,stiction,diagnosed,Persistent localized stiction,33.1,0.92,4fc48c7c43ee4b0f47553ea9a37a16ebcc6dd51ad0cbe56288068af7f292fd46,12.7331
development,3,0.96667,0,stiction,0.75,stiction,stiction,diagnosed,Persistent localized stiction,31.7,0.92,051076e4c85adc175abcbabadf95018537642af392df8800c8bff8cbbe0aeb35,12.0271
development,3,0.96667,0,stiction,1.0,stiction,stiction,diagnosed,Persistent localized stiction,30.9,0.92,6c7052c38a550fc130c766c491af21582bd596fbf786f5679f7512d30ec570e9,14.3943
development,3,0.96667,0,obstruction,0.0,normal,normal,normal,No actionable deviation,100.0,0.92,205ab9dc477c9cefd86ebcf6f4fcc18f25f8b07631a711ae306076d9a4fe5b49,12.4457
development,3,0.96667,0,obstruction,0.25,obstruction,obstruction,diagnosed,Travel obstruction or persistent stiction,69.0,0.83,f65b9e0042e212356923c3c95fa8910ae162e3cb56dd62a5da47f2ac9c7dcc9e,12.5896
development,3,0.96667,0,obstruction,0.5,obstruction,obstruction,diagnosed,Travel obstruction or persistent stiction,54.2,0.84,5f0c04be73bf80f2cde1bf9b0a76f5a05a3ded3176bb48ae7063c5a0df88d142,13.6118
development,3,0.96667,0,obstruction,0.75,obstruction,obstruction,diagnosed,Travel obstruction or persistent stiction,39.8,0.92,7866e1459acc809460561cbae8c3f35d0677fa501d362310cc2f3d260163b2f3,13.3057
development,3,0.96667,0,obstruction,1.0,obstruction,obstruction,diagnosed,Travel obstruction or persistent stiction,30.0,0.92,04e21f6b976c730a177fa6e2e834bd996b5074e159c495b4fc1f0d06cdeb1f63,12.0589
development,3,0.96667,0,actuator_degradation,0.0,normal,normal,normal,No actionable deviation,100.0,0.92,205ab9dc477c9cefd86ebcf6f4fcc18f25f8b07631a711ae306076d9a4fe5b49,11.5755
development,3,0.96667,0,actuator_degradation,0.25,actuator_degradation,actuator_degradation,diagnosed,Actuator performance degradation,96.6,0.68,c6738d7dc976e8cda761bf4eb96ae6e90f1b15c6e7cfc784bd00132574196055,11.5441
development,3,0.96667,0,actuator_degradation,0.5,actuator_degradation,actuator_degradation,diagnosed,Actuator performance degradation,91.7,0.76,d433a759da31f3600584a9e55d60079e7f4124f5e3ab5dd8e85203800e04ceee,11.9105
development,3,0.96667,0,actuator_degradation,0.75,actuator_degradation,actuator_degradation,diagnosed,Actuator performance degradation,75.0,0.82,b31efa5c5e10c869d541d61a3f62324f63fadaf17426e80e786307962d23fe24,11.7896
development,3,0.96667,0,actuator_degradation,1.0,actuator_degradation,actuator_degradation,diagnosed,Actuator performance degradation,57.6,0.92,5296a6ce0d8b7c9175deb839f6064f0ef423848caf2f86402b443bd08734f4c8,11.8268
development,3,0.96667,0,sensor_drift,0.0,normal,normal,normal,No actionable deviation,100.0,0.92,205ab9dc477c9cefd86ebcf6f4fcc18f25f8b07631a711ae306076d9a4fe5b49,11.479
development,3,0.96667,0,sensor_drift,0.25,sensor_drift,normal,normal,No actionable deviation,98.6,0.92,ef47d30935403689fa86c1dedb0c080b4717cb1338a14b1d9e9c1c4c96154b3b,11.8273
development,3,0.96667,0,sensor_drift,0.5,sensor_drift,sensor_drift,diagnosed,Position sensor drift / process inconsistency,97.1,0.64,59c92ba10f1d3ef975b45739ad274b51d60481dbc0a856fa7e64f978dc707bc8,11.6126
development,3,0.96667,0,sensor_drift,0.75,sensor_drift,sensor_drift,diagnosed,Position sensor drift / process inconsistency,96.3,0.66,46ac948bcc80e339d97a94de922f8d6c437ff33a19615a95a2025477a2e3a870,11.5583
development,3,0.96667,0,sensor_drift,1.0,sensor_drift,sensor_drift,diagnosed,Position sensor drift / process inconsistency,95.1,0.67,723b933fdcf68e6a0706b6499dcf6157c030566252f8fe3435ac55a89ffc2c82,11.7605
development,3,0.96667,1,normal,0.0,normal,normal,normal,No actionable deviation,100.0,0.92,1a80a551427bc7bf3730451d12ba38fc2eb46829e01e5c53fd6a1f42b4f81599,11.6002
development,3,0.96667,1,normal,0.25,normal,normal,normal,No actionable deviation,100.0,0.92,1a80a551427bc7bf3730451d12ba38fc2eb46829e01e5c53fd6a1f42b4f81599,11.4595
development,3,0.96667,1,normal,0.5,normal,normal,normal,No actionable deviation,100.0,0.92,1a80a551427bc7bf3730451d12ba38fc2eb46829e01e5c53fd6a1f42b4f81599,11.6907
development,3,0.96667,1,normal,0.75,normal,normal,normal,No actionable deviation,100.0,0.92,1a80a551427bc7bf3730451d12ba38fc2eb46829e01e5c53fd6a1f42b4f81599,11.6085
development,3,0.96667,1,normal,1.0,normal,normal,normal,No actionable deviation,100.0,0.92,1a80a551427bc7bf3730451d12ba38fc2eb46829e01e5c53fd6a1f42b4f81599,13.2119
development,3,0.96667,1,friction,0.0,normal,normal,normal,No actionable deviation,100.0,0.92,1a80a551427bc7bf3730451d12ba38fc2eb46829e01e5c53fd6a1f42b4f81599,13.8048
development,3,0.96667,1,friction,0.25,friction,normal,normal,No actionable deviation,96.1,0.92,568391c55c5caf803130426ff9430a7c93f143ea37b2b0d0939fdb7cf77e1330,12.8719
development,3,0.96667,1,friction,0.5,friction,friction,diagnosed,Friction growth,91.7,0.7,935edc3c019c66de2f5c21ad3b130bbf9bff75816b4e1e0cadadf63506d07e37,13.293
development,3,0.96667,1,friction,0.75,friction,friction,diagnosed,Friction growth,87.3,0.73,048c54d4cd7f931b72bf5092dc46cf9d1f5de368da8f396d5c54c7c7714eb5b8,13.4618
development,3,0.96667,1,friction,1.0,friction,friction,diagnosed,Friction growth,81.7,0.77,df05b4788245b38f027586a867df8eea6497d2cc58182b89520f6e12613aea00,13.4347
development,3,0.96667,1,stiction,0.0,normal,normal,normal,No actionable deviation,100.0,0.92,1a80a551427bc7bf3730451d12ba38fc2eb46829e01e5c53fd6a1f42b4f81599,13.2187
development,3,0.96667,1,stiction,0.25,stiction,stiction,diagnosed,Persistent localized stiction,38.3,0.92,7eb280854d492701b7d27a5b9f6a3c503c4a8a1912870e410b25d37b707fb475,12.3094
development,3,0.96667,1,stiction,0.5,stiction,stiction,diagnosed,Persistent localized stiction,33.3,0.92,78dd501b49e441dfa169c4deca238c5fceb06c8e02789c0f1df2e9bb5db8bc95,11.7403
development,3,0.96667,1,stiction,0.75,stiction,stiction,diagnosed,Persistent localized stiction,31.9,0.92,6d7bf359d6ddcd00fa43300edc8ed4e66a49859628993737624a6be194ff2a61,11.6293
development,3,0.96667,1,stiction,1.0,stiction,stiction,diagnosed,Persistent localized stiction,31.0,0.92,a49b845ceb0926cb220f07be493991ef499368c592cd80b0074e1d17ca9ffe18,13.5315
development,3,0.96667,1,obstruction,0.0,normal,normal,normal,No actionable deviation,100.0,0.92,1a80a551427bc7bf3730451d12ba38fc2eb46829e01e5c53fd6a1f42b4f81599,12.1137
development,3,0.96667,1,obstruction,0.25,obstruction,obstruction,diagnosed,Travel obstruction or persistent stiction,69.4,0.83,4a75cb4877efd4399c00a073bd01426a020303f58699271cca6c3be0d21b7025,11.8758
development,3,0.96667,1,obstruction,0.5,obstruction,obstruction,diagnosed,Travel obstruction or persistent stiction,54.6,0.84,3330d8166349a0f7b43860547fbe73e0a374d40acb959c1381d8a2025b79175f,12.545
development,3,0.96667,1,obstruction,0.75,obstruction,obstruction,diagnosed,Travel obstruction or persistent stiction,42.2,0.92,b62590eaab66e81cbc94f2aacb353c5c92d2f1a9b4c35681be62305586337b5e,11.8651
development,3,0.96667,1,obstruction,1.0,obstruction,obstruction,diagnosed,Travel obstruction or persistent stiction,30.1,0.92,43d3c163f3897d7c25a32e160940d4db73beb2202963d569d0971d82516e9283,11.6912
development,3,0.96667,1,actuator_degradation,0.0,normal,normal,normal,No actionable deviation,100.0,0.92,1a80a551427bc7bf3730451d12ba38fc2eb46829e01e5c53fd6a1f42b4f81599,11.6892
development,3,0.96667,1,actuator_degradation,0.25,actuator_degradation,actuator_degradation,diagnosed,Actuator performance degradation,96.9,0.68,14f2efa8c333838d60d2d83fe4b6cc143babe8e11532045efede958c01e86755,11.692
development,3,0.96667,1,actuator_degradation,0.5,actuator_degradation,actuator_degradation,diagnosed,Actuator performance degradation,92.4,0.75,b10c8700dc176bfa5e7f3716d2d3b3fefbfa0c77e011008a0516dabbdc9875a5,11.8008
development,3,0.96667,1,actuator_degradation,0.75,actuator_degradation,actuator_degradation,diagnosed,Actuator performance degradation,75.7,0.81,4848481cbb0cc88eb9a227664705c9540314e9c8acf9f004c319f5d5b50659b2,11.6969
development,3,0.96667,1,actuator_degradation,1.0,actuator_degradation,actuator_degradation,diagnosed,Actuator performance degradation,58.0,0.92,66e1ee8eac007c0b66b78696d1d614d158960b45157a3b21d90da2fc0e4210d5,11.8121
development,3,0.96667,1,sensor_drift,0.0,normal,normal,normal,No actionable deviation,100.0,0.92,1a80a551427bc7bf3730451d12ba38fc2eb46829e01e5c53fd6a1f42b4f81599,11.7242
development,3,0.96667,1,sensor_drift,0.25,sensor_drift,normal,normal,No actionable deviation,98.6,0.92,b1709ea2891de258a817c625849e81b4945ed4475246847630ba1464fb6023b0,11.5782
development,3,0.96667,1,sensor_drift,0.5,sensor_drift,sensor_drift,diagnosed,Position sensor drift / process inconsistency,97.3,0.64,43684e233619bde8593f5f0932ecbf4f1f66261a214caf66ad3c47953b74b86c,11.6016
development,3,0.96667,1,sensor_drift,0.75,sensor_drift,sensor_drift,diagnosed,Position sensor drift / process inconsistency,96.1,0.66,07dd2b2640d96425d401e5113a5f3f82b0f341090aad87a8dbaba2c8ac221d25,11.6924
development,3,0.96667,1,sensor_drift,1.0,sensor_drift,sensor_drift,diagnosed,Position sensor drift / process inconsistency,95.0,0.67,55866b9834bf6934482ec0440685fbc2bdfd4796af2a78d72b4fa4005b82be06,11.6058
development,3,0.96667,2,normal,0.0,normal,normal,normal,No actionable deviation,100.0,0.92,82db91c146075f247a6c427e55275a5ff4e1c00e54f7f8c17d6d7006677633a5,11.707
development,3,0.96667,2,normal,0.25,normal,normal,normal,No actionable deviation,100.0,0.92,82db91c146075f247a6c427e55275a5ff4e1c00e54f7f8c17d6d7006677633a5,11.6165
development,3,0.96667,2,normal,0.5,normal,normal,normal,No actionable deviation,100.0,0.92,82db91c146075f247a6c427e55275a5ff4e1c00e54f7f8c17d6d7006677633a5,11.7237
development,3,0.96667,2,normal,0.75,normal,normal,normal,No actionable deviation,100.0,0.92,82db91c146075f247a6c427e55275a5ff4e1c00e54f7f8c17d6d7006677633a5,12.3857
development,3,0.96667,2,normal,1.0,normal,normal,normal,No actionable deviation,100.0,0.92,82db91c146075f247a6c427e55275a5ff4e1c00e54f7f8c17d6d7006677633a5,11.9081
development,3,0.96667,2,friction,0.0,normal,normal,normal,No actionable deviation,100.0,0.92,82db91c146075f247a6c427e55275a5ff4e1c00e54f7f8c17d6d7006677633a5,11.8295
development,3,0.96667,2,friction,0.25,friction,normal,normal,No actionable deviation,96.0,0.92,af40640fee065779d1b10941451eff26fe1a069a257bd6cbc8ede82f960052ce,11.5128
development,3,0.96667,2,friction,0.5,friction,friction,diagnosed,Friction growth,91.8,0.7,2934459967494cd144560270b4c757189432e1f297673f4264b48b1109446b36,11.6271
development,3,0.96667,2,friction,0.75,friction,friction,diagnosed,Friction growth,87.3,0.73,5dd3bc6b99b946572f105c7afba74c8a0d6ba31fe3c5000ca86a1ba9a50562e5,11.8076
development,3,0.96667,2,friction,1.0,friction,friction,diagnosed,Friction growth,81.8,0.77,9193d957e41ba2f63e08f7795ecf1bf96b0d63661cbd001bd1517d14b765fe21,11.8851
development,3,0.96667,2,stiction,0.0,normal,normal,normal,No actionable deviation,100.0,0.92,82db91c146075f247a6c427e55275a5ff4e1c00e54f7f8c17d6d7006677633a5,11.6828
development,3,0.96667,2,stiction,0.25,stiction,stiction,diagnosed,Persistent localized stiction,38.2,0.92,6dec3dcd36b5f351e97f7186d29bf082f4af0e371420129b8a86ff71b4374fb8,11.8668
development,3,0.96667,2,stiction,0.5,stiction,stiction,diagnosed,Persistent localized stiction,33.2,0.92,edfcfc5188f807d7cadba90e2b601745a325e89173c101ff23cc263b8b24a25b,12.2151
development,3,0.96667,2,stiction,0.75,stiction,stiction,diagnosed,Persistent localized stiction,31.9,0.92,04b62911337628546e362c4cbe3e1d4c8802ae7c0bacb5cf77a69e1893cde520,12.0493
development,3,0.96667,2,stiction,1.0,stiction,stiction,diagnosed,Persistent localized stiction,31.0,0.92,ce6381092f6f7abd86247f0379fa3bafa14d61edc531054902cad430f88e5481,11.9863
development,3,0.96667,2,obstruction,0.0,normal,normal,normal,No actionable deviation,100.0,0.92,82db91c146075f247a6c427e55275a5ff4e1c00e54f7f8c17d6d7006677633a5,11.927
development,3,0.96667,2,obstruction,0.25,obstruction,obstruction,diagnosed,Travel obstruction or persistent stiction,68.8,0.83,fabbc43ba5927e93f84a02263243a7df0927d21ef4552b39b4c6086bf739a6a0,12.0205
development,3,0.96667,2,obstruction,0.5,obstruction,obstruction,diagnosed,Travel obstruction or persistent stiction,54.4,0.84,f3209e6775981c55d9bd4cc0a9d024bc4dfcbf18d078c7ea357adb75a0776883,12.0197
development,3,0.96667,2,obstruction,0.75,obstruction,obstruction,diagnosed,Travel obstruction or persistent stiction,41.4,0.92,542de4e18bc5f367a865223af887156fec652bd21987cdee5dbb3c66e70bcfc2,12.1611
development,3,0.96667,2,obstruction,1.0,obstruction,obstruction,diagnosed,Travel obstruction or persistent stiction,30.2,0.92,63984803cfeeaede5fe8d7ec7e9c57963fff487b37916a8adb735034c98224bb,12.1469
development,3,0.96667,2,actuator_degradation,0.0,normal,normal,normal,No actionable deviation,100.0,0.92,82db91c146075f247a6c427e55275a5ff4e1c00e54f7f8c17d6d7006677633a5,11.9713
development,3,0.96667,2,actuator_degradation,0.25,actuator_degradation,actuator_degradation,diagnosed,Actuator performance degradation,96.9,0.68,d6dd8fdb80fd732986afdd82c4b2de9397e55828cde3a2d6aba7486f71e9cbb3,12.1289
development,3,0.96667,2,actuator_degradation,0.5,actuator_degradation,actuator_degradation,diagnosed,Actuator performance degradation,91.9,0.76,996654e900d1b13283ac525ec02990f8a8780aed0fe4250c3e8a276ae77a45c0,12.1972
development,3,0.96667,2,actuator_degradation,0.75,actuator_degradation,actuator_degradation,diagnosed,Actuator performance degradation,75.2,0.81,b6acca26327c8597c6e84659834a2e6a1977029dded06821d608d81e6b811148,12.0425
development,3,0.96667,2,actuator_degradation,1.0,actuator_degradation,actuator_degradation,diagnosed,Actuator performance degradation,57.9,0.92,2ba3dbc7fc8c34896d92ddfc9468fae9cdac88440d609868e0c9db4746efbd6a,12.0731
development,3,0.96667,2,sensor_drift,0.0,normal,normal,normal,No actionable deviation,100.0,0.92,82db91c146075f247a6c427e55275a5ff4e1c00e54f7f8c17d6d7006677633a5,12.9109
development,3,0.96667,2,sensor_drift,0.25,sensor_drift,normal,normal,No actionable deviation,98.7,0.92,611f854118464447732493e3708b1202117d53b81b1c42ea9106e4a7dec5c9d7,11.993
development,3,0.96667,2,sensor_drift,0.5,sensor_drift,sensor_drift,diagnosed,Position sensor drift / process inconsistency,97.4,0.64,ed485f76c1838166e377fa60d200641244ef108457078d8d9bac4eca712ff598,12.2002
development,3,0.96667,2,sensor_drift,0.75,sensor_drift,sensor_drift,diagnosed,Position sensor drift / process inconsistency,96.1,0.66,3a3578f5638456e1a500c7428ad50150bfbf6eb5e277afe23b4e83c42990e6ae,12.2598
development,3,0.96667,2,sensor_drift,1.0,sensor_drift,sensor_drift,diagnosed,Position sensor drift / process inconsistency,95.0,0.67,c3ebccf2b34a141fa95e781a9ca86e3b344eb6623b83885ea4d56891fcf91d54,11.8091
development,3,0.96667,3,normal,0.0,normal,normal,normal,No actionable deviation,100.0,0.92,8e11b1ead0e93486b7205b622ce7832610743c83b63189e328826110967416ce,11.7651
development,3,0.96667,3,normal,0.25,normal,normal,normal,No actionable deviation,100.0,0.92,8e11b1ead0e93486b7205b622ce7832610743c83b63189e328826110967416ce,11.751
development,3,0.96667,3,normal,0.5,normal,normal,normal,No actionable deviation,100.0,0.92,8e11b1ead0e93486b7205b622ce7832610743c83b63189e328826110967416ce,11.5416
development,3,0.96667,3,normal,0.75,normal,normal,normal,No actionable deviation,100.0,0.92,8e11b1ead0e93486b7205b622ce7832610743c83b63189e328826110967416ce,11.7752
development,3,0.96667,3,normal,1.0,normal,normal,normal,No actionable deviation,100.0,0.92,8e11b1ead0e93486b7205b622ce7832610743c83b63189e328826110967416ce,13.1454
development,3,0.96667,3,friction,0.0,normal,normal,normal,No actionable deviation,100.0,0.92,8e11b1ead0e93486b7205b622ce7832610743c83b63189e328826110967416ce,11.8471
development,3,0.96667,3,friction,0.25,friction,normal,normal,No actionable deviation,95.8,0.92,ee5c999d004a6059af5e64587839d404ae1ef07f3e5326b98aeecb7939acf627,13.5792
development,3,0.96667,3,friction,0.5,friction,friction,diagnosed,Friction growth,91.7,0.7,b2c42221112a3cb9db9953a8c1f80c298c4167423807f8f5496a6babe8703054,11.7111
development,3,0.96667,3,friction,0.75,friction,friction,diagnosed,Friction growth,86.9,0.74,527a7dada727ea43fa0e40d34fef56d93d35c436dab9178eeaf72170b1308f71,11.6615
development,3,0.96667,3,friction,1.0,friction,friction,diagnosed,Friction growth,81.1,0.78,8ffaeb8aa847d7219f20df7636ee111b144862a506e4fefb936c687e03ad206c,11.7729
development,3,0.96667,3,stiction,0.0,normal,normal,normal,No actionable deviation,100.0,0.92,8e11b1ead0e93486b7205b622ce7832610743c83b63189e328826110967416ce,11.5662
development,3,0.96667,3,stiction,0.25,stiction,stiction,diagnosed,Persistent localized stiction,38.1,0.92,6705efb26cd5c906402103f353afa8d6b1a4c717410d189000d8efa49473044d,11.7196
development,3,0.96667,3,stiction,0.5,stiction,stiction,diagnosed,Persistent localized stiction,33.0,0.92,8573819d8f4178e7fa0dabfc259050344140c836cd494cea56e0bba49348362d,12.7455
development,3,0.96667,3,stiction,0.75,stiction,stiction,diagnosed,Persistent localized stiction,31.7,0.92,67fec4b57ed4941150e24ac35bb2b03fbcd9d605ae0870cb84cd57d2e16e7580,13.4579
development,3,0.96667,3,stiction,1.0,stiction,stiction,diagnosed,Persistent localized stiction,30.9,0.92,98d92347cb2c7837cc6e8763c9dcf08ebdae1ac33c095d4b39b582addb685c5b,13.3457
development,3,0.96667,3,obstruction,0.0,normal,normal,normal,No actionable deviation,100.0,0.92,8e11b1ead0e93486b7205b622ce7832610743c83b63189e328826110967416ce,12.3122
development,3,0.96667,3,obstruction,0.25,obstruction,obstruction,diagnosed,Travel obstruction or persistent stiction,68.8,0.83,e8d10acfdd2b79b0cf67f545615ce8298f6486e8d4271b740e731358daa85e4e,11.6691
development,3,0.96667,3,obstruction,0.5,obstruction,obstruction,diagnosed,Travel obstruction or persistent stiction,52.6,0.84,81df0a1f430de1f59079427e8e9c22409a0f04701855186b42c2dd8b08d309f8,11.7567
development,3,0.96667,3,obstruction,0.75,obstruction,obstruction,diagnosed,Travel obstruction or persistent stiction,39.9,0.92,67998644d1b7a7190159905da8016c4095d5327489c6cb22ab2f9c0bd153fe1d,11.6357
development,3,0.96667,3,obstruction,1.0,obstruction,obstruction,diagnosed,Travel obstruction or persistent stiction,30.1,0.92,9571ac781ceac3413df1125d85cde878ab9852524e4695ed339c63c2e6b505d3,11.5695
development,3,0.96667,3,actuator_degradation,0.0,normal,normal,normal,No actionable deviation,100.0,0.92,8e11b1ead0e93486b7205b622ce7832610743c83b63189e328826110967416ce,11.6633
development,3,0.96667,3,actuator_degradation,0.25,actuator_degradation,actuator_degradation,diagnosed,Actuator performance degradation,96.6,0.68,b12d19796e686b6a80b8d8480f7c09114bcaee81714781b64dbc6d9d9afc5995,11.7792
development,3,0.96667,3,actuator_degradation,0.5,actuator_degradation,actuator_degradation,diagnosed,Actuator performance degradation,91.8,0.76,3c5e37f79a9c570386a8b3af7cc330028118ffff59a274ccf6bdd24eaa1b8e56,11.6338
development,3,0.96667,3,actuator_degradation,0.75,actuator_degradation,actuator_degradation,diagnosed,Actuator performance degradation,74.9,0.82,6bc793b7100ed3df306a6255015ce222324f70cf0c1fdaf91ffbfbf22431e604,11.6922
development,3,0.96667,3,actuator_degradation,1.0,actuator_degradation,actuator_degradation,diagnosed,Actuator performance degradation,57.6,0.92,255b187177e5c9a3b1a16e61535a6468ae9aeae24b136f43f05b4255b20b1b81,11.7896
development,3,0.96667,3,sensor_drift,0.0,normal,normal,normal,No actionable deviation,100.0,0.92,8e11b1ead0e93486b7205b622ce7832610743c83b63189e328826110967416ce,12.1344
development,3,0.96667,3,sensor_drift,0.25,sensor_drift,normal,normal,No actionable deviation,98.6,0.92,d7b93b301c2b36dea195217652b8bbfbfd224776115ff6d161537f63831b3492,11.6087
development,3,0.96667,3,sensor_drift,0.5,sensor_drift,sensor_drift,diagnosed,Position sensor drift / process inconsistency,97.3,0.64,b8029bba0a1d16b8380f0c0e2aa83a55748ec8488b7e68b101940e4d74cf5772,11.7561
development,3,0.96667,3,sensor_drift,0.75,sensor_drift,sensor_drift,diagnosed,Position sensor drift / process inconsistency,96.2,0.66,c67e0ab79b7ac3c373f5d4fdaeb506949dc2bb0e24462bf617e23b5538b79f56,11.9559
development,3,0.96667,3,sensor_drift,1.0,sensor_drift,sensor_drift,diagnosed,Position sensor drift / process inconsistency,95.2,0.67,3e7e9700cc42a3c37f1e6c838fe1b403d71a6c3bf5508f07b766e544a53ed552,11.7139
development,3,0.96667,4,normal,0.0,normal,normal,normal,No actionable deviation,100.0,0.92,e6847a75bbcff22ce9b9b3560bb063a5468bd55c493606391fb62eb1a610042c,13.6187
development,3,0.96667,4,normal,0.25,normal,normal,normal,No actionable deviation,100.0,0.92,e6847a75bbcff22ce9b9b3560bb063a5468bd55c493606391fb62eb1a610042c,11.6095
development,3,0.96667,4,normal,0.5,normal,normal,normal,No actionable deviation,100.0,0.92,e6847a75bbcff22ce9b9b3560bb063a5468bd55c493606391fb62eb1a610042c,11.9163
development,3,0.96667,4,normal,0.75,normal,normal,normal,No actionable deviation,100.0,0.92,e6847a75bbcff22ce9b9b3560bb063a5468bd55c493606391fb62eb1a610042c,12.4746
development,3,0.96667,4,normal,1.0,normal,normal,normal,No actionable deviation,100.0,0.92,e6847a75bbcff22ce9b9b3560bb063a5468bd55c493606391fb62eb1a610042c,11.7428
development,3,0.96667,4,friction,0.0,normal,normal,normal,No actionable deviation,100.0,0.92,e6847a75bbcff22ce9b9b3560bb063a5468bd55c493606391fb62eb1a610042c,11.7508
development,3,0.96667,4,friction,0.25,friction,normal,normal,No actionable deviation,96.0,0.92,1fb78f58dc1899018690b0b6a2aa96d4f46fd4f0fe38af7598b63140dfb124bd,11.9211
development,3,0.96667,4,friction,0.5,friction,friction,diagnosed,Friction growth,91.8,0.7,0d0a43da23a53b2b9e56f46e294d137a6a2ca0e45069dae908370b139bb3f9d6,11.8357
development,3,0.96667,4,friction,0.75,friction,friction,diagnosed,Friction growth,87.3,0.73,3518232982dc882c7395db5bb2c95ab5d6696b3533aae07c12e5e5570015d157,12.0283
development,3,0.96667,4,friction,1.0,friction,friction,diagnosed,Friction growth,81.7,0.77,66b5be6d00b551bcc2bd3cdc934ec6d48b813ccdb5004ed3812c027e099876ce,11.7308
development,3,0.96667,4,stiction,0.0,normal,normal,normal,No actionable deviation,100.0,0.92,e6847a75bbcff22ce9b9b3560bb063a5468bd55c493606391fb62eb1a610042c,13.5187
development,3,0.96667,4,stiction,0.25,stiction,stiction,diagnosed,Persistent localized stiction,38.3,0.92,bc4fae21c8a781cd8629dbd90447c4b75d51d19a16537343210a21a93fdc1bca,14.6275
development,3,0.96667,4,stiction,0.5,stiction,stiction,diagnosed,Persistent localized stiction,33.2,0.92,3ee2df0b9c8c5c621fd17987c83701d60b6321c5af9c19308abc6aab1b43dac0,12.4261
development,3,0.96667,4,stiction,0.75,stiction,stiction,diagnosed,Persistent localized stiction,31.9,0.92,bb0b679e10a264b6b3b675ba3b79808d07946ad6b8b845e90f2771f58d12df09,12.0533
development,3,0.96667,4,stiction,1.0,stiction,stiction,diagnosed,Persistent localized stiction,31.0,0.92,dffb507320cc897631d535b063252af729b6e8c9780c1003b01b3a02a1a68f6c,12.1604
development,3,0.96667,4,obstruction,0.0,normal,normal,normal,No actionable deviation,100.0,0.92,e6847a75bbcff22ce9b9b3560bb063a5468bd55c493606391fb62eb1a610042c,11.9697
development,3,0.96667,4,obstruction,0.25,obstruction,obstruction,diagnosed,Travel obstruction or persistent stiction,69.0,0.83,f6f2a3520b005f16461c296429c063636d7f990650f56f8bdd11f35895425ab2,12.1535
development,3,0.96667,4,obstruction,0.5,obstruction,obstruction,diagnosed,Travel obstruction or persistent stiction,54.1,0.84,6711428b1f825229d546d8498a56766a15939c255123d76f427f7b5e7692d905,12.2901
development,3,0.96667,4,obstruction,0.75,obstruction,obstruction,diagnosed,Travel obstruction or persistent stiction,39.9,0.92,6f0ee0dfb0878ba8c6f273b716475009889aab04d4748ded7754b263858902ec,12.1267
development,3,0.96667,4,obstruction,1.0,obstruction,obstruction,diagnosed,Travel obstruction or persistent stiction,30.3,0.92,1ee57e118fe8a296cf613ea962fef3e92e2e0a527bae20843979a390fa77e280,12.2182
development,3,0.96667,4,actuator_degradation,0.0,normal,normal,normal,No actionable deviation,100.0,0.92,e6847a75bbcff22ce9b9b3560bb063a5468bd55c493606391fb62eb1a610042c,12.6704
development,3,0.96667,4,actuator_degradation,0.25,actuator_degradation,actuator_degradation,diagnosed,Actuator performance degradation,96.9,0.68,ae5c710e7648264e286e7b0069cd716ac08ca9108938aab6b6cea31b85005fca,12.0297
development,3,0.96667,4,actuator_degradation,0.5,actuator_degradation,actuator_degradation,diagnosed,Actuator performance degradation,92.0,0.75,9812343b2c8fd70f1879b4fefb3c26b86eddd2514334bd84dc6ceb0b4d269875,11.9354
development,3,0.96667,4,actuator_degradation,0.75,actuator_degradation,actuator_degradation,diagnosed,Actuator performance degradation,75.1,0.81,0c4db2ba7f0462d35d98c8480108cce049bc637c242adf004fcc6220b4c9399d,11.9557
development,3,0.96667,4,actuator_degradation,1.0,actuator_degradation,actuator_degradation,diagnosed,Actuator performance degradation,58.0,0.92,4c812bb2885808f3b3dd6b02f0771f63cad1075a23dc445da74fa973a555ddfd,12.1815
development,3,0.96667,4,sensor_drift,0.0,normal,normal,normal,No actionable deviation,100.0,0.92,e6847a75bbcff22ce9b9b3560bb063a5468bd55c493606391fb62eb1a610042c,11.6615
development,3,0.96667,4,sensor_drift,0.25,sensor_drift,normal,normal,No actionable deviation,98.6,0.92,526b807d2afd31ed8367de12238009c6fc3a3c6481663c2aa0dc4aadec988d10,11.7066
development,3,0.96667,4,sensor_drift,0.5,sensor_drift,sensor_drift,diagnosed,Position sensor drift / process inconsistency,97.5,0.64,6074832ce541a172e4f59c194714ff9b92ddbc650528c22ee87b2a6560aee3ca,11.6729
development,3,0.96667,4,sensor_drift,0.75,sensor_drift,sensor_drift,diagnosed,Position sensor drift / process inconsistency,96.1,0.66,1ca8c1153b95118163e18916f30a87244e63a51c3750dfd3d699cab409b18c99,11.8928
development,3,0.96667,4,sensor_drift,1.0,sensor_drift,sensor_drift,diagnosed,Position sensor drift / process inconsistency,95.1,0.67,4f8c198f003ad17a307156de56853aadc650244910ba3e67240fb2456cbab2fc,11.7889
development,3,0.96667,5,normal,0.0,normal,normal,normal,No actionable deviation,100.0,0.92,6c91ad2d604fc6130fddf4189f80761d7e3895bb19d91442684517fcd2e3bdf6,12.1324
development,3,0.96667,5,normal,0.25,normal,normal,normal,No actionable deviation,100.0,0.92,6c91ad2d604fc6130fddf4189f80761d7e3895bb19d91442684517fcd2e3bdf6,11.8835
development,3,0.96667,5,normal,0.5,normal,normal,normal,No actionable deviation,100.0,0.92,6c91ad2d604fc6130fddf4189f80761d7e3895bb19d91442684517fcd2e3bdf6,14.1108
development,3,0.96667,5,normal,0.75,normal,normal,normal,No actionable deviation,100.0,0.92,6c91ad2d604fc6130fddf4189f80761d7e3895bb19d91442684517fcd2e3bdf6,15.3057
development,3,0.96667,5,normal,1.0,normal,normal,normal,No actionable deviation,100.0,0.92,6c91ad2d604fc6130fddf4189f80761d7e3895bb19d91442684517fcd2e3bdf6,13.2469
development,3,0.96667,5,friction,0.0,normal,normal,normal,No actionable deviation,100.0,0.92,6c91ad2d604fc6130fddf4189f80761d7e3895bb19d91442684517fcd2e3bdf6,12.7105
development,3,0.96667,5,friction,0.25,friction,normal,normal,No actionable deviation,95.7,0.92,1a11d8485665078ff8f4112cb646a61397dc76ed6c42699db41fd9f37718cd6d,12.3116
development,3,0.96667,5,friction,0.5,friction,friction,diagnosed,Friction growth,91.6,0.7,ef737da76751548540d88af19d83bcaf1759d1f31117eca724c543d013cb63d5,11.5511
development,3,0.96667,5,friction,0.75,friction,friction,diagnosed,Friction growth,86.8,0.74,8f5296ff6bae44f8e9d90b206e6bb26289e4d3089b48b98869d047e9ea24bac8,12.0714
development,3,0.96667,5,friction,1.0,friction,friction,diagnosed,Friction growth,81.2,0.77,69c8943e2b264a387f83440e16ae1fe8471956c40d945b6c311f6b9dd422c78d,12.1559
development,3,0.96667,5,stiction,0.0,normal,normal,normal,No actionable deviation,100.0,0.92,6c91ad2d604fc6130fddf4189f80761d7e3895bb19d91442684517fcd2e3bdf6,13.6572
development,3,0.96667,5,stiction,0.25,stiction,stiction,diagnosed,Persistent localized stiction,38.2,0.92,7442ab0721cb91b0602dfd2468a38ba04c5bbff4ce810675cdb45036a2c2699e,11.7309
development,3,0.96667,5,stiction,0.5,stiction,stiction,diagnosed,Persistent localized stiction,33.1,0.92,161064aed514632569ea1398ee70ec78f00f945d455079c53b1c472589625bd1,11.8149
development,3,0.96667,5,stiction,0.75,stiction,stiction,diagnosed,Persistent localized stiction,31.7,0.92,7dacd2cfcf6b846ffc56632c437fee21139cd4e16c0c6c5b27ba457d266ea1a7,12.2503
development,3,0.96667,5,stiction,1.0,stiction,stiction,diagnosed,Persistent localized stiction,30.9,0.92,bf874a18ea49790ca543b3d5ad4b92e1cdb92f7f67313e27ef3732038ec41801,12.0048
development,3,0.96667,5,obstruction,0.0,normal,normal,normal,No actionable deviation,100.0,0.92,6c91ad2d604fc6130fddf4189f80761d7e3895bb19d91442684517fcd2e3bdf6,13.0642
development,3,0.96667,5,obstruction,0.25,obstruction,obstruction,diagnosed,Travel obstruction or persistent stiction,68.9,0.83,805128491139813801185187b7c313147377d6e99b96a55d058bb24f0d7c9407,11.801
development,3,0.96667,5,obstruction,0.5,obstruction,obstruction,diagnosed,Travel obstruction or persistent stiction,53.5,0.84,407cdfba85950f3545d0c44ef0d2beb4a37e01fcb70477e5f3d71888871c3747,11.6829
development,3,0.96667,5,obstruction,0.75,obstruction,obstruction,diagnosed,Travel obstruction or persistent stiction,40.8,0.92,7fa9522961fac96cc39938a16a6a2baba7d059c5fc9b7c2c44a37bd242526750,11.5982
development,3,0.96667,5,obstruction,1.0,obstruction,obstruction,diagnosed,Travel obstruction or persistent stiction,30.1,0.92,dee3aa9201d614e82c9ebf0da239f6848fcea5cf9e5f5978ab0ecdfaecf80ec3,11.7015
development,3,0.96667,5,actuator_degradation,0.0,normal,normal,normal,No actionable deviation,100.0,0.92,6c91ad2d604fc6130fddf4189f80761d7e3895bb19d91442684517fcd2e3bdf6,11.7132
development,3,0.96667,5,actuator_degradation,0.25,actuator_degradation,actuator_degradation,diagnosed,Actuator performance degradation,96.6,0.68,e46710296b8b485848fb36fa982a0943dc4ea1285d2c8ae60579ad04aded5cf2,11.6183
development,3,0.96667,5,actuator_degradation,0.5,actuator_degradation,actuator_degradation,diagnosed,Actuator performance degradation,91.6,0.76,7f99281ad3b08d71b4a8d654c2c343976f083ab5bf82e11924d0bbf23ba0f892,11.8021
development,3,0.96667,5,actuator_degradation,0.75,actuator_degradation,actuator_degradation,diagnosed,Actuator performance degradation,74.9,0.82,f8a087a8ef5afe8927ac05da1b80fd7bd4bf23f1c96535ab5921e13b59b17ee3,11.8499
development,3,0.96667,5,actuator_degradation,1.0,actuator_degradation,actuator_degradation,diagnosed,Actuator performance degradation,57.6,0.92,9fbe50d2a04eae9ad98458122250d730144ce2b59fc5249b81356efce6b95a5c,11.771
development,3,0.96667,5,sensor_drift,0.0,normal,normal,normal,No actionable deviation,100.0,0.92,6c91ad2d604fc6130fddf4189f80761d7e3895bb19d91442684517fcd2e3bdf6,11.6373
development,3,0.96667,5,sensor_drift,0.25,sensor_drift,normal,normal,No actionable deviation,98.4,0.92,31e7cb07a4f9d7fecab3c05c2831871f6971dbf3d380f901907c7fc0602f7db7,11.6425
development,3,0.96667,5,sensor_drift,0.5,sensor_drift,sensor_drift,diagnosed,Position sensor drift / process inconsistency,97.3,0.64,698c93acbe946a0ff399c5b74e2912dca28ba2720f1d681d975369afa469ac29,11.6911
development,3,0.96667,5,sensor_drift,0.75,sensor_drift,sensor_drift,diagnosed,Position sensor drift / process inconsistency,96.1,0.66,6996564141720d44633e129371d9c8490505f65d5c2f143433c6246e0469b3eb,11.7559
development,3,0.96667,5,sensor_drift,1.0,sensor_drift,sensor_drift,diagnosed,Position sensor drift / process inconsistency,94.9,0.67,f7b966f5fd2db135507b40569d97d4fcd869ebe24276a8717e0ea85ea0ab2ad7,11.7511
development,3,0.96667,6,normal,0.0,normal,normal,normal,No actionable deviation,100.0,0.92,6fa034c19b85c6705eb53ae4c8924125c22da42d5382080986f6694bcf7e97b0,12.5951
development,3,0.96667,6,normal,0.25,normal,normal,normal,No actionable deviation,100.0,0.92,6fa034c19b85c6705eb53ae4c8924125c22da42d5382080986f6694bcf7e97b0,13.4305
development,3,0.96667,6,normal,0.5,normal,normal,normal,No actionable deviation,100.0,0.92,6fa034c19b85c6705eb53ae4c8924125c22da42d5382080986f6694bcf7e97b0,14.3023
development,3,0.96667,6,normal,0.75,normal,normal,normal,No actionable deviation,100.0,0.92,6fa034c19b85c6705eb53ae4c8924125c22da42d5382080986f6694bcf7e97b0,11.8418
development,3,0.96667,6,normal,1.0,normal,normal,normal,No actionable deviation,100.0,0.92,6fa034c19b85c6705eb53ae4c8924125c22da42d5382080986f6694bcf7e97b0,11.9292
development,3,0.96667,6,friction,0.0,normal,normal,normal,No actionable deviation,100.0,0.92,6fa034c19b85c6705eb53ae4c8924125c22da42d5382080986f6694bcf7e97b0,11.7568
development,3,0.96667,6,friction,0.25,friction,normal,normal,No actionable deviation,95.8,0.92,f3dfb4daf0467c721357a3412f0dfc47852419efe6ba1bfe0a617c149d85a285,11.978
development,3,0.96667,6,friction,0.5,friction,friction,diagnosed,Friction growth,91.6,0.7,85b55282d6b096e1b2e7f23bfc6dd138f083aed83df4c25c9f6129807452f727,11.5434
development,3,0.96667,6,friction,0.75,friction,friction,diagnosed,Friction growth,87.0,0.74,780bc3751855fa6fca0757b0fa3b298d83b00f2fc7d78e2b7e4825dd5b140368,11.9236
development,3,0.96667,6,friction,1.0,friction,friction,diagnosed,Friction growth,81.4,0.77,4ccaee89af4792e26d0c06204565099a8167e154e0af6c4fd5586e7bc57fe40f,11.8314
development,3,0.96667,6,stiction,0.0,normal,normal,normal,No actionable deviation,100.0,0.92,6fa034c19b85c6705eb53ae4c8924125c22da42d5382080986f6694bcf7e97b0,11.8247
development,3,0.96667,6,stiction,0.25,stiction,stiction,diagnosed,Persistent localized stiction,38.2,0.92,8fbe75dfeac94aaa1642663d5f3ee1617633c94b2b01783863db2fec918bd1e8,11.9693
development,3,0.96667,6,stiction,0.5,stiction,stiction,diagnosed,Persistent localized stiction,33.1,0.92,2b48535d9789f7d15843b68de231e4f8730ea0cc8f1f05fbd3c61aa4a2246c4b,13.0842
development,3,0.96667,6,stiction,0.75,stiction,stiction,diagnosed,Persistent localized stiction,31.7,0.92,56698c9f704a2a9e17b747e67209ae5d31a2a2f34bee691da2bd1e7f1a3044bf,11.7262
development,3,0.96667,6,stiction,1.0,stiction,stiction,diagnosed,Persistent localized stiction,30.9,0.92,47b9554734c60430d82b31d45273ed9f80aefec2dd9d745af66bb8f4904912f3,12.1173
development,3,0.96667,6,obstruction,0.0,normal,normal,normal,No actionable deviation,100.0,0.92,6fa034c19b85c6705eb53ae4c8924125c22da42d5382080986f6694bcf7e97b0,12.2752
development,3,0.96667,6,obstruction,0.25,obstruction,obstruction,diagnosed,Travel obstruction or persistent stiction,69.2,0.83,aca1ec37bf7b2154cf19b165959e941858385479b9c64a0f4a985fd20ad9d316,12.0184
development,3,0.96667,6,obstruction,0.5,obstruction,obstruction,diagnosed,Travel obstruction or persistent stiction,53.4,0.84,532a6291b4ff1a7ac34e9f6f353d4607b15110e67583112a3ad56cd30de1c09f,11.9975
development,3,0.96667,6,obstruction,0.75,obstruction,obstruction,diagnosed,Travel obstruction or persistent stiction,40.2,0.92,c0cd0b6fffbbb4cfb2dc2dcc2fc26043e8e51832d9c67681b44b77fc2c3d2b02,12.4441
development,3,0.96667,6,obstruction,1.0,obstruction,obstruction,diagnosed,Travel obstruction or persistent stiction,30.2,0.92,69fc2701ba6d3767b820632437f008a680dbe5d115fbf2cb55d5e9db9d672c0f,12.1266
development,3,0.96667,6,actuator_degradation,0.0,normal,normal,normal,No actionable deviation,100.0,0.92,6fa034c19b85c6705eb53ae4c8924125c22da42d5382080986f6694bcf7e97b0,12.4738
development,3,0.96667,6,actuator_degradation,0.25,actuator_degradation,actuator_degradation,diagnosed,Actuator performance degradation,96.6,0.68,0c8eac075c86a41d09af3d05cc9cf7b7eb158406205e5941a83ea968ba45dd2a,12.1659
development,3,0.96667,6,actuator_degradation,0.5,actuator_degradation,actuator_degradation,diagnosed,Actuator performance degradation,91.9,0.76,bd1e16af05ce951684a21756d7bbaf8a7d1994fb40822673390ba742a2a29dae,12.1869
development,3,0.96667,6,actuator_degradation,0.75,actuator_degradation,actuator_degradation,diagnosed,Actuator performance degradation,74.9,0.82,6bc32a7204eac1b09ef3eae59fca83f11e511886994dd7ec3243d1a17af5b2a2,12.172
development,3,0.96667,6,actuator_degradation,1.0,actuator_degradation,actuator_degradation,diagnosed,Actuator performance degradation,57.6,0.92,272205254f617c2ad34024ccc5ac8b0a7ddb9ce91793b2f2e64347c52bfdb948,12.068
development,3,0.96667,6,sensor_drift,0.0,normal,normal,normal,No actionable deviation,100.0,0.92,6fa034c19b85c6705eb53ae4c8924125c22da42d5382080986f6694bcf7e97b0,11.8923
development,3,0.96667,6,sensor_drift,0.25,sensor_drift,normal,normal,No actionable deviation,98.7,0.92,975051e7b95d7fd83e0c2e171003ff49a2942cf90f1b647883ad79a3c36fb2f6,12.0724
development,3,0.96667,6,sensor_drift,0.5,sensor_drift,sensor_drift,diagnosed,Position sensor drift / process inconsistency,97.4,0.64,49beeed3b53f76502abba92d72df1175865782b3a2fc8c45368cbb6152c71abe,11.6626
development,3,0.96667,6,sensor_drift,0.75,sensor_drift,sensor_drift,diagnosed,Position sensor drift / process inconsistency,96.3,0.66,058786381529eae600f04177a3d494818b875e7cca95898e96cae626393ab5c5,11.712
development,3,0.96667,6,sensor_drift,1.0,sensor_drift,sensor_drift,diagnosed,Position sensor drift / process inconsistency,95.2,0.67,dae6e95e57eeaaa726a08f5173cbec5e121a720a717b8c789cdfde4ee8c87f39,12.0636
development,3,0.96667,7,normal,0.0,normal,normal,normal,No actionable deviation,100.0,0.92,e2a439f6f839043d1ed368d0974a7e8ea89801a8dd46ee9c90a53fa59a5736e2,11.9906
development,3,0.96667,7,normal,0.25,normal,normal,normal,No actionable deviation,100.0,0.92,e2a439f6f839043d1ed368d0974a7e8ea89801a8dd46ee9c90a53fa59a5736e2,11.8578
development,3,0.96667,7,normal,0.5,normal,normal,normal,No actionable deviation,100.0,0.92,e2a439f6f839043d1ed368d0974a7e8ea89801a8dd46ee9c90a53fa59a5736e2,12.3936
development,3,0.96667,7,normal,0.75,normal,normal,normal,No actionable deviation,100.0,0.92,e2a439f6f839043d1ed368d0974a7e8ea89801a8dd46ee9c90a53fa59a5736e2,11.6685
development,3,0.96667,7,normal,1.0,normal,normal,normal,No actionable deviation,100.0,0.92,e2a439f6f839043d1ed368d0974a7e8ea89801a8dd46ee9c90a53fa59a5736e2,11.6748
development,3,0.96667,7,friction,0.0,normal,normal,normal,No actionable deviation,100.0,0.92,e2a439f6f839043d1ed368d0974a7e8ea89801a8dd46ee9c90a53fa59a5736e2,11.5634
development,3,0.96667,7,friction,0.25,friction,normal,normal,No actionable deviation,96.1,0.92,7631337ab74358c4ec136a1f44af96e31235890229b9cdd37852746a8c3eb0da,11.9836
development,3,0.96667,7,friction,0.5,friction,friction,diagnosed,Friction growth,92.0,0.69,286633a96a1980c75c07825f1660669d63adfdcfe2b7430bf38b6ce7f79bd810,11.6004
development,3,0.96667,7,friction,0.75,friction,friction,diagnosed,Friction growth,87.3,0.73,ef15e36b8ced422ab3a0db1ea2b5ca2ad7c630997bd6b0ea0f7cee39d88b0bcc,11.7381
development,3,0.96667,7,friction,1.0,friction,friction,diagnosed,Friction growth,81.6,0.77,41c87857cdbfdc59cdee5ec7864869bc844ee909580d3b309b251bb93c996f0f,11.7511
development,3,0.96667,7,stiction,0.0,normal,normal,normal,No actionable deviation,100.0,0.92,e2a439f6f839043d1ed368d0974a7e8ea89801a8dd46ee9c90a53fa59a5736e2,11.7587
development,3,0.96667,7,stiction,0.25,stiction,stiction,diagnosed,Persistent localized stiction,38.4,0.92,937cee66eb9feadbb80536ee1e7efda916141bc98e368f7968e7cccc698cf026,12.0965
development,3,0.96667,7,stiction,0.5,stiction,stiction,diagnosed,Persistent localized stiction,33.2,0.92,318a03c5e053d544769a1c1048c144fde7ddef6e5ac417e7727a73fede09b9bc,12.0947
development,3,0.96667,7,stiction,0.75,stiction,stiction,diagnosed,Persistent localized stiction,31.8,0.92,8f90f1b9ebaf5af9f22c1fa71decf9dfe6721c55d78b13e86e1bd19bf590f312,12.1045
development,3,0.96667,7,stiction,1.0,stiction,stiction,diagnosed,Persistent localized stiction,31.0,0.92,8d32a4d3d62fc4242209330da3a6dba22b7b3c1e3334435297012341361d2e3f,12.0925
development,3,0.96667,7,obstruction,0.0,normal,normal,normal,No actionable deviation,100.0,0.92,e2a439f6f839043d1ed368d0974a7e8ea89801a8dd46ee9c90a53fa59a5736e2,13.0958
development,3,0.96667,7,obstruction,0.25,obstruction,obstruction,diagnosed,Travel obstruction or persistent stiction,68.3,0.83,5ab0676f4d61a4a960819554b936a96431a23e0f6ec64a5bf24bdf398c6b6d0f,11.8079
development,3,0.96667,7,obstruction,0.5,obstruction,obstruction,diagnosed,Travel obstruction or persistent stiction,53.4,0.84,50780c2ae357230e0f3c886f2276b4782241bc72261d167075006b9b79708778,11.7122
development,3,0.96667,7,obstruction,0.75,obstruction,obstruction,diagnosed,Travel obstruction or persistent stiction,39.9,0.92,ba5d0627bb3c2e1ac3b870554526018cd6683c8d6102f2c3c89448fc3b47a3ea,11.7551
development,3,0.96667,7,obstruction,1.0,obstruction,obstruction,diagnosed,Travel obstruction or persistent stiction,30.3,0.92,064398bf1a26b0dacd7255c93ec8325e9b8fac28b44d64333fe20758255fcb71,11.8702
development,3,0.96667,7,actuator_degradation,0.0,normal,normal,normal,No actionable deviation,100.0,0.92,e2a439f6f839043d1ed368d0974a7e8ea89801a8dd46ee9c90a53fa59a5736e2,11.7423
development,3,0.96667,7,actuator_degradation,0.25,actuator_degradation,actuator_degradation,diagnosed,Actuator performance degradation,96.9,0.68,fccae69da873533624a3897b3ab2ca7cd183d5bcd856056002d803345d4ceb69,11.7646
development,3,0.96667,7,actuator_degradation,0.5,actuator_degradation,actuator_degradation,diagnosed,Actuator performance degradation,92.2,0.75,dcbd67ecb410977805343a881a503b0fa2b735ba37d23695cdde673787734eac,11.6749
development,3,0.96667,7,actuator_degradation,0.75,actuator_degradation,actuator_degradation,diagnosed,Actuator performance degradation,75.4,0.81,ce6a240fadcba56d3961f76e0191c80dab8dc33bc21028575170d58fadbd9210,11.9962
development,3,0.96667,7,actuator_degradation,1.0,actuator_degradation,actuator_degradation,diagnosed,Actuator performance degradation,57.9,0.92,efd79cb2ba995dd2ac22538325e94ba3905dbeda2402e27d93c1f34502b12a6c,11.8888
development,3,0.96667,7,sensor_drift,0.0,normal,normal,normal,No actionable deviation,100.0,0.92,e2a439f6f839043d1ed368d0974a7e8ea89801a8dd46ee9c90a53fa59a5736e2,12.4128
development,3,0.96667,7,sensor_drift,0.25,sensor_drift,normal,normal,No actionable deviation,98.6,0.92,4c84cd8efdfb7bb9feeb43693ccde3f168d801b571713581e352d85049092b47,12.7086
development,3,0.96667,7,sensor_drift,0.5,sensor_drift,sensor_drift,diagnosed,Position sensor drift / process inconsistency,97.4,0.64,64c3149036df478f1c952382d79f6105ed51df92474462a5edc5a4138c155313,11.9072
development,3,0.96667,7,sensor_drift,0.75,sensor_drift,sensor_drift,diagnosed,Position sensor drift / process inconsistency,96.1,0.66,06ac3282671e9fca98c699c11b675f0781f65d60c51745eae7e2f90450844f77,11.6431
development,3,0.96667,7,sensor_drift,1.0,sensor_drift,sensor_drift,diagnosed,Position sensor drift / process inconsistency,95.0,0.67,d129e0d22eb1823ae2cc90c777209130b6541ae3d2d4764b7215dfc22e502a5e,11.8178
development,3,0.96667,8,normal,0.0,normal,normal,normal,No actionable deviation,100.0,0.92,2b85669ca371d37a56acc891be032edaa61537c1bb6eedf47e0d9364ce6ca27f,11.8709
development,3,0.96667,8,normal,0.25,normal,normal,normal,No actionable deviation,100.0,0.92,2b85669ca371d37a56acc891be032edaa61537c1bb6eedf47e0d9364ce6ca27f,11.5763
development,3,0.96667,8,normal,0.5,normal,normal,normal,No actionable deviation,100.0,0.92,2b85669ca371d37a56acc891be032edaa61537c1bb6eedf47e0d9364ce6ca27f,11.8829
development,3,0.96667,8,normal,0.75,normal,normal,normal,No actionable deviation,100.0,0.92,2b85669ca371d37a56acc891be032edaa61537c1bb6eedf47e0d9364ce6ca27f,11.6739
development,3,0.96667,8,normal,1.0,normal,normal,normal,No actionable deviation,100.0,0.92,2b85669ca371d37a56acc891be032edaa61537c1bb6eedf47e0d9364ce6ca27f,12.0107
development,3,0.96667,8,friction,0.0,normal,normal,normal,No actionable deviation,100.0,0.92,2b85669ca371d37a56acc891be032edaa61537c1bb6eedf47e0d9364ce6ca27f,13.7073
development,3,0.96667,8,friction,0.25,friction,normal,normal,No actionable deviation,95.9,0.92,75c8c72d29ecfdd61d8d9c5690378646d930bd58c380c1c18e50dc899fe8887e,11.9474
development,3,0.96667,8,friction,0.5,friction,friction,diagnosed,Friction growth,91.7,0.7,f5ec4de417174fc04fb6f587bdd9b4dee6dee8802a0c576fe409316aa1adb802,12.13
development,3,0.96667,8,friction,0.75,friction,friction,diagnosed,Friction growth,87.3,0.73,98e4f5314ea8089bca456c513995512a77e10092a4e7ccdf4f32640d8eafdea5,13.7238
development,3,0.96667,8,friction,1.0,friction,friction,diagnosed,Friction growth,81.6,0.77,d9da21c02d06a761687ed5bea8a1463e08127c7df0b7403280a9fc007d3831d2,11.9086
development,3,0.96667,8,stiction,0.0,normal,normal,normal,No actionable deviation,100.0,0.92,2b85669ca371d37a56acc891be032edaa61537c1bb6eedf47e0d9364ce6ca27f,11.9235
development,3,0.96667,8,stiction,0.25,stiction,stiction,diagnosed,Persistent localized stiction,38.4,0.92,4efe67c2d2059d0f3f5b2a94533f7aa9c6b7fa4de735ac2317c3b6d820fa981e,11.9356
development,3,0.96667,8,stiction,0.5,stiction,stiction,diagnosed,Persistent localized stiction,33.2,0.92,fa86d6491a705e06ace5dabbbdffeac9e5d45ddf09432db86d03fafdc2e740f2,12.0518
development,3,0.96667,8,stiction,0.75,stiction,stiction,diagnosed,Persistent localized stiction,31.8,0.92,7783d7958b516e80ff07f3e18de2090698bd39d10919910197c892c3722580e6,13.2313
development,3,0.96667,8,stiction,1.0,stiction,stiction,diagnosed,Persistent localized stiction,31.0,0.92,16c30f0fc382cd4fb3ad090767ebf239632fc1c45075a696bf1956219147c2d2,14.3546
development,3,0.96667,8,obstruction,0.0,normal,normal,normal,No actionable deviation,100.0,0.92,2b85669ca371d37a56acc891be032edaa61537c1bb6eedf47e0d9364ce6ca27f,12.3059
development,3,0.96667,8,obstruction,0.25,obstruction,obstruction,diagnosed,Travel obstruction or persistent stiction,64.7,0.83,ac4c9a3fef41ea2196c83c185989762cbfe6d5c9a5cb7eb973a8a4e770b6b412,12.937
development,3,0.96667,8,obstruction,0.5,obstruction,obstruction,diagnosed,Travel obstruction or persistent stiction,54.5,0.84,a01be3d7519ddd6c29aff850477c16a26252a8e47b5c21b65f161678ad9cd223,12.5404
development,3,0.96667,8,obstruction,0.75,obstruction,obstruction,diagnosed,Travel obstruction or persistent stiction,46.5,0.92,c32ad6ed02ce91b3c4deeb4f68c8601c2afac6cf014c43a796d881bed9708a73,12.2623
development,3,0.96667,8,obstruction,1.0,obstruction,obstruction,diagnosed,Travel obstruction or persistent stiction,30.4,0.92,bfe196fc027db05ccd7019324fed9fd472a631dccf95f6dfbd16d6e7578d46ee,12.7335
development,3,0.96667,8,actuator_degradation,0.0,normal,normal,normal,No actionable deviation,100.0,0.92,2b85669ca371d37a56acc891be032edaa61537c1bb6eedf47e0d9364ce6ca27f,13.2027
development,3,0.96667,8,actuator_degradation,0.25,actuator_degradation,actuator_degradation,diagnosed,Actuator performance degradation,96.9,0.68,a94bc3706d4ab4d8b392b54efdb641d6419a14948613b568818766dfd3cb8956,11.9811
development,3,0.96667,8,actuator_degradation,0.5,actuator_degradation,actuator_degradation,diagnosed,Actuator performance degradation,92.2,0.75,8a595f766a1d5a9807d8eeace96dc3109fd073b98eb3a71836cb3e39e4e61834,13.3901
development,3,0.96667,8,actuator_degradation,0.75,actuator_degradation,actuator_degradation,diagnosed,Actuator performance degradation,75.4,0.81,92c2767b946ecbdf09337695cd421d1fdc9fda3289149b3e32a65c71070b6619,11.9377
development,3,0.96667,8,actuator_degradation,1.0,actuator_degradation,actuator_degradation,diagnosed,Actuator performance degradation,57.9,0.92,7db507547e2a578e23a5aedc0dcf05214cf794a3a9bfdcfca24c522b54896f18,13.3107
development,3,0.96667,8,sensor_drift,0.0,normal,normal,normal,No actionable deviation,100.0,0.92,2b85669ca371d37a56acc891be032edaa61537c1bb6eedf47e0d9364ce6ca27f,11.9766
development,3,0.96667,8,sensor_drift,0.25,sensor_drift,normal,normal,No actionable deviation,98.6,0.92,8935fcb3697f86063eecafb49e4e62ae0932a775dcb1abe76dd7fb6fb034c093,11.7016
development,3,0.96667,8,sensor_drift,0.5,sensor_drift,sensor_drift,diagnosed,Position sensor drift / process inconsistency,97.3,0.64,9107f6eadeafd5ad3f5319f6e1136a8cf231b2f61dd16b08dec29b66e4eb2a4a,11.6563
development,3,0.96667,8,sensor_drift,0.75,sensor_drift,sensor_drift,diagnosed,Position sensor drift / process inconsistency,96.1,0.66,5100fc0868e579ea9c0cbc3230ae7757e6eba3455d7cf42d5491e03817c5b11f,12.59
development,3,0.96667,8,sensor_drift,1.0,sensor_drift,sensor_drift,diagnosed,Position sensor drift / process inconsistency,95.0,0.67,5211c3949ee703bc74184adca28422de1262347c7ce2df2a3315dc7aef37fc28,11.8643
development,3,0.96667,9,normal,0.0,normal,normal,normal,No actionable deviation,100.0,0.92,a41af265f661427567c1b16e781942e3dd456bf446ab1fdbcb96dc2b9de29c7d,12.4579
development,3,0.96667,9,normal,0.25,normal,normal,normal,No actionable deviation,100.0,0.92,a41af265f661427567c1b16e781942e3dd456bf446ab1fdbcb96dc2b9de29c7d,11.6392
development,3,0.96667,9,normal,0.5,normal,normal,normal,No actionable deviation,100.0,0.92,a41af265f661427567c1b16e781942e3dd456bf446ab1fdbcb96dc2b9de29c7d,11.4582
development,3,0.96667,9,normal,0.75,normal,normal,normal,No actionable deviation,100.0,0.92,a41af265f661427567c1b16e781942e3dd456bf446ab1fdbcb96dc2b9de29c7d,11.583
development,3,0.96667,9,normal,1.0,normal,normal,normal,No actionable deviation,100.0,0.92,a41af265f661427567c1b16e781942e3dd456bf446ab1fdbcb96dc2b9de29c7d,12.0652
development,3,0.96667,9,friction,0.0,normal,normal,normal,No actionable deviation,100.0,0.92,a41af265f661427567c1b16e781942e3dd456bf446ab1fdbcb96dc2b9de29c7d,11.5537
development,3,0.96667,9,friction,0.25,friction,normal,normal,No actionable deviation,96.1,0.92,9263dce09a915c38473e2a757b2cf4f00353b732ca07a59c53f0a21ad8a862c9,11.5887
development,3,0.96667,9,friction,0.5,friction,friction,diagnosed,Friction growth,92.0,0.69,6bd8a3e1933a9fe89846c5ae801ec8f44ca623ddab7508bde5e93e953cbd8681,14.8859
development,3,0.96667,9,friction,0.75,friction,friction,diagnosed,Friction growth,87.3,0.73,b3abd390a0288ed14b3446e3102ed02908d43c9b9fe2e3604be7696a21e31c70,11.7304
development,3,0.96667,9,friction,1.0,friction,friction,diagnosed,Friction growth,81.4,0.77,33957235e209ef8f74edc1dae74994e93b3800f3edc8f8b7b5c62ab7e497667b,11.6505
development,3,0.96667,9,stiction,0.0,normal,normal,normal,No actionable deviation,100.0,0.92,a41af265f661427567c1b16e781942e3dd456bf446ab1fdbcb96dc2b9de29c7d,11.7986
development,3,0.96667,9,stiction,0.25,stiction,stiction,diagnosed,Persistent localized stiction,38.5,0.92,9e4488c9e6781b6e24a631220948d744c109d078fd13f51d0821285a843869f1,11.8101
development,3,0.96667,9,stiction,0.5,stiction,stiction,diagnosed,Persistent localized stiction,33.5,0.92,989f667ae64a777bb7eb62888285057a86cdaa62cf4c710aad294f1e7c15e5dc,11.7268
development,3,0.96667,9,stiction,0.75,stiction,stiction,diagnosed,Persistent localized stiction,32.1,0.92,6dba690c33d9b3759f94f3570f57eddbbeb4d2c5a4538c9b33329534aea86829,11.6516
development,3,0.96667,9,stiction,1.0,stiction,stiction,diagnosed,Persistent localized stiction,31.3,0.92,5f7d120ade6ebf6795620028ed070e984bd8507a4b788ef42a73daa3170c56b6,11.897
development,3,0.96667,9,obstruction,0.0,normal,normal,normal,No actionable deviation,100.0,0.92,a41af265f661427567c1b16e781942e3dd456bf446ab1fdbcb96dc2b9de29c7d,11.6738
development,3,0.96667,9,obstruction,0.25,obstruction,obstruction,diagnosed,Travel obstruction or persistent stiction,69.2,0.83,e7ba6a085d9036c2b1c26831aaa9acd72ba86f0bae9f48771c5faad1ae67a9ca,12.2347
development,3,0.96667,9,obstruction,0.5,obstruction,obstruction,diagnosed,Travel obstruction or persistent stiction,54.0,0.84,ea2aff46d5e5a928b126bb4206310e2b4f0c6c5b638bf52d5660feac8f1dcb64,12.0873
development,3,0.96667,9,obstruction,0.75,obstruction,obstruction,diagnosed,Travel obstruction or persistent stiction,40.5,0.92,c3306e378a273d8d3d46e82cc2048066e3e1b6db556a786b37196ead2db45e70,11.785
development,3,0.96667,9,obstruction,1.0,obstruction,obstruction,diagnosed,Travel obstruction or persistent stiction,30.4,0.92,5a1d899cbd01a467d01bf3ed8f631b3d1a5b4b38eaed6a5373e35430480b28f8,11.6439
development,3,0.96667,9,actuator_degradation,0.0,normal,normal,normal,No actionable deviation,100.0,0.92,a41af265f661427567c1b16e781942e3dd456bf446ab1fdbcb96dc2b9de29c7d,13.1551
development,3,0.96667,9,actuator_degradation,0.25,actuator_degradation,actuator_degradation,diagnosed,Actuator performance degradation,97.1,0.67,82b9d56ac6d908d214a442d96a49003a0ae16dde5232bfe4bb41837d46db38d5,13.3568
development,3,0.96667,9,actuator_degradation,0.5,actuator_degradation,actuator_degradation,diagnosed,Actuator performance degradation,92.1,0.75,8570f2e83e66172d096fcec65489c966c33be53c20805200b2b7d30e63b4eee1,13.0326
development,3,0.96667,9,actuator_degradation,0.75,actuator_degradation,actuator_degradation,diagnosed,Actuator performance degradation,75.2,0.81,eb7620d7cdd67f4ee78b8c9199660853fb6b707dbc3b76d15d535738451b8c17,13.9592
development,3,0.96667,9,actuator_degradation,1.0,actuator_degradation,actuator_degradation,diagnosed,Actuator performance degradation,58.0,0.92,10664d083612ac3072b23c2d3222d8f2110bb2e0e2e8cb25abc23e2069f17058,13.7471
development,3,0.96667,9,sensor_drift,0.0,normal,normal,normal,No actionable deviation,100.0,0.92,a41af265f661427567c1b16e781942e3dd456bf446ab1fdbcb96dc2b9de29c7d,11.8875
development,3,0.96667,9,sensor_drift,0.25,sensor_drift,normal,normal,No actionable deviation,98.7,0.92,8fb7e460adab1a3faa8ef94e490c443f42d954dab6c24670828ce821cfa46aee,11.8485
development,3,0.96667,9,sensor_drift,0.5,sensor_drift,sensor_drift,diagnosed,Position sensor drift / process inconsistency,97.5,0.64,5a3c66238a3fa220faef327df54e88967df379888358ba8a1d4d8215e1de0854,11.9903
development,3,0.96667,9,sensor_drift,0.75,sensor_drift,sensor_drift,diagnosed,Position sensor drift / process inconsistency,96.3,0.66,a8151ef4c2234c15fcddef0f9bab716475ab574ae984ffd54e7f6c5d637e74df,11.776
development,3,0.96667,9,sensor_drift,1.0,sensor_drift,sensor_drift,diagnosed,Position sensor drift / process inconsistency,95.1,0.67,33c77a437c59ef416a666aa86f8c98b44b48c29a2fac6ee9bc9bff9d8ff61be9,11.6889
development,4,1.03889,0,normal,0.0,normal,normal,normal,No actionable deviation,100.0,0.92,ddae6fd58c0ea007087eab85f4e2c862660c30c4e82f469a5bdb03812b97814e,11.9313
development,4,1.03889,0,normal,0.25,normal,normal,normal,No actionable deviation,100.0,0.92,ddae6fd58c0ea007087eab85f4e2c862660c30c4e82f469a5bdb03812b97814e,11.7253
development,4,1.03889,0,normal,0.5,normal,normal,normal,No actionable deviation,100.0,0.92,ddae6fd58c0ea007087eab85f4e2c862660c30c4e82f469a5bdb03812b97814e,12.0786
development,4,1.03889,0,normal,0.75,normal,normal,normal,No actionable deviation,100.0,0.92,ddae6fd58c0ea007087eab85f4e2c862660c30c4e82f469a5bdb03812b97814e,11.9384
development,4,1.03889,0,normal,1.0,normal,normal,normal,No actionable deviation,100.0,0.92,ddae6fd58c0ea007087eab85f4e2c862660c30c4e82f469a5bdb03812b97814e,11.8282
development,4,1.03889,0,friction,0.0,normal,normal,normal,No actionable deviation,100.0,0.92,ddae6fd58c0ea007087eab85f4e2c862660c30c4e82f469a5bdb03812b97814e,11.7407
development,4,1.03889,0,friction,0.25,friction,normal,normal,No actionable deviation,95.3,0.92,fb7d53dbb4c480520d4da2d3cb10b3bd376b3ce88cba9e8123b61ac76323776d,11.7898
development,4,1.03889,0,friction,0.5,friction,friction,diagnosed,Friction growth,91.1,0.7,262783646ae0a1da57fb323f89934692dd0c96fbcef785682a5d2a2f55649b22,11.8265
development,4,1.03889,0,friction,0.75,friction,friction,diagnosed,Friction growth,85.3,0.73,9ebd637d7a01f4bf25cd741e6e972c1dd5db3d1c29ebc9086022c0854381431f,11.7405
development,4,1.03889,0,friction,1.0,friction,friction,diagnosed,Friction growth,77.8,0.77,ae8b9c5e8e78c1a2341f976170cc93d9a5690d687cafa09b318fdb419e6585e1,11.6901
development,4,1.03889,0,stiction,0.0,normal,normal,normal,No actionable deviation,100.0,0.92,ddae6fd58c0ea007087eab85f4e2c862660c30c4e82f469a5bdb03812b97814e,11.8351
development,4,1.03889,0,stiction,0.25,stiction,stiction,diagnosed,Persistent localized stiction,38.6,0.92,43bfdf896bb26188d37846329b05b37173e8d40beb702ffc3dc4687fe417f77f,11.8183
development,4,1.03889,0,stiction,0.5,stiction,stiction,diagnosed,Persistent localized stiction,34.7,0.92,0a8bd0363199bb268a23d9272280f5e134c265adf109b950db04792257ca8fef,12.2608
development,4,1.03889,0,stiction,0.75,stiction,stiction,diagnosed,Persistent localized stiction,33.4,0.92,43f13285b90abef8d1bd841a4349aa6b9acc7ce02db76d34dac491b162531f77,12.1481
development,4,1.03889,0,stiction,1.0,stiction,stiction,diagnosed,Persistent localized stiction,32.7,0.92,e1c1b9f06b5f655ccc1afd96cd7c82526455b18a5e8c8af375f5d142c6811617,13.2952
development,4,1.03889,0,obstruction,0.0,normal,normal,normal,No actionable deviation,100.0,0.92,ddae6fd58c0ea007087eab85f4e2c862660c30c4e82f469a5bdb03812b97814e,15.1313
development,4,1.03889,0,obstruction,0.25,obstruction,obstruction,diagnosed,Travel obstruction or persistent stiction,70.0,0.79,759bdda146271555b19220b08081b82124dce798cbe8b5ec4b6edb3ea54164ad,13.8765
development,4,1.03889,0,obstruction,0.5,obstruction,obstruction,diagnosed,Travel obstruction or persistent stiction,53.2,0.84,171aec75a730247cf72f1802b3bc1dd5a2338dfaa96ae41960774107390e8f19,13.7432
development,4,1.03889,0,obstruction,0.75,obstruction,obstruction,diagnosed,Travel obstruction or persistent stiction,42.3,0.92,64c935811b09de79c1fa6137820483f473b331bae45bc54e0985b0555c45da22,11.9204
development,4,1.03889,0,obstruction,1.0,obstruction,obstruction,diagnosed,Travel obstruction or persistent stiction,32.3,0.92,c92abdd6f66b1b62a65759fef5da50de367fcaca7ee84ee5afb83eefc2e8896e,12.1571
development,4,1.03889,0,actuator_degradation,0.0,normal,normal,normal,No actionable deviation,100.0,0.92,ddae6fd58c0ea007087eab85f4e2c862660c30c4e82f469a5bdb03812b97814e,11.9371
development,4,1.03889,0,actuator_degradation,0.25,actuator_degradation,actuator_degradation,diagnosed,Actuator performance degradation,96.9,0.68,fdd93a52d5571d60ea26f389ee3a974f3989018502aba5cd3585acb2868b3cdf,13.7198
development,4,1.03889,0,actuator_degradation,0.5,actuator_degradation,actuator_degradation,diagnosed,Actuator performance degradation,90.7,0.76,eea72b0a02cc145468de55b445896c5cd6ae0e9d3622d6c715db4bc404073147,12.5589
development,4,1.03889,0,actuator_degradation,0.75,actuator_degradation,actuator_degradation,diagnosed,Actuator performance degradation,71.5,0.82,73199758665e1d0d12450aebfbfb3e7c1fe571600fff9b758d72fbe596b61626,12.3153
development,4,1.03889,0,actuator_degradation,1.0,actuator_degradation,actuator_degradation,diagnosed,Actuator performance degradation,57.9,0.92,859e5f1c8ea8475f7d38868fb84b6596d881c01669fc07fa4fad14b3840425b1,13.8944
development,4,1.03889,0,sensor_drift,0.0,normal,normal,normal,No actionable deviation,100.0,0.92,ddae6fd58c0ea007087eab85f4e2c862660c30c4e82f469a5bdb03812b97814e,12.8593
development,4,1.03889,0,sensor_drift,0.25,sensor_drift,normal,normal,No actionable deviation,98.4,0.92,27a5fb1f3fa2c41b7c9e2ada065a557b970150d9d8f85acaaed3613481e8e18e,13.4507
development,4,1.03889,0,sensor_drift,0.5,sensor_drift,sensor_drift,diagnosed,Position sensor drift / process inconsistency,97.2,0.65,24d9c9df679e4d1070153bdf685ae204f393e6e73a1a81e6a0c6de75d1526b1c,13.1688
development,4,1.03889,0,sensor_drift,0.75,sensor_drift,sensor_drift,diagnosed,Position sensor drift / process inconsistency,95.9,0.66,69eb75c3a3107ed7c05f9c0bd757f6b4a161aab61e2908e38b96e49c5d1525e2,13.0912
development,4,1.03889,0,sensor_drift,1.0,sensor_drift,sensor_drift,diagnosed,Position sensor drift / process inconsistency,94.8,0.67,3c870fe6e377d871a891d1b6c05fe064cc7c3b813f8d620b6ef88fa53fa35214,11.7852
development,4,1.03889,1,normal,0.0,normal,normal,normal,No actionable deviation,100.0,0.92,fda1a792320504ed5a44576ccf5900e3649ebe9f11ec9d778577b1652b6dc5db,11.6819
development,4,1.03889,1,normal,0.25,normal,normal,normal,No actionable deviation,100.0,0.92,fda1a792320504ed5a44576ccf5900e3649ebe9f11ec9d778577b1652b6dc5db,11.6116
development,4,1.03889,1,normal,0.5,normal,normal,normal,No actionable deviation,100.0,0.92,fda1a792320504ed5a44576ccf5900e3649ebe9f11ec9d778577b1652b6dc5db,11.848
development,4,1.03889,1,normal,0.75,normal,normal,normal,No actionable deviation,100.0,0.92,fda1a792320504ed5a44576ccf5900e3649ebe9f11ec9d778577b1652b6dc5db,11.712
development,4,1.03889,1,normal,1.0,normal,normal,normal,No actionable deviation,100.0,0.92,fda1a792320504ed5a44576ccf5900e3649ebe9f11ec9d778577b1652b6dc5db,11.5639
development,4,1.03889,1,friction,0.0,normal,normal,normal,No actionable deviation,100.0,0.92,fda1a792320504ed5a44576ccf5900e3649ebe9f11ec9d778577b1652b6dc5db,11.9565
development,4,1.03889,1,friction,0.25,friction,normal,normal,No actionable deviation,95.4,0.92,3d63086fe34bfce8eaf9d2d5093d416886a45d441078decc03cd0bb93f6cf51c,12.0461
development,4,1.03889,1,friction,0.5,friction,friction,diagnosed,Friction growth,91.1,0.7,349568d0297f9ccca0800fee28827657c8e7e5a1e6fe74cb8d4f3edcafb8ec6e,12.8879
development,4,1.03889,1,friction,0.75,friction,friction,diagnosed,Friction growth,85.5,0.73,682ae77c8aae1d6c022aae2e10e9f93b86c4c8c1b513a5305541f34fd6d29a2a,11.9364
development,4,1.03889,1,friction,1.0,friction,friction,diagnosed,Friction growth,78.0,0.77,86b0ec3f3002607d3f3b22d01afdb9bc73b1ca2f9069868a666872bb2a6f03f8,12.0089
development,4,1.03889,1,stiction,0.0,normal,normal,normal,No actionable deviation,100.0,0.92,fda1a792320504ed5a44576ccf5900e3649ebe9f11ec9d778577b1652b6dc5db,11.7172
development,4,1.03889,1,stiction,0.25,stiction,stiction,diagnosed,Persistent localized stiction,38.7,0.92,171dcb5dea874c271fe18f0b0992c497573527f06124e654b2707d97e3448848,11.6978
development,4,1.03889,1,stiction,0.5,stiction,stiction,diagnosed,Persistent localized stiction,34.7,0.92,6651cc184732f832f6159ea2dea45625f1c59a9075b37745ba83ed0c658e85cd,12.5284
development,4,1.03889,1,stiction,0.75,stiction,stiction,diagnosed,Persistent localized stiction,33.4,0.92,b48bafc8cbd14b255ed6032d6d083e62a551d5ff4d783e5750b6477ee58e3d9b,13.3737
development,4,1.03889,1,stiction,1.0,stiction,stiction,diagnosed,Persistent localized stiction,32.7,0.92,c09ce10b2450b7d696d0813f8e4c54bd4cd967a200355033f189403cc69aa997,13.8673
development,4,1.03889,1,obstruction,0.0,normal,normal,normal,No actionable deviation,100.0,0.92,fda1a792320504ed5a44576ccf5900e3649ebe9f11ec9d778577b1652b6dc5db,12.6807
development,4,1.03889,1,obstruction,0.25,obstruction,obstruction,diagnosed,Travel obstruction or persistent stiction,70.4,0.79,2b217e38b1a6ff5e83d101ef12565898982848949c4380248823f14dbb2d32b2,12.9166
development,4,1.03889,1,obstruction,0.5,obstruction,obstruction,diagnosed,Travel obstruction or persistent stiction,57.3,0.84,aca985b660924662d51a8c99b2bfd7b657568b944b73027ec65b1294f59a51aa,11.8542
development,4,1.03889,1,obstruction,0.75,obstruction,obstruction,diagnosed,Travel obstruction or persistent stiction,44.5,0.92,f3ebccc732584201fe5ed7eaf2ac1c7d1dab28fbf497bb024f6f8eec10bd7be5,11.7747
development,4,1.03889,1,obstruction,1.0,obstruction,obstruction,diagnosed,Travel obstruction or persistent stiction,32.3,0.92,0601a6e99d2902b24ee9d21c9962d051c5c070d5e5c865cf55c560b28d074fb2,11.7752
development,4,1.03889,1,actuator_degradation,0.0,normal,normal,normal,No actionable deviation,100.0,0.92,fda1a792320504ed5a44576ccf5900e3649ebe9f11ec9d778577b1652b6dc5db,11.8672
development,4,1.03889,1,actuator_degradation,0.25,actuator_degradation,actuator_degradation,diagnosed,Actuator performance degradation,96.9,0.68,e275927a538df84210cff9277639f0068a4a6590d364e4b97559746ebdaad638,11.7489
development,4,1.03889,1,actuator_degradation,0.5,actuator_degradation,actuator_degradation,diagnosed,Actuator performance degradation,90.9,0.76,1ffa4a12f1a9b33e7d429e74d55d9685702897626f6dfd3ec5c8375b50ab8ab8,11.6447
development,4,1.03889,1,actuator_degradation,0.75,actuator_degradation,actuator_degradation,diagnosed,Actuator performance degradation,71.8,0.82,9deed65b233ee3f0c50042815c1db56f699c748c3da0a1f8678eea3eaf8bdaa9,11.8831
development,4,1.03889,1,actuator_degradation,1.0,actuator_degradation,actuator_degradation,diagnosed,Actuator performance degradation,58.0,0.92,1c5553c3ec5ec88862d937f52aeb9fb24f76692fdd59720b51bccb3238ada951,11.8389
development,4,1.03889,1,sensor_drift,0.0,normal,normal,normal,No actionable deviation,100.0,0.92,fda1a792320504ed5a44576ccf5900e3649ebe9f11ec9d778577b1652b6dc5db,11.7942
development,4,1.03889,1,sensor_drift,0.25,sensor_drift,normal,normal,No actionable deviation,98.5,0.92,01a734d9b4ade87e815c72fd62e5583c52577cb51b1f91c67cc5ee745b6cd311,11.6824
development,4,1.03889,1,sensor_drift,0.5,sensor_drift,sensor_drift,diagnosed,Position sensor drift / process inconsistency,97.3,0.65,95e429f77fc2bd8d4bd19b4aced91e543851d60129596d92c830b667fe1d11e5,11.789
development,4,1.03889,1,sensor_drift,0.75,sensor_drift,sensor_drift,diagnosed,Position sensor drift / process inconsistency,96.0,0.66,f3278a37bdf713a8bc417d8ff21610a260983cf9eae296988481cc2975ee0702,11.6647
development,4,1.03889,1,sensor_drift,1.0,sensor_drift,sensor_drift,diagnosed,Position sensor drift / process inconsistency,94.8,0.67,5e6a3e751c506cb4db392fd0d07fabc948a6f426c20daf38d6775dbe0ac47684,11.8507
development,4,1.03889,2,normal,0.0,normal,normal,normal,No actionable deviation,100.0,0.92,909743d5e2369873c970abc5dae26fe7d8abee7866b72dac8549ae4ad17bc7d2,11.8012
development,4,1.03889,2,normal,0.25,normal,normal,normal,No actionable deviation,100.0,0.92,909743d5e2369873c970abc5dae26fe7d8abee7866b72dac8549ae4ad17bc7d2,11.7461
development,4,1.03889,2,normal,0.5,normal,normal,normal,No actionable deviation,100.0,0.92,909743d5e2369873c970abc5dae26fe7d8abee7866b72dac8549ae4ad17bc7d2,11.588
development,4,1.03889,2,normal,0.75,normal,normal,normal,No actionable deviation,100.0,0.92,909743d5e2369873c970abc5dae26fe7d8abee7866b72dac8549ae4ad17bc7d2,11.7213
development,4,1.03889,2,normal,1.0,normal,normal,normal,No actionable deviation,100.0,0.92,909743d5e2369873c970abc5dae26fe7d8abee7866b72dac8549ae4ad17bc7d2,11.6241
development,4,1.03889,2,friction,0.0,normal,normal,normal,No actionable deviation,100.0,0.92,909743d5e2369873c970abc5dae26fe7d8abee7866b72dac8549ae4ad17bc7d2,11.6869
development,4,1.03889,2,friction,0.25,friction,normal,normal,No actionable deviation,95.6,0.92,a2a83fa67712bace1e3b7f70ce0d9b51beda27593edac231dbb1536ba1c0622c,11.7075
development,4,1.03889,2,friction,0.5,friction,friction,diagnosed,Friction growth,91.1,0.7,c8b6b24930a9d9c229271cdda8fcc0bad420744b244d61ee4498320cc5b74db7,12.1562
development,4,1.03889,2,friction,0.75,friction,friction,diagnosed,Friction growth,85.2,0.73,ee254b5a4c68ce37b6b4380f448405033c6de9faa693512c5e528ba4e95f194d,11.8666
development,4,1.03889,2,friction,1.0,friction,friction,diagnosed,Friction growth,77.6,0.77,9ede1db99004632ee2f93e6d72820934bd195e0e80b3909b33c09c7443cf0c30,11.6451
development,4,1.03889,2,stiction,0.0,normal,normal,normal,No actionable deviation,100.0,0.92,909743d5e2369873c970abc5dae26fe7d8abee7866b72dac8549ae4ad17bc7d2,11.768
development,4,1.03889,2,stiction,0.25,stiction,stiction,diagnosed,Persistent localized stiction,38.7,0.92,3382c68ef0f72f022370ff30606c644e20c995acca660aa7a6721b515697d2ea,11.9587
development,4,1.03889,2,stiction,0.5,stiction,stiction,diagnosed,Persistent localized stiction,34.7,0.92,fa48649bdb187661dcbddf56da1c0999c35be1757699b9175c41511998cb39b5,11.9124
development,4,1.03889,2,stiction,0.75,stiction,stiction,diagnosed,Persistent localized stiction,33.4,0.92,be3ac81a4cdd21eba8e686dc86871fba95348470de88420cedd335870937d6e7,11.7539
development,4,1.03889,2,stiction,1.0,stiction,stiction,diagnosed,Persistent localized stiction,32.7,0.92,c1af092bea898ac60d036f7af5453627319fad42faf63c0d7e43fc555b2cff41,11.8244
development,4,1.03889,2,obstruction,0.0,normal,normal,normal,No actionable deviation,100.0,0.92,909743d5e2369873c970abc5dae26fe7d8abee7866b72dac8549ae4ad17bc7d2,11.6366
development,4,1.03889,2,obstruction,0.25,obstruction,obstruction,diagnosed,Travel obstruction or persistent stiction,69.6,0.79,2794e41563a1c195aab5a29fb493f0d884872677b73b66f72d3a16e3f7b60a2e,11.6671
development,4,1.03889,2,obstruction,0.5,obstruction,obstruction,diagnosed,Travel obstruction or persistent stiction,53.2,0.84,b89390c512e4e92d188ac0a92628edadb0335a89bfa45afa9372cdcd95ad8d1f,11.7363
development,4,1.03889,2,obstruction,0.75,obstruction,obstruction,diagnosed,Travel obstruction or persistent stiction,43.3,0.92,29325f2217f86c4582c87e44d61698e48dcb2ed5272ea37dc0cde7bdd103d416,12.0298
development,4,1.03889,2,obstruction,1.0,obstruction,obstruction,diagnosed,Travel obstruction or persistent stiction,32.5,0.92,2c224aabc565487a751a19bfea6e3ce2f3c0cb3e67110db9377b4f70f50e9c49,13.3221
development,4,1.03889,2,actuator_degradation,0.0,normal,normal,normal,No actionable deviation,100.0,0.92,909743d5e2369873c970abc5dae26fe7d8abee7866b72dac8549ae4ad17bc7d2,11.9561
development,4,1.03889,2,actuator_degradation,0.25,actuator_degradation,actuator_degradation,diagnosed,Actuator performance degradation,97.1,0.67,efe5eb1ea0b119e30027c050c3d694a839a59400174669ceebd9189cba39688e,12.3083
development,4,1.03889,2,actuator_degradation,0.5,actuator_degradation,actuator_degradation,diagnosed,Actuator performance degradation,90.5,0.76,051840fc17ce5afaf25b608e38a26e6df9065ffff5cd14dc42187506688c8526,12.185
development,4,1.03889,2,actuator_degradation,0.75,actuator_degradation,actuator_degradation,diagnosed,Actuator performance degradation,71.2,0.82,fdac50a7e66dd6ca0e0fab5b238497db2a40844b08b1df4ba2da37c92a437595,12.113
development,4,1.03889,2,actuator_degradation,1.0,actuator_degradation,actuator_degradation,diagnosed,Actuator performance degradation,57.9,0.92,eb1003f627a74fb5f0df72d7d6f2d7131bd15441664ec66df1a94ddbae66e3da,11.778
development,4,1.03889,2,sensor_drift,0.0,normal,normal,normal,No actionable deviation,100.0,0.92,909743d5e2369873c970abc5dae26fe7d8abee7866b72dac8549ae4ad17bc7d2,11.771
development,4,1.03889,2,sensor_drift,0.25,sensor_drift,normal,normal,No actionable deviation,98.4,0.92,3cb89844741bcd2e404536edb32ae4ecc7a9c143da52f3f1e3867fed56891fad,11.6841
development,4,1.03889,2,sensor_drift,0.5,sensor_drift,sensor_drift,diagnosed,Position sensor drift / process inconsistency,97.3,0.65,9d0a14a1a95451a17798239c28374f9a2f8cc8f4c0e21756639837d5b86753dd,11.6458
development,4,1.03889,2,sensor_drift,0.75,sensor_drift,sensor_drift,diagnosed,Position sensor drift / process inconsistency,95.9,0.66,4a37051634a59c4b6f911a27983a954656d45280f9cbf530fb96f2d3bd838a0f,11.8935
development,4,1.03889,2,sensor_drift,1.0,sensor_drift,sensor_drift,diagnosed,Position sensor drift / process inconsistency,94.8,0.67,0aa25b3bc024fadcc615b69810d6caae59e91f8503bcb0ef325b482d9a306fbf,12.1111
development,4,1.03889,3,normal,0.0,normal,normal,normal,No actionable deviation,100.0,0.92,ac1e2112a1f91eb9d261fca2d95ce84ba93f69bbbb4c6a515b88d9d7f75f4a1e,11.8854
development,4,1.03889,3,normal,0.25,normal,normal,normal,No actionable deviation,100.0,0.92,ac1e2112a1f91eb9d261fca2d95ce84ba93f69bbbb4c6a515b88d9d7f75f4a1e,11.7705
development,4,1.03889,3,normal,0.5,normal,normal,normal,No actionable deviation,100.0,0.92,ac1e2112a1f91eb9d261fca2d95ce84ba93f69bbbb4c6a515b88d9d7f75f4a1e,11.8639
development,4,1.03889,3,normal,0.75,normal,normal,normal,No actionable deviation,100.0,0.92,ac1e2112a1f91eb9d261fca2d95ce84ba93f69bbbb4c6a515b88d9d7f75f4a1e,11.8134
development,4,1.03889,3,normal,1.0,normal,normal,normal,No actionable deviation,100.0,0.92,ac1e2112a1f91eb9d261fca2d95ce84ba93f69bbbb4c6a515b88d9d7f75f4a1e,11.8251
development,4,1.03889,3,friction,0.0,normal,normal,normal,No actionable deviation,100.0,0.92,ac1e2112a1f91eb9d261fca2d95ce84ba93f69bbbb4c6a515b88d9d7f75f4a1e,11.7668
development,4,1.03889,3,friction,0.25,friction,normal,normal,No actionable deviation,95.7,0.92,b535238a6f4c9d6551331645074097014b3dcf23b892181353d97b15060ac128,13.2399
development,4,1.03889,3,friction,0.5,friction,friction,diagnosed,Friction growth,91.0,0.7,290adac3b7ba92491190fe0d8c4e981d5a4f6edfc691e296459fb0d95820c9e8,12.1184
development,4,1.03889,3,friction,0.75,friction,friction,diagnosed,Friction growth,84.9,0.74,e6eb16835d1ef215680d621d1dbbe6884d9c468789195707cce848441bd0bdc5,12.0557
development,4,1.03889,3,friction,1.0,friction,friction,diagnosed,Friction growth,77.7,0.77,208630e01ae30c39c5c18417862f15b88bfb7dfdc86bafebda5610bfbbf284c5,11.8806
development,4,1.03889,3,stiction,0.0,normal,normal,normal,No actionable deviation,100.0,0.92,ac1e2112a1f91eb9d261fca2d95ce84ba93f69bbbb4c6a515b88d9d7f75f4a1e,12.5825
development,4,1.03889,3,stiction,0.25,stiction,stiction,diagnosed,Persistent localized stiction,38.6,0.92,16ca9463a8d08f2ef66a5569f57bd02f70ae4e5637f4149d4ef573910fc7d713,13.0645
development,4,1.03889,3,stiction,0.5,stiction,stiction,diagnosed,Persistent localized stiction,34.6,0.92,ea7f55a81c74ebf1522737eed986c78d0b9316d38654ea64fd3fb3d5fc6d11c2,13.3292
development,4,1.03889,3,stiction,0.75,stiction,stiction,diagnosed,Persistent localized stiction,33.4,0.92,926743a327e837a8ab3544e7da5f9715b5f6e8c6d19822ff706a7c44d1ec5d71,11.8187
development,4,1.03889,3,stiction,1.0,stiction,stiction,diagnosed,Persistent localized stiction,32.7,0.92,a563d3456a15694b324885d11f7e3351c689d32d8a606f862497d8e2b36c7f2e,11.7456
development,4,1.03889,3,obstruction,0.0,normal,normal,normal,No actionable deviation,100.0,0.92,ac1e2112a1f91eb9d261fca2d95ce84ba93f69bbbb4c6a515b88d9d7f75f4a1e,11.8234
development,4,1.03889,3,obstruction,0.25,obstruction,obstruction,diagnosed,Travel obstruction or persistent stiction,70.3,0.79,2203a0435302229c9456d02d49cb17a09ca6ea2c16ba02df68eadb77fc6189a9,11.9715
development,4,1.03889,3,obstruction,0.5,obstruction,obstruction,diagnosed,Travel obstruction or persistent stiction,53.2,0.84,aee1f754074ac7d9414f818957f9c38829ca49325300cc16e1a103fc3854c2ae,11.8978
development,4,1.03889,3,obstruction,0.75,obstruction,obstruction,diagnosed,Travel obstruction or persistent stiction,42.5,0.92,9bad97e39817121713152d0491d7e84fb19d577a3336e1104e59fc1f633cf1d2,11.7963
development,4,1.03889,3,obstruction,1.0,obstruction,obstruction,diagnosed,Travel obstruction or persistent stiction,32.4,0.92,1c8e267e8c4a6115a69179f84ff0e1f3c37dd586eeb95dae3e6f3fbee33ec6c6,11.6667
development,4,1.03889,3,actuator_degradation,0.0,normal,normal,normal,No actionable deviation,100.0,0.92,ac1e2112a1f91eb9d261fca2d95ce84ba93f69bbbb4c6a515b88d9d7f75f4a1e,11.9537
development,4,1.03889,3,actuator_degradation,0.25,actuator_degradation,actuator_degradation,diagnosed,Actuator performance degradation,96.9,0.68,18ae587076182e97f28b4f9b153fe7d78de857f2cc587ec400b71ee10de45a74,11.9619
development,4,1.03889,3,actuator_degradation,0.5,actuator_degradation,actuator_degradation,diagnosed,Actuator performance degradation,90.6,0.76,833ae38049579ba27d0a11d5468e173e1f2d01f29498209f0d138e0188efe4ef,12.044
development,4,1.03889,3,actuator_degradation,0.75,actuator_degradation,actuator_degradation,diagnosed,Actuator performance degradation,71.2,0.82,725f94a20923b32f49a7252eb320fdc3265c4f5766fa52af474c6170993d6b7b,12.0228
development,4,1.03889,3,actuator_degradation,1.0,actuator_degradation,actuator_degradation,diagnosed,Actuator performance degradation,58.0,0.92,c69ca600fba6d2dc534f9594b117c028f37c81fb5c86a622b8222d8511fd1b76,12.1928
development,4,1.03889,3,sensor_drift,0.0,normal,normal,normal,No actionable deviation,100.0,0.92,ac1e2112a1f91eb9d261fca2d95ce84ba93f69bbbb4c6a515b88d9d7f75f4a1e,12.1467
development,4,1.03889,3,sensor_drift,0.25,sensor_drift,normal,normal,No actionable deviation,98.5,0.92,1375aa20ba564b8e4bee5ffab8eda9f95c8344cc9053de863d224791a04812ed,12.0669
development,4,1.03889,3,sensor_drift,0.5,sensor_drift,sensor_drift,diagnosed,Position sensor drift / process inconsistency,97.2,0.65,660ee3d9c05aa980b5cb20a14ad5e44784763ff0a334e2e077af5aae87fe504f,11.8929
development,4,1.03889,3,sensor_drift,0.75,sensor_drift,sensor_drift,diagnosed,Position sensor drift / process inconsistency,96.0,0.66,0f9947357b932c93074135ab5997730d8082c3bbf079d22a8aef9fc9f1fbc756,11.8492
development,4,1.03889,3,sensor_drift,1.0,sensor_drift,sensor_drift,diagnosed,Position sensor drift / process inconsistency,94.9,0.67,543305c0e32859488fcf4b9a18be2a625a44f21f138aa0654149c79ded0f2e94,11.8614
development,4,1.03889,4,normal,0.0,normal,normal,normal,No actionable deviation,100.0,0.92,18861a27887ef656b90a62f560af052843be1b8b7238ad81119eff26ef588997,11.7703
development,4,1.03889,4,normal,0.25,normal,normal,normal,No actionable deviation,100.0,0.92,18861a27887ef656b90a62f560af052843be1b8b7238ad81119eff26ef588997,11.6542
development,4,1.03889,4,normal,0.5,normal,normal,normal,No actionable deviation,100.0,0.92,18861a27887ef656b90a62f560af052843be1b8b7238ad81119eff26ef588997,11.7405
development,4,1.03889,4,normal,0.75,normal,normal,normal,No actionable deviation,100.0,0.92,18861a27887ef656b90a62f560af052843be1b8b7238ad81119eff26ef588997,11.7155
development,4,1.03889,4,normal,1.0,normal,normal,normal,No actionable deviation,100.0,0.92,18861a27887ef656b90a62f560af052843be1b8b7238ad81119eff26ef588997,12.0153
development,4,1.03889,4,friction,0.0,normal,normal,normal,No actionable deviation,100.0,0.92,18861a27887ef656b90a62f560af052843be1b8b7238ad81119eff26ef588997,11.6586
development,4,1.03889,4,friction,0.25,friction,normal,normal,No actionable deviation,95.5,0.92,c2f2cc9eb0209d730bd8a14e12fa53e6561a0e85ce726944c3ee928ca85b4bb3,11.9077
development,4,1.03889,4,friction,0.5,friction,friction,diagnosed,Friction growth,91.0,0.7,b6769944737de0758409ade9746cd17e5dd34fd291c796bdbe4eb9ec98db0b1f,11.8907
development,4,1.03889,4,friction,0.75,friction,friction,diagnosed,Friction growth,85.1,0.73,60dbfa80d9cd48433ace1a41f582b51fc7ec18d89eb10804a376ee2a9953ef60,11.7845
development,4,1.03889,4,friction,1.0,friction,friction,diagnosed,Friction growth,77.6,0.77,4fba0ee82f370e0b015cb78d368dc3f65905b5e6a8e5d5308f30fd45cd1f27b8,11.9765
development,4,1.03889,4,stiction,0.0,normal,normal,normal,No actionable deviation,100.0,0.92,18861a27887ef656b90a62f560af052843be1b8b7238ad81119eff26ef588997,11.9594
development,4,1.03889,4,stiction,0.25,stiction,stiction,diagnosed,Persistent localized stiction,38.6,0.92,b154416ff6f164fb01a323e58b944b4056d04cef56a4a34bfca95d0d559ad12d,11.9901
development,4,1.03889,4,stiction,0.5,stiction,stiction,diagnosed,Persistent localized stiction,34.7,0.92,d190fcf1e56168fa9caecade5bacbe6a315d3304931c41d2a2c6ca7342c80b46,11.9595
development,4,1.03889,4,stiction,0.75,stiction,stiction,diagnosed,Persistent localized stiction,33.4,0.92,fff02f39d4f653a0d843002e073c8979f2dc0c21d58b16a1fa7bd6561cb28802,12.2336
development,4,1.03889,4,stiction,1.0,stiction,stiction,diagnosed,Persistent localized stiction,32.7,0.92,34118ed1a07acb0b5634a49b7faaa72d22e6066626e45522ce123c799428e535,13.1108
development,4,1.03889,4,obstruction,0.0,normal,normal,normal,No actionable deviation,100.0,0.92,18861a27887ef656b90a62f560af052843be1b8b7238ad81119eff26ef588997,12.1025
development,4,1.03889,4,obstruction,0.25,obstruction,obstruction,diagnosed,Travel obstruction or persistent stiction,69.6,0.79,c645a7db8447520305a89920a155ce8f78c76b2d493f7d2ccd634c693dced39d,12.1929
development,4,1.03889,4,obstruction,0.5,obstruction,obstruction,diagnosed,Travel obstruction or persistent stiction,53.2,0.84,a591ac3045ac0a674064d5198b64fd6ee004dd3e5173c8c58133132487585055,11.9387
development,4,1.03889,4,obstruction,0.75,obstruction,obstruction,diagnosed,Travel obstruction or persistent stiction,42.3,0.92,e70d8909f6d6f5bb8f07b8a77373e582996bcde9ab52fb166d1b616328b0bfd8,11.8886
development,4,1.03889,4,obstruction,1.0,obstruction,obstruction,diagnosed,Travel obstruction or persistent stiction,32.5,0.92,18734b51e67ef09fb4ec5ad5b065e33706bbb5775fa1dc685b47862cf2af953c,11.965
development,4,1.03889,4,actuator_degradation,0.0,normal,normal,normal,No actionable deviation,100.0,0.92,18861a27887ef656b90a62f560af052843be1b8b7238ad81119eff26ef588997,13.187
development,4,1.03889,4,actuator_degradation,0.25,actuator_degradation,actuator_degradation,diagnosed,Actuator performance degradation,96.7,0.68,810c69f7a66cf2944e3e24d0a2b216f4ebacb9a4dee41f2a6e135c53be1f139b,12.0612
development,4,1.03889,4,actuator_degradation,0.5,actuator_degradation,actuator_degradation,diagnosed,Actuator performance degradation,90.4,0.76,b7f7d3a8ffaf33e0b767322204d8494422a692710e3238d8beb596a6528fd9fd,12.019
development,4,1.03889,4,actuator_degradation,0.75,actuator_degradation,actuator_degradation,diagnosed,Actuator performance degradation,71.0,0.82,72dbaf14a60ce211f7716efdb76ff317f2efb7fbd4e8198a90e1363d37d809a3,13.5535
development,4,1.03889,4,actuator_degradation,1.0,actuator_degradation,actuator_degradation,diagnosed,Actuator performance degradation,58.0,0.92,3d33fe3e1d1a5b6365297896e931caf02f7386a23d85df7a7138c9a30dac88ff,13.2113
development,4,1.03889,4,sensor_drift,0.0,normal,normal,normal,No actionable deviation,100.0,0.92,18861a27887ef656b90a62f560af052843be1b8b7238ad81119eff26ef588997,11.7826
development,4,1.03889,4,sensor_drift,0.25,sensor_drift,normal,normal,No actionable deviation,98.5,0.92,e3620e7becc45790519414ceb04c14f6e3aea72ddf6725aee409778a8225a57a,11.7976
development,4,1.03889,4,sensor_drift,0.5,sensor_drift,sensor_drift,diagnosed,Position sensor drift / process inconsistency,97.4,0.65,90edf37789987b7920288e14bf76f4c9480a02195e5f91371d4205bd957ae726,12.4778
development,4,1.03889,4,sensor_drift,0.75,sensor_drift,sensor_drift,diagnosed,Position sensor drift / process inconsistency,96.0,0.66,1dec8ff32898a4af134e331e39176ac05b276c8940202161b86282c304b3e6aa,12.1187
development,4,1.03889,4,sensor_drift,1.0,sensor_drift,sensor_drift,diagnosed,Position sensor drift / process inconsistency,94.8,0.67,36e7cb05b9fc85aa7e5500ea47134eb9fdbf66109486bebb2d0ad78513835842,11.895
development,4,1.03889,5,normal,0.0,normal,normal,normal,No actionable deviation,100.0,0.92,739416fd76d81d9145ec8da8b63e4992ce583ee0f73591bd4246d9e02fca37f3,12.4496
development,4,1.03889,5,normal,0.25,normal,normal,normal,No actionable deviation,100.0,0.92,739416fd76d81d9145ec8da8b63e4992ce583ee0f73591bd4246d9e02fca37f3,12.181
development,4,1.03889,5,normal,0.5,normal,normal,normal,No actionable deviation,100.0,0.92,739416fd76d81d9145ec8da8b63e4992ce583ee0f73591bd4246d9e02fca37f3,12.5452
development,4,1.03889,5,normal,0.75,normal,normal,normal,No actionable deviation,100.0,0.92,739416fd76d81d9145ec8da8b63e4992ce583ee0f73591bd4246d9e02fca37f3,12.1311
development,4,1.03889,5,normal,1.0,normal,normal,normal,No actionable deviation,100.0,0.92,739416fd76d81d9145ec8da8b63e4992ce583ee0f73591bd4246d9e02fca37f3,12.1683
development,4,1.03889,5,friction,0.0,normal,normal,normal,No actionable deviation,100.0,0.92,739416fd76d81d9145ec8da8b63e4992ce583ee0f73591bd4246d9e02fca37f3,12.1032
development,4,1.03889,5,friction,0.25,friction,normal,normal,No actionable deviation,95.4,0.92,e288ea98430cbce3d219adfde21da6b631e5093c833f53d35f83dc2de7effb02,12.4067
development,4,1.03889,5,friction,0.5,friction,friction,diagnosed,Friction growth,91.2,0.7,d48150276da46c7674d3b81c5f4a57fc09731f8b94cd7e600f2e280d85676c31,12.9101
development,4,1.03889,5,friction,0.75,friction,friction,diagnosed,Friction growth,85.4,0.73,4d464cabad1a4eea1bcd1f31e8fa748d592782775d63d360b8fed55bcd73c540,12.7702
development,4,1.03889,5,friction,1.0,friction,friction,diagnosed,Friction growth,77.7,0.77,be381fdabd93220d91fdf5df423966bc2b3e4681042c651b87ebbcfb07688637,12.2522
development,4,1.03889,5,stiction,0.0,normal,normal,normal,No actionable deviation,100.0,0.92,739416fd76d81d9145ec8da8b63e4992ce583ee0f73591bd4246d9e02fca37f3,11.9233
development,4,1.03889,5,stiction,0.25,stiction,stiction,diagnosed,Persistent localized stiction,38.7,0.92,4da02fea2b7da84276c9519c6a1f0e35ede9c37c062dd976e0a11dbc0f6dce56,12.7309
development,4,1.03889,5,stiction,0.5,stiction,stiction,diagnosed,Persistent localized stiction,34.7,0.92,130896ad135784e3824d292caac2871a8a739c21b5348ab2b1b270298e74e24d,12.0602
development,4,1.03889,5,stiction,0.75,stiction,stiction,diagnosed,Persistent localized stiction,33.4,0.92,ae4152c02a9f8c999d35f726d8aa42e34dd458f85673a4a2a19300fd7352621b,13.3249
development,4,1.03889,5,stiction,1.0,stiction,stiction,diagnosed,Persistent localized stiction,32.7,0.92,32ada541f924c2efb59f70bf2870ec89b4dd9e167074c1bb6efcf35956ed2834,14.574
development,4,1.03889,5,obstruction,0.0,normal,normal,normal,No actionable deviation,100.0,0.92,739416fd76d81d9145ec8da8b63e4992ce583ee0f73591bd4246d9e02fca37f3,13.9513
development,4,1.03889,5,obstruction,0.25,obstruction,obstruction,diagnosed,Travel obstruction or persistent stiction,70.0,0.79,6904279fe2c7c95ab2e576e76e72fa6476973541a95ed5b6ae441448f31342dd,13.266
development,4,1.03889,5,obstruction,0.5,obstruction,obstruction,diagnosed,Travel obstruction or persistent stiction,53.1,0.84,0cef6b0ef74435aef263584ce2d98f8324ccb190048063b5ce38444ec493a7c1,18.3004
development,4,1.03889,5,obstruction,0.75,obstruction,obstruction,diagnosed,Travel obstruction or persistent stiction,43.1,0.92,efe23d4f00f7c159637c88263a122db31188a1319dc7f810e3eb6824e6ae81aa,12.1266
development,4,1.03889,5,obstruction,1.0,obstruction,obstruction,diagnosed,Travel obstruction or persistent stiction,32.4,0.92,c94f42670b930172629a6fcc0ca97b3b8678401c08cb58e1a39a406eb68fa32e,14.0214
development,4,1.03889,5,actuator_degradation,0.0,normal,normal,normal,No actionable deviation,100.0,0.92,739416fd76d81d9145ec8da8b63e4992ce583ee0f73591bd4246d9e02fca37f3,14.2906
development,4,1.03889,5,actuator_degradation,0.25,actuator_degradation,actuator_degradation,diagnosed,Actuator performance degradation,96.9,0.68,4115426cfa7d4b470dfe6f325767c4ab3c3fdd1375ca6be8fb11236270584f2f,12.9623
development,4,1.03889,5,actuator_degradation,0.5,actuator_degradation,actuator_degradation,diagnosed,Actuator performance degradation,90.6,0.76,d15578538db53eda9cc10657c3ba8482986dc777252ce1bc09a52fa349e701a2,12.6463
development,4,1.03889,5,actuator_degradation,0.75,actuator_degradation,actuator_degradation,diagnosed,Actuator performance degradation,71.4,0.82,7f74956abd928fbe91cd29578925ec0c8ebc0d844a2f17f9706051746e87d8fc,15.9596
development,4,1.03889,5,actuator_degradation,1.0,actuator_degradation,actuator_degradation,diagnosed,Actuator performance degradation,58.0,0.92,7906796666d468dff560fd534f4d02556ae21c73c1f9e3619eb0f71d747cb4e3,14.6935
development,4,1.03889,5,sensor_drift,0.0,normal,normal,normal,No actionable deviation,100.0,0.92,739416fd76d81d9145ec8da8b63e4992ce583ee0f73591bd4246d9e02fca37f3,12.7187
development,4,1.03889,5,sensor_drift,0.25,sensor_drift,normal,normal,No actionable deviation,98.4,0.92,6d0fe519e68d2af3526c92e2412a42e9050c7d32ece8f11373220d5f70678ab5,12.5274
development,4,1.03889,5,sensor_drift,0.5,sensor_drift,sensor_drift,diagnosed,Position sensor drift / process inconsistency,97.3,0.65,e6b8e4579ca6905ff1b63aeffc2031f9cd65b151e4ccc2c4f417bf6298571e00,12.3589
development,4,1.03889,5,sensor_drift,0.75,sensor_drift,sensor_drift,diagnosed,Position sensor drift / process inconsistency,96.1,0.66,10bef7435a26b5ce8f155d5d0bf5a1b8e7fd1ef3f5422bec410702dac6127804,12.5305
development,4,1.03889,5,sensor_drift,1.0,sensor_drift,sensor_drift,diagnosed,Position sensor drift / process inconsistency,94.9,0.67,82677226b91901dc09356739d8cd22fd3e3b5a5cf8a23a79ff5fec2e21219ffb,15.0519
development,4,1.03889,6,normal,0.0,normal,normal,normal,No actionable deviation,100.0,0.92,2b008a93a64a0b899651eb0e4736197ff1aca118901f66fdabeea5fb6e1b66e8,11.7708
development,4,1.03889,6,normal,0.25,normal,normal,normal,No actionable deviation,100.0,0.92,2b008a93a64a0b899651eb0e4736197ff1aca118901f66fdabeea5fb6e1b66e8,12.3831
development,4,1.03889,6,normal,0.5,normal,normal,normal,No actionable deviation,100.0,0.92,2b008a93a64a0b899651eb0e4736197ff1aca118901f66fdabeea5fb6e1b66e8,13.1725
development,4,1.03889,6,normal,0.75,normal,normal,normal,No actionable deviation,100.0,0.92,2b008a93a64a0b899651eb0e4736197ff1aca118901f66fdabeea5fb6e1b66e8,13.5813
development,4,1.03889,6,normal,1.0,normal,normal,normal,No actionable deviation,100.0,0.92,2b008a93a64a0b899651eb0e4736197ff1aca118901f66fdabeea5fb6e1b66e8,13.0312
development,4,1.03889,6,friction,0.0,normal,normal,normal,No actionable deviation,100.0,0.92,2b008a93a64a0b899651eb0e4736197ff1aca118901f66fdabeea5fb6e1b66e8,11.6245
development,4,1.03889,6,friction,0.25,friction,normal,normal,No actionable deviation,95.5,0.92,99ae2e1c86c1a79488a2dec0394c8d2fbd87562f459a5234927257952965b5c4,11.9562
development,4,1.03889,6,friction,0.5,friction,friction,diagnosed,Friction growth,91.2,0.7,c0b4fd573b5dda0d9244973d325f88da9fca577685e06d2a8a00eacaeefc7389,12.1449
development,4,1.03889,6,friction,0.75,friction,friction,diagnosed,Friction growth,85.5,0.73,6dffd204ff0daf5657fc510330e9757a2e6e7708d3f608902eba152a5bb33a61,12.1793
development,4,1.03889,6,friction,1.0,friction,friction,diagnosed,Friction growth,77.8,0.77,ce77579a292a3a5ec6b4b14058332961bddf2a1273f892c94770ec7515a4ba3c,12.4224
development,4,1.03889,6,stiction,0.0,normal,normal,normal,No actionable deviation,100.0,0.92,2b008a93a64a0b899651eb0e4736197ff1aca118901f66fdabeea5fb6e1b66e8,12.2578
development,4,1.03889,6,stiction,0.25,stiction,stiction,diagnosed,Persistent localized stiction,38.7,0.92,5939979e71db1a09b669966f5835a301c5647b3e3555b21ba5b638f96166a5f4,12.9304
development,4,1.03889,6,stiction,0.5,stiction,stiction,diagnosed,Persistent localized stiction,34.7,0.92,4e7c170d10fd26baa14763a612f46268eb10c6a252faff1f6ec1079b84efeab6,11.9691
development,4,1.03889,6,stiction,0.75,stiction,stiction,diagnosed,Persistent localized stiction,33.4,0.92,38acaaec713072fae1b510f234834adaf742fcbeebab98c9c9667e4fad3c6157,12.173
development,4,1.03889,6,stiction,1.0,stiction,stiction,diagnosed,Persistent localized stiction,32.7,0.92,2938601aff11cb09f88d4e8cfba164f6d391557e888742f5cc2af9e977b58676,11.8886
development,4,1.03889,6,obstruction,0.0,normal,normal,normal,No actionable deviation,100.0,0.92,2b008a93a64a0b899651eb0e4736197ff1aca118901f66fdabeea5fb6e1b66e8,12.3709
development,4,1.03889,6,obstruction,0.25,obstruction,obstruction,diagnosed,Travel obstruction or persistent stiction,70.0,0.79,b1f75eb9cf83997dc8e3301ff989e4979eac4b9d46b24df0a386a3cb39480b82,13.3249
development,4,1.03889,6,obstruction,0.5,obstruction,obstruction,diagnosed,Travel obstruction or persistent stiction,53.0,0.84,390b75e4a45907e988cb1e5029902af7c776fa672bb04685d95b2602c085cf7c,12.8125
development,4,1.03889,6,obstruction,0.75,obstruction,obstruction,diagnosed,Travel obstruction or persistent stiction,43.3,0.92,f566dd180e42ff54fe94eedba62d0b8d901de143682231c8f7b9b99feefdbe5b,12.8522
development,4,1.03889,6,obstruction,1.0,obstruction,obstruction,diagnosed,Travel obstruction or persistent stiction,32.5,0.92,e67ae95eb252ed78016c7f199419878c9e34369dca106eaea49d4ebc34c31316,12.5408
development,4,1.03889,6,actuator_degradation,0.0,normal,normal,normal,No actionable deviation,100.0,0.92,2b008a93a64a0b899651eb0e4736197ff1aca118901f66fdabeea5fb6e1b66e8,17.2806
development,4,1.03889,6,actuator_degradation,0.25,actuator_degradation,actuator_degradation,diagnosed,Actuator performance degradation,96.9,0.68,998535373ee4b74a1310d223df6504b8a6f1a75184efc6b7bd7a20f0c3681e6d,17.3546
development,4,1.03889,6,actuator_degradation,0.5,actuator_degradation,actuator_degradation,diagnosed,Actuator performance degradation,90.6,0.76,8bf4d7806cc6ff0b4b79493eb201bf5224fdce3122598c1f3135cf0487a27315,13.5009
development,4,1.03889,6,actuator_degradation,0.75,actuator_degradation,actuator_degradation,diagnosed,Actuator performance degradation,71.2,0.82,863f35aaa014125c556a661cd8476ac24c7fb32f1cf061eb48201cc88f210aa6,13.7979
development,4,1.03889,6,actuator_degradation,1.0,actuator_degradation,actuator_degradation,diagnosed,Actuator performance degradation,58.0,0.92,3b3e87ea11ee71aa737bd13e576957453b8e5e038ab4273bbecdd92a616cf0b2,13.6787
development,4,1.03889,6,sensor_drift,0.0,normal,normal,normal,No actionable deviation,100.0,0.92,2b008a93a64a0b899651eb0e4736197ff1aca118901f66fdabeea5fb6e1b66e8,12.9637
development,4,1.03889,6,sensor_drift,0.25,sensor_drift,normal,normal,No actionable deviation,98.5,0.92,5941602ac983015fcb0b9e7e23d29b8a1cbd836579abfb3676d6bd2f92a5e658,11.8925
development,4,1.03889,6,sensor_drift,0.5,sensor_drift,sensor_drift,diagnosed,Position sensor drift / process inconsistency,97.3,0.65,15cb74c4959f3bd683a1025f55aeedb21b0f01af543b542c1cce00ffbde8b7ec,11.9949
development,4,1.03889,6,sensor_drift,0.75,sensor_drift,sensor_drift,diagnosed,Position sensor drift / process inconsistency,96.2,0.66,a127c1d94a1c4ca7128300ffee622f13a2f3753d7263bf9243078bcb4228f084,12.0109
development,4,1.03889,6,sensor_drift,1.0,sensor_drift,sensor_drift,diagnosed,Position sensor drift / process inconsistency,95.0,0.67,3f7b8ec0ddeb9324e69839f47a91d2b15a779e24fab51d266bc665bfb578903a,12.9313
development,4,1.03889,7,normal,0.0,normal,normal,normal,No actionable deviation,100.0,0.92,c33dac91d85b37d9a63f361741004de44c61727dd7a49db8826c63aedbb35280,14.0836
development,4,1.03889,7,normal,0.25,normal,normal,normal,No actionable deviation,100.0,0.92,c33dac91d85b37d9a63f361741004de44c61727dd7a49db8826c63aedbb35280,13.2876
development,4,1.03889,7,normal,0.5,normal,normal,normal,No actionable deviation,100.0,0.92,c33dac91d85b37d9a63f361741004de44c61727dd7a49db8826c63aedbb35280,11.5937
development,4,1.03889,7,normal,0.75,normal,normal,normal,No actionable deviation,100.0,0.92,c33dac91d85b37d9a63f361741004de44c61727dd7a49db8826c63aedbb35280,11.7661
development,4,1.03889,7,normal,1.0,normal,normal,normal,No actionable deviation,100.0,0.92,c33dac91d85b37d9a63f361741004de44c61727dd7a49db8826c63aedbb35280,11.7763
development,4,1.03889,7,friction,0.0,normal,normal,normal,No actionable deviation,100.0,0.92,c33dac91d85b37d9a63f361741004de44c61727dd7a49db8826c63aedbb35280,12.0053
development,4,1.03889,7,friction,0.25,friction,normal,normal,No actionable deviation,95.5,0.92,8cad0d9d85329edc739837a4f704cca5591df67b15287f7d8eba6a666cb835d4,11.9895
development,4,1.03889,7,friction,0.5,friction,friction,diagnosed,Friction growth,91.2,0.7,853aad3ad4c47fed179af7bfa86ef9c4d3ed20a27189bbf4952262a1ab4e6d72,11.9618
development,4,1.03889,7,friction,0.75,friction,friction,diagnosed,Friction growth,85.3,0.73,2c2f157654819e252015f65b77282313d878ac6f34366f8bab6522f0e5c7dc59,11.9782
development,4,1.03889,7,friction,1.0,friction,friction,diagnosed,Friction growth,77.9,0.77,374761b8a33b7630afe005e90b532431c9cc70c9696e3133d52992f6a1e90d37,11.8982
development,4,1.03889,7,stiction,0.0,normal,normal,normal,No actionable deviation,100.0,0.92,c33dac91d85b37d9a63f361741004de44c61727dd7a49db8826c63aedbb35280,13.1997
development,4,1.03889,7,stiction,0.25,stiction,stiction,diagnosed,Persistent localized stiction,38.6,0.92,6b5677b3eb37136841739f2a8b96068de2e28bb63a03127d941b7376038a9c87,11.8101
development,4,1.03889,7,stiction,0.5,stiction,stiction,diagnosed,Persistent localized stiction,34.7,0.92,bcbf9893ea6e64538d38d6524823414d312ee54dbd2a2170d104e54fad14eaa0,12.2764
development,4,1.03889,7,stiction,0.75,stiction,stiction,diagnosed,Persistent localized stiction,33.3,0.92,4d72001ac13dda530e464b5c066e3262dd2a460f5e0ed3b6305b350c330cad8a,11.8783
development,4,1.03889,7,stiction,1.0,stiction,stiction,diagnosed,Persistent localized stiction,32.7,0.92,ec7f507e07b354673b59e64ca860aae1bfc6130f19bbc50ab582370bba58c02f,11.7933
development,4,1.03889,7,obstruction,0.0,normal,normal,normal,No actionable deviation,100.0,0.92,c33dac91d85b37d9a63f361741004de44c61727dd7a49db8826c63aedbb35280,11.764
development,4,1.03889,7,obstruction,0.25,obstruction,obstruction,diagnosed,Travel obstruction or persistent stiction,70.1,0.79,2f86c4d5015ef8aa08d06854ea9528d73463bb99b7e9f2d58033f87d4a3e5205,11.9593
development,4,1.03889,7,obstruction,0.5,obstruction,obstruction,diagnosed,Travel obstruction or persistent stiction,53.3,0.84,51cddc4c395512f8f23221f8aff220a4560bf2828312317ea29b63fbbfa68445,15.1253
development,4,1.03889,7,obstruction,0.75,obstruction,obstruction,diagnosed,Travel obstruction or persistent stiction,42.2,0.92,9e804089205c556ac722982373cb5322dad27467f00e4b473c0b404ba070fe7b,13.4574
development,4,1.03889,7,obstruction,1.0,obstruction,obstruction,diagnosed,Travel obstruction or persistent stiction,32.5,0.92,ba32f6f2706a45d379b95555789e5779b7ad129e1d8b5f2a71feb04d666098d0,14.1517
development,4,1.03889,7,actuator_degradation,0.0,normal,normal,normal,No actionable deviation,100.0,0.92,c33dac91d85b37d9a63f361741004de44c61727dd7a49db8826c63aedbb35280,11.8183
development,4,1.03889,7,actuator_degradation,0.25,actuator_degradation,actuator_degradation,diagnosed,Actuator performance degradation,96.9,0.68,56539d2462e1f307fcffa724f86226534df552aa9cf6e7ef39630c4ec7d1c29e,11.8153
development,4,1.03889,7,actuator_degradation,0.5,actuator_degradation,actuator_degradation,diagnosed,Actuator performance degradation,90.7,0.76,0340fab877c122af567a272bd628da1f2abd3c1c05eb2b4bd5ad5432692fa8ca,13.9904
development,4,1.03889,7,actuator_degradation,0.75,actuator_degradation,actuator_degradation,diagnosed,Actuator performance degradation,71.5,0.82,a5da1db574ae593f37a1d445f7954df6579d76d9c079698e0a5ebea4a4d88ca4,12.3873
development,4,1.03889,7,actuator_degradation,1.0,actuator_degradation,actuator_degradation,diagnosed,Actuator performance degradation,57.9,0.92,98855a8a3e92b311abe4676b11f9b5f935a1c0f1257cac25e9c2be315d81fe6b,12.0835
development,4,1.03889,7,sensor_drift,0.0,normal,normal,normal,No actionable deviation,100.0,0.92,c33dac91d85b37d9a63f361741004de44c61727dd7a49db8826c63aedbb35280,12.4981
development,4,1.03889,7,sensor_drift,0.25,sensor_drift,normal,normal,No actionable deviation,98.6,0.92,faa8d6ac1e1187d079fba0c44b71933842f63896538b00ef1174fa39a16a5373,13.6955
development,4,1.03889,7,sensor_drift,0.5,sensor_drift,sensor_drift,diagnosed,Position sensor drift / process inconsistency,97.4,0.65,07400decaca6278905692987ab6c4cdfa4925ea3c64097a0802990868a828976,13.8062
development,4,1.03889,7,sensor_drift,0.75,sensor_drift,sensor_drift,diagnosed,Position sensor drift / process inconsistency,96.2,0.66,656f718315d81ab589bad593c741e7f16b6c6a666c281bbf8dae405ddce9a981,13.5387
development,4,1.03889,7,sensor_drift,1.0,sensor_drift,sensor_drift,diagnosed,Position sensor drift / process inconsistency,94.9,0.67,6705bbb1d27c99aa4e5bf48dda8af4af3f8162da8833d10f7aab8b82e466ef61,12.0452
development,4,1.03889,8,normal,0.0,normal,normal,normal,No actionable deviation,100.0,0.92,ee985e8da6c972adcfaf7b0768c658ec3a4c0368678aa5b493d01ce84b240206,13.4731
development,4,1.03889,8,normal,0.25,normal,normal,normal,No actionable deviation,100.0,0.92,ee985e8da6c972adcfaf7b0768c658ec3a4c0368678aa5b493d01ce84b240206,13.3094
development,4,1.03889,8,normal,0.5,normal,normal,normal,No actionable deviation,100.0,0.92,ee985e8da6c972adcfaf7b0768c658ec3a4c0368678aa5b493d01ce84b240206,14.1384
development,4,1.03889,8,normal,0.75,normal,normal,normal,No actionable deviation,100.0,0.92,ee985e8da6c972adcfaf7b0768c658ec3a4c0368678aa5b493d01ce84b240206,11.9168
development,4,1.03889,8,normal,1.0,normal,normal,normal,No actionable deviation,100.0,0.92,ee985e8da6c972adcfaf7b0768c658ec3a4c0368678aa5b493d01ce84b240206,11.7924
development,4,1.03889,8,friction,0.0,normal,normal,normal,No actionable deviation,100.0,0.92,ee985e8da6c972adcfaf7b0768c658ec3a4c0368678aa5b493d01ce84b240206,11.785
development,4,1.03889,8,friction,0.25,friction,normal,normal,No actionable deviation,95.2,0.92,93a95be379dfddd9603b836fb7869aa2338d4d6cda329385249b1393c2acecec,12.0148
development,4,1.03889,8,friction,0.5,friction,friction,diagnosed,Friction growth,91.0,0.7,72a7b6a5859ba60ba3eadcf38834d3f32d08533000ed7d4a85e8456147338279,11.7246
development,4,1.03889,8,friction,0.75,friction,friction,diagnosed,Friction growth,84.9,0.74,5ddefc6ee4e99263fc291963b13fc1533b69fdcdf6ce5722fc3429073e04c64a,11.7756
development,4,1.03889,8,friction,1.0,friction,friction,diagnosed,Friction growth,77.8,0.77,f3cb8144d6568310edc3726d5c1a1d3eed77920c758e6d8b79047e2b93f8fa61,11.9539
development,4,1.03889,8,stiction,0.0,normal,normal,normal,No actionable deviation,100.0,0.92,ee985e8da6c972adcfaf7b0768c658ec3a4c0368678aa5b493d01ce84b240206,11.8068
development,4,1.03889,8,stiction,0.25,stiction,stiction,diagnosed,Persistent localized stiction,38.6,0.92,675bed57cedb60ae3a97819d5e52a2aa1b532490f3befd6eaf4e3cda9da9e1dc,11.7604
development,4,1.03889,8,stiction,0.5,stiction,stiction,diagnosed,Persistent localized stiction,34.7,0.92,dd2177c88822a45de5cfec0c8b6b1d064a2d683df9256024bb8088707893f8ea,12.0263
development,4,1.03889,8,stiction,0.75,stiction,stiction,diagnosed,Persistent localized stiction,33.2,0.92,beaa9b797d6e60156cad471060a7f2b055fab43e877d57f1634e6fb568f050ad,12.106
development,4,1.03889,8,stiction,1.0,stiction,stiction,diagnosed,Persistent localized stiction,32.7,0.92,b4b54941e8d9ac89193bb5ef5b97b38f79af8ff360fe6c86c54ac75ee0aae41f,12.0251
development,4,1.03889,8,obstruction,0.0,normal,normal,normal,No actionable deviation,100.0,0.92,ee985e8da6c972adcfaf7b0768c658ec3a4c0368678aa5b493d01ce84b240206,12.5994
development,4,1.03889,8,obstruction,0.25,obstruction,obstruction,diagnosed,Travel obstruction or persistent stiction,67.2,0.79,7b6b6ded2b01f54f9806cb20b7169154864bbc7d0cd21aba7a0f5c56e4f2c616,12.0747
development,4,1.03889,8,obstruction,0.5,obstruction,obstruction,diagnosed,Travel obstruction or persistent stiction,53.6,0.84,f809b256aac83a636f5caf806fd9fcf50797c10abf4e524a2bbf2c8fae68ea13,11.7542
development,4,1.03889,8,obstruction,0.75,obstruction,obstruction,diagnosed,Travel obstruction or persistent stiction,44.9,0.92,4f7206592cf4a7dd740ac2451ac935f6f81cbab8aaac222e51be939ea8535eca,12.1184
development,4,1.03889,8,obstruction,1.0,obstruction,obstruction,diagnosed,Travel obstruction or persistent stiction,32.5,0.92,6d90694610243b97d785d48fbd68b2a0567c62566fbea745b1948f806172e94c,12.2402
development,4,1.03889,8,actuator_degradation,0.0,normal,normal,normal,No actionable deviation,100.0,0.92,ee985e8da6c972adcfaf7b0768c658ec3a4c0368678aa5b493d01ce84b240206,12.4207
development,4,1.03889,8,actuator_degradation,0.25,actuator_degradation,actuator_degradation,diagnosed,Actuator performance degradation,96.7,0.68,40ced791933ddd282d0f101e64b767fcfff2392a4f53c6e86c9d41d7bae16cc1,12.3346
development,4,1.03889,8,actuator_degradation,0.5,actuator_degradation,actuator_degradation,diagnosed,Actuator performance degradation,90.7,0.76,cac19980e04fc65b0c2b72a35bd2c2553485095274eb6e198adc3457a46e3936,12.0997
development,4,1.03889,8,actuator_degradation,0.75,actuator_degradation,actuator_degradation,diagnosed,Actuator performance degradation,71.3,0.82,ea0839b03f5094ee373c6b155be4858ba33ae0705f39a4cb584f1e509415b266,12.3917
development,4,1.03889,8,actuator_degradation,1.0,actuator_degradation,actuator_degradation,diagnosed,Actuator performance degradation,57.9,0.92,dfe20002d5b4a46f010488fe6698afa57f7e07ca82d8251132283cf6183d0d7e,12.298
development,4,1.03889,8,sensor_drift,0.0,normal,normal,normal,No actionable deviation,100.0,0.92,ee985e8da6c972adcfaf7b0768c658ec3a4c0368678aa5b493d01ce84b240206,12.2176
development,4,1.03889,8,sensor_drift,0.25,sensor_drift,normal,normal,No actionable deviation,98.5,0.92,0c46dd81f6bf644ee06f45fa8675abc34f19c0d9830760572f42e47962f1c262,11.9691
development,4,1.03889,8,sensor_drift,0.5,sensor_drift,sensor_drift,diagnosed,Position sensor drift / process inconsistency,97.4,0.65,e999082aa900db43c1d13a8c4bd0a588b1313c463fa4fcc8a399cb9453d79d59,12.4936
development,4,1.03889,8,sensor_drift,0.75,sensor_drift,sensor_drift,diagnosed,Position sensor drift / process inconsistency,96.1,0.66,8a7b940394d7e93410a3d192609b08f4e11ae054612fe964ee13271f4a608a49,12.3412
development,4,1.03889,8,sensor_drift,1.0,sensor_drift,sensor_drift,diagnosed,Position sensor drift / process inconsistency,94.9,0.67,5984b76c8406bc9ffc71d96c5ed155e2fbbb9b1a9043b9ccb5eb44aa36db26f4,11.7431
development,4,1.03889,9,normal,0.0,normal,normal,normal,No actionable deviation,100.0,0.92,1ac21c22bf50d453ecfb5e69412b41c03613abcaf16e3f2f64eb5d800a319fe1,11.8077
development,4,1.03889,9,normal,0.25,normal,normal,normal,No actionable deviation,100.0,0.92,1ac21c22bf50d453ecfb5e69412b41c03613abcaf16e3f2f64eb5d800a319fe1,11.7717
development,4,1.03889,9,normal,0.5,normal,normal,normal,No actionable deviation,100.0,0.92,1ac21c22bf50d453ecfb5e69412b41c03613abcaf16e3f2f64eb5d800a319fe1,12.0936
development,4,1.03889,9,normal,0.75,normal,normal,normal,No actionable deviation,100.0,0.92,1ac21c22bf50d453ecfb5e69412b41c03613abcaf16e3f2f64eb5d800a319fe1,11.6797
development,4,1.03889,9,normal,1.0,normal,normal,normal,No actionable deviation,100.0,0.92,1ac21c22bf50d453ecfb5e69412b41c03613abcaf16e3f2f64eb5d800a319fe1,12.0727
development,4,1.03889,9,friction,0.0,normal,normal,normal,No actionable deviation,100.0,0.92,1ac21c22bf50d453ecfb5e69412b41c03613abcaf16e3f2f64eb5d800a319fe1,11.8058
development,4,1.03889,9,friction,0.25,friction,normal,normal,No actionable deviation,95.5,0.92,b2a9b366b759cae8c3f73f6ba300cfc66910b38deb53118c4007620fa573c12d,11.7926
development,4,1.03889,9,friction,0.5,friction,friction,diagnosed,Friction growth,91.2,0.7,bac67895659120ffdfe65ca21ae22ee0efd1847cc1f731e1fa3043bd17e8a2ad,11.9251
development,4,1.03889,9,friction,0.75,friction,friction,diagnosed,Friction growth,85.0,0.74,021275bf07c981bf0c001b83fb5a150ad3f8a47bd711060fcb219cdc3eabc5b1,12.0103
development,4,1.03889,9,friction,1.0,friction,friction,diagnosed,Friction growth,77.7,0.77,f6e32c9e8f297888c9061748005eeb498ee29615ad8744c96f7d29d51d54adc0,11.9889
development,4,1.03889,9,stiction,0.0,normal,normal,normal,No actionable deviation,100.0,0.92,1ac21c22bf50d453ecfb5e69412b41c03613abcaf16e3f2f64eb5d800a319fe1,11.6558
development,4,1.03889,9,stiction,0.25,stiction,stiction,diagnosed,Persistent localized stiction,38.7,0.92,21655e55fe9d50e78e4dd77acde6c6bbc4a09054ae093d4a7828ea3b207ba38f,11.8815
development,4,1.03889,9,stiction,0.5,stiction,stiction,diagnosed,Persistent localized stiction,34.7,0.92,399537f35d08257d9c7a2d5759c2739b0fcc7d6ae4449c9ddb6d19b273b724b9,11.8727
development,4,1.03889,9,stiction,0.75,stiction,stiction,diagnosed,Persistent localized stiction,33.4,0.92,45921ea5ba16d04854b1b192ab9c37edbf0454d4bcbbb7a8f2f203d8b50354ce,12.8931
development,4,1.03889,9,stiction,1.0,stiction,stiction,diagnosed,Persistent localized stiction,32.7,0.92,cd65a5c1b50ab26e9cf07523b6a3ee49c32c990ee7e8537364aa87754e3a5841,12.7138
development,4,1.03889,9,obstruction,0.0,normal,normal,normal,No actionable deviation,100.0,0.92,1ac21c22bf50d453ecfb5e69412b41c03613abcaf16e3f2f64eb5d800a319fe1,13.1823
development,4,1.03889,9,obstruction,0.25,obstruction,obstruction,diagnosed,Travel obstruction or persistent stiction,71.6,0.79,dbb27f045516acaa7dd2add96f5986bdf993498cffce8da1f9e12277d83c4041,13.705
development,4,1.03889,9,obstruction,0.5,obstruction,obstruction,diagnosed,Travel obstruction or persistent stiction,53.0,0.84,901032a97e933ad780e27cda5285217631aae14fd102d9fcbd720f168a8f7b0c,14.3153
development,4,1.03889,9,obstruction,0.75,obstruction,obstruction,diagnosed,Travel obstruction or persistent stiction,42.7,0.92,564c2ceec5ae18860f3561db6f76b048b5d258c9df80df035fd0d7893ce41e0c,11.9542
development,4,1.03889,9,obstruction,1.0,obstruction,obstruction,diagnosed,Travel obstruction or persistent stiction,32.3,0.92,3d7d785bdadf624a7bfe52b8b0a47640d4e4dc7386420ebf93dfd752f0c5eda4,14.5047
development,4,1.03889,9,actuator_degradation,0.0,normal,normal,normal,No actionable deviation,100.0,0.92,1ac21c22bf50d453ecfb5e69412b41c03613abcaf16e3f2f64eb5d800a319fe1,13.352
development,4,1.03889,9,actuator_degradation,0.25,actuator_degradation,actuator_degradation,diagnosed,Actuator performance degradation,96.9,0.68,a50c45f5ac3cae605bb03c5ea62ae4eef28ddb914e9666fc4536944d6285eafe,13.2585
development,4,1.03889,9,actuator_degradation,0.5,actuator_degradation,actuator_degradation,diagnosed,Actuator performance degradation,90.5,0.76,56cfd8d1a4d64be360a893d9bd1b548b6ed2a4079fbf153dc73da93c470dd2e6,13.2837
development,4,1.03889,9,actuator_degradation,0.75,actuator_degradation,actuator_degradation,diagnosed,Actuator performance degradation,71.3,0.82,11ea4856c9ef6e0aebea62c9925c9bc66573679bf62451d3a98797289d5e5ed3,12.6122
development,4,1.03889,9,actuator_degradation,1.0,actuator_degradation,actuator_degradation,diagnosed,Actuator performance degradation,58.0,0.92,fd617d381c9fff2997e6de7d796bca3c21234155271cd9fb842a0b87c07fcfcf,12.8953
development,4,1.03889,9,sensor_drift,0.0,normal,normal,normal,No actionable deviation,100.0,0.92,1ac21c22bf50d453ecfb5e69412b41c03613abcaf16e3f2f64eb5d800a319fe1,11.7356
development,4,1.03889,9,sensor_drift,0.25,sensor_drift,normal,normal,No actionable deviation,98.5,0.92,d7470a4cf9bf9b47db0b2a8955e99c8dafea1714821a73ec7e37ef3ea703cb83,11.7463
development,4,1.03889,9,sensor_drift,0.5,sensor_drift,sensor_drift,diagnosed,Position sensor drift / process inconsistency,97.3,0.65,79616964f125c03836b4ead7cec4be7a71417fa425e4264911b725a2816f9559,12.1207
development,4,1.03889,9,sensor_drift,0.75,sensor_drift,sensor_drift,diagnosed,Position sensor drift / process inconsistency,96.2,0.66,698d3ed64cd8ce965525d6d69acb76769ba9e0fff5ed5c8c929eabdf68f0ece8,11.806
development,4,1.03889,9,sensor_drift,1.0,sensor_drift,sensor_drift,diagnosed,Position sensor drift / process inconsistency,94.9,0.67,7e62553c88319a3d5b987bff655c031c34352095a26a65afe462cf3bf7741efd,11.8802
development,5,1.11111,0,normal,0.0,normal,normal,normal,No actionable deviation,100.0,0.92,c8875a715c688d1a02ba9c444c01272b1a459b3e86c9dcc123d04d6da7a3a057,12.2251
development,5,1.11111,0,normal,0.25,normal,normal,normal,No actionable deviation,100.0,0.92,c8875a715c688d1a02ba9c444c01272b1a459b3e86c9dcc123d04d6da7a3a057,11.7265
development,5,1.11111,0,normal,0.5,normal,normal,normal,No actionable deviation,100.0,0.92,c8875a715c688d1a02ba9c444c01272b1a459b3e86c9dcc123d04d6da7a3a057,11.6796
development,5,1.11111,0,normal,0.75,normal,normal,normal,No actionable deviation,100.0,0.92,c8875a715c688d1a02ba9c444c01272b1a459b3e86c9dcc123d04d6da7a3a057,11.755
development,5,1.11111,0,normal,1.0,normal,normal,normal,No actionable deviation,100.0,0.92,c8875a715c688d1a02ba9c444c01272b1a459b3e86c9dcc123d04d6da7a3a057,11.6332
development,5,1.11111,0,friction,0.0,normal,normal,normal,No actionable deviation,100.0,0.92,c8875a715c688d1a02ba9c444c01272b1a459b3e86c9dcc123d04d6da7a3a057,12.9609
development,5,1.11111,0,friction,0.25,friction,normal,normal,No actionable deviation,95.3,0.92,3e99f4e7c8249a624ee9a77b773f4ab996cb7182a348ab9cf4cd22e7e9af9a67,12.3979
development,5,1.11111,0,friction,0.5,friction,friction,diagnosed,Friction growth,89.7,0.69,b808bf1be767adf0b70cf37b420ec86c85cb558bc7adc1391bb8c6b28a16174b,12.2719
development,5,1.11111,0,friction,0.75,friction,friction,diagnosed,Friction growth,82.3,0.74,0978236b542f0ede1b2f1929901a34fb399c50bdf0683012228f7cb04bf3ca72,12.3571
development,5,1.11111,0,friction,1.0,friction,friction,diagnosed,Friction growth,73.0,0.78,53574aad29eb69e3c1f75bcb1b28436eaeef9e66c659b5632eab11315afd408e,13.9829
development,5,1.11111,0,stiction,0.0,normal,normal,normal,No actionable deviation,100.0,0.92,c8875a715c688d1a02ba9c444c01272b1a459b3e86c9dcc123d04d6da7a3a057,13.7826
development,5,1.11111,0,stiction,0.25,stiction,stiction,diagnosed,Persistent localized stiction,39.4,0.92,d7b783d862be6b5a97c4e2e00b34c0fa096452c0f9e0b9ccd75f85782a0e47a2,13.0354
development,5,1.11111,0,stiction,0.5,stiction,stiction,diagnosed,Persistent localized stiction,36.1,0.92,afb55e489364eda4a3b5e44ba005b4ae78f081dd6c715cbaeddc340101fdf24d,13.7647
development,5,1.11111,0,stiction,0.75,stiction,stiction,diagnosed,Persistent localized stiction,34.9,0.92,5491292d45e77efc984dc96dd8bc77d61f618d9761f0c9563ea10a81068430ed,13.1532
development,5,1.11111,0,stiction,1.0,stiction,stiction,diagnosed,Persistent localized stiction,34.2,0.92,da34a381051a8f34082fd183796a1cbee1d89c10ee23ad0bba87c31bbc4884cf,13.1891
development,5,1.11111,0,obstruction,0.0,normal,normal,normal,No actionable deviation,100.0,0.92,c8875a715c688d1a02ba9c444c01272b1a459b3e86c9dcc123d04d6da7a3a057,13.089
development,5,1.11111,0,obstruction,0.25,obstruction,obstruction,diagnosed,Travel obstruction or persistent stiction,74.3,0.76,8ac57d1e85087d96512fa590242976cb960c59b2502cf34fa3810d7c95d7aba1,11.925
development,5,1.11111,0,obstruction,0.5,obstruction,obstruction,diagnosed,Travel obstruction or persistent stiction,57.4,0.84,18128b1e9bffb92ab4ce796cc11321ef4adcc4396c97d311331fb8891e790620,11.982
development,5,1.11111,0,obstruction,0.75,obstruction,obstruction,diagnosed,Travel obstruction or persistent stiction,47.6,0.92,9f96e003254e0f451630b039aebe0b21a04580622f041b8b0621ae2766afa494,12.0983
development,5,1.11111,0,obstruction,1.0,obstruction,obstruction,diagnosed,Travel obstruction or persistent stiction,34.5,0.92,c2d8077790fccfa34fdcd0063731d942ff636dd920bacc00f2969085f57125d3,11.9881
development,5,1.11111,0,actuator_degradation,0.0,normal,normal,normal,No actionable deviation,100.0,0.92,c8875a715c688d1a02ba9c444c01272b1a459b3e86c9dcc123d04d6da7a3a057,11.7616
development,5,1.11111,0,actuator_degradation,0.25,actuator_degradation,actuator_degradation,diagnosed,Actuator performance degradation,97.0,0.67,03a84bdaefd8b862d03c91389bfe081713433717b11aabe94b1e9f4654186036,11.8888
development,5,1.11111,0,actuator_degradation,0.5,actuator_degradation,sensor_drift,diagnosed,Position sensor drift / process inconsistency,87.7,0.75,1e2eca8eb4de2a26de7451489ce6937faf94d305f308e9b749cd1e1bf9cdec66,12.8825
development,5,1.11111,0,actuator_degradation,0.75,actuator_degradation,actuator_degradation,diagnosed,Actuator performance degradation,68.3,0.87,fc89cfdc62f7dd817556e2e543880dce553c864ba69c36022876c007efab000b,13.2343
development,5,1.11111,0,actuator_degradation,1.0,actuator_degradation,actuator_degradation,diagnosed,Actuator performance degradation,58.8,0.92,1d24b3830e8686e8b1fbc84fe7f8070df50c0ddb2b2ddee6df189c0215da1078,12.946
development,5,1.11111,0,sensor_drift,0.0,normal,normal,normal,No actionable deviation,100.0,0.92,c8875a715c688d1a02ba9c444c01272b1a459b3e86c9dcc123d04d6da7a3a057,11.7732
development,5,1.11111,0,sensor_drift,0.25,sensor_drift,normal,normal,No actionable deviation,98.6,0.92,b9f549c82d4023386e1b15ab71074109c65ff67b35849498ea19223b24178e56,11.7761
development,5,1.11111,0,sensor_drift,0.5,sensor_drift,sensor_drift,diagnosed,Position sensor drift / process inconsistency,97.3,0.65,e1c48110126718bc1b1fd87a7ba999e0253fdf28e44106608dcaf7885af63cf3,11.7703
development,5,1.11111,0,sensor_drift,0.75,sensor_drift,sensor_drift,diagnosed,Position sensor drift / process inconsistency,96.0,0.66,b3f1861b335d9a938ce8c6882529a907ecfa61ce30633fb7c58215ec0bef30f7,11.8904
development,5,1.11111,0,sensor_drift,1.0,sensor_drift,sensor_drift,diagnosed,Position sensor drift / process inconsistency,94.8,0.68,c30fcc3e74255cbff82184b86181d715728fa72f4fdbcf8f8cdfb71ac875ecc1,11.8841
development,5,1.11111,1,normal,0.0,normal,normal,normal,No actionable deviation,100.0,0.92,783fda9aadaef5ebfd62a91f60d1a3a25cce2a9008f696298864d6a8ef492058,11.8281
development,5,1.11111,1,normal,0.25,normal,normal,normal,No actionable deviation,100.0,0.92,783fda9aadaef5ebfd62a91f60d1a3a25cce2a9008f696298864d6a8ef492058,11.675
development,5,1.11111,1,normal,0.5,normal,normal,normal,No actionable deviation,100.0,0.92,783fda9aadaef5ebfd62a91f60d1a3a25cce2a9008f696298864d6a8ef492058,11.9384
development,5,1.11111,1,normal,0.75,normal,normal,normal,No actionable deviation,100.0,0.92,783fda9aadaef5ebfd62a91f60d1a3a25cce2a9008f696298864d6a8ef492058,11.7721
development,5,1.11111,1,normal,1.0,normal,normal,normal,No actionable deviation,100.0,0.92,783fda9aadaef5ebfd62a91f60d1a3a25cce2a9008f696298864d6a8ef492058,11.8826
development,5,1.11111,1,friction,0.0,normal,normal,normal,No actionable deviation,100.0,0.92,783fda9aadaef5ebfd62a91f60d1a3a25cce2a9008f696298864d6a8ef492058,14.1264
development,5,1.11111,1,friction,0.25,friction,normal,normal,No actionable deviation,95.5,0.92,ee41d443682329711eafc1d6b21e5e443e25ed1e09782b60dc5ca8eeb3eb39d6,13.3479
development,5,1.11111,1,friction,0.5,friction,friction,diagnosed,Friction growth,89.9,0.69,0547c2c6443090a24521876e0642eeff91f062d7818d1e6baf09f876643ad043,13.4619
development,5,1.11111,1,friction,0.75,friction,friction,diagnosed,Friction growth,82.7,0.74,24c9cec0eecaec2b18560fd60c0a2508c51e531b48e0456afb84d202f6befbff,11.9269
development,5,1.11111,1,friction,1.0,friction,friction,diagnosed,Friction growth,73.4,0.78,a63225a62679da25719b2e4acfb51fc7825f4b1b3e5ce6f8a930d58a33d5857f,11.9004
development,5,1.11111,1,stiction,0.0,normal,normal,normal,No actionable deviation,100.0,0.92,783fda9aadaef5ebfd62a91f60d1a3a25cce2a9008f696298864d6a8ef492058,11.6872
development,5,1.11111,1,stiction,0.25,stiction,stiction,diagnosed,Persistent localized stiction,39.4,0.92,f4ef2f7e27767820798d334d794bb3863fc20a54c059a16ffc68d5a4cf8ff1a9,11.9968
development,5,1.11111,1,stiction,0.5,stiction,stiction,diagnosed,Persistent localized stiction,36.1,0.92,3326616717afd67cc60320487e2902fcde984d8300e227d2e90010fd304c9011,11.8872
development,5,1.11111,1,stiction,0.75,stiction,stiction,diagnosed,Persistent localized stiction,34.9,0.92,9b95a38ab0da9907755e4ae5b5b54052c40bdc9144ecc5b9dcedb04828696d1f,11.8233
development,5,1.11111,1,stiction,1.0,stiction,stiction,diagnosed,Persistent localized stiction,34.3,0.92,e0c73ed3522cacae02347dca548a1db3ee26fcd96f1ae9bf02c80f2fdfa4f877,11.8386
development,5,1.11111,1,obstruction,0.0,normal,normal,normal,No actionable deviation,100.0,0.92,783fda9aadaef5ebfd62a91f60d1a3a25cce2a9008f696298864d6a8ef492058,11.7689
development,5,1.11111,1,obstruction,0.25,obstruction,obstruction,diagnosed,Travel obstruction or persistent stiction,74.4,0.76,447f47ae1688f9ef3ea82f33a0e76c8fcfe9e1cef27a6e5070a46ab8f1a475d5,11.7919
development,5,1.11111,1,obstruction,0.5,obstruction,obstruction,diagnosed,Travel obstruction or persistent stiction,57.4,0.84,e9e158977ea6ef8c17bc9dd466fd6a83d767e0b30b24ea8545e27fb3fedc14db,11.7707
development,5,1.11111,1,obstruction,0.75,obstruction,obstruction,diagnosed,Travel obstruction or persistent stiction,47.6,0.92,84efcadc572186bffedd48aee23e2c067ba1acc31a55ec4d2e33c7df38da79ea,11.8375
development,5,1.11111,1,obstruction,1.0,obstruction,obstruction,diagnosed,Travel obstruction or persistent stiction,34.4,0.92,c8b047fe36ceb5ccc2c3506bc109ec27eec017df5face5f8e1a01381ffc57359,11.8783
development,5,1.11111,1,actuator_degradation,0.0,normal,normal,normal,No actionable deviation,100.0,0.92,783fda9aadaef5ebfd62a91f60d1a3a25cce2a9008f696298864d6a8ef492058,11.732
development,5,1.11111,1,actuator_degradation,0.25,actuator_degradation,actuator_degradation,diagnosed,Actuator performance degradation,97.0,0.67,a7197c28a311c74caee92185ccb336bbfccca17ccca633f31a99d304c90839a1,12.5118
development,5,1.11111,1,actuator_degradation,0.5,actuator_degradation,sensor_drift,diagnosed,Position sensor drift / process inconsistency,87.9,0.75,08450d4152d52f6221abca31ada1c98a71cd5925234eef4f3625eda78d428cd4,12.5794
development,5,1.11111,1,actuator_degradation,0.75,actuator_degradation,actuator_degradation,diagnosed,Actuator performance degradation,68.7,0.87,5fbb1d32a82d45d4e5d9da7e5614bf48e9be630dcca85db9a5f810a485b013ad,12.158
development,5,1.11111,1,actuator_degradation,1.0,actuator_degradation,actuator_degradation,diagnosed,Actuator performance degradation,58.6,0.92,c5f6bd69180d67b6e93f1df1e075d588adcc6db60770e1c063e2152cfd6f71dc,12.8927
development,5,1.11111,1,sensor_drift,0.0,normal,normal,normal,No actionable deviation,100.0,0.92,783fda9aadaef5ebfd62a91f60d1a3a25cce2a9008f696298864d6a8ef492058,12.1323
development,5,1.11111,1,sensor_drift,0.25,sensor_drift,normal,normal,No actionable deviation,98.5,0.92,5bd141a19835a151c25e46e2fcbfc045eb56e618e095cc64ea7ac35d9231e702,11.8504
development,5,1.11111,1,sensor_drift,0.5,sensor_drift,sensor_drift,diagnosed,Position sensor drift / process inconsistency,97.3,0.65,c35fb99464c39263f7304fa60035c38d4a08556f359805fcbbf6a57dd7c31631,11.7991
development,5,1.11111,1,sensor_drift,0.75,sensor_drift,sensor_drift,diagnosed,Position sensor drift / process inconsistency,95.8,0.66,37f22e549a25734919959032721e6f851c1279f74ca12b6a7250f804cd2413f6,14.4629
development,5,1.11111,1,sensor_drift,1.0,sensor_drift,sensor_drift,diagnosed,Position sensor drift / process inconsistency,94.7,0.68,43724ab3e59e5b2bce3a1019517a083a1d80bcd0b4a054cf69af015ed780d491,13.4916
development,5,1.11111,2,normal,0.0,normal,normal,normal,No actionable deviation,100.0,0.92,e4efcac06d7c0a344b39fa72b9f78e3ebd46b0f41ac4f953c48b73e1ba487a50,13.1519
development,5,1.11111,2,normal,0.25,normal,normal,normal,No actionable deviation,100.0,0.92,e4efcac06d7c0a344b39fa72b9f78e3ebd46b0f41ac4f953c48b73e1ba487a50,13.6182
development,5,1.11111,2,normal,0.5,normal,normal,normal,No actionable deviation,100.0,0.92,e4efcac06d7c0a344b39fa72b9f78e3ebd46b0f41ac4f953c48b73e1ba487a50,11.9093
development,5,1.11111,2,normal,0.75,normal,normal,normal,No actionable deviation,100.0,0.92,e4efcac06d7c0a344b39fa72b9f78e3ebd46b0f41ac4f953c48b73e1ba487a50,11.7619
development,5,1.11111,2,normal,1.0,normal,normal,normal,No actionable deviation,100.0,0.92,e4efcac06d7c0a344b39fa72b9f78e3ebd46b0f41ac4f953c48b73e1ba487a50,11.8317
development,5,1.11111,2,friction,0.0,normal,normal,normal,No actionable deviation,100.0,0.92,e4efcac06d7c0a344b39fa72b9f78e3ebd46b0f41ac4f953c48b73e1ba487a50,11.8428
development,5,1.11111,2,friction,0.25,friction,normal,normal,No actionable deviation,95.3,0.92,bfb5bba14d8745a8cf2d4d9bb32a9ea42ac799a5467d863ebe2578cf4a04f3da,11.8271
development,5,1.11111,2,friction,0.5,friction,friction,diagnosed,Friction growth,89.4,0.7,340afa2d200a3172e94871a18b8ad21849d881e00d4151440756533ec18b98b1,12.201
development,5,1.11111,2,friction,0.75,friction,friction,diagnosed,Friction growth,82.2,0.74,7320499b6d94bf0ce3fdfa3923a237e30fffe170d4e4ffb920d9ab972f397860,13.5027
development,5,1.11111,2,friction,1.0,friction,friction,diagnosed,Friction growth,73.0,0.78,b977aabc07ae8b8cd50ef3a1a6ee7a7e0141afe30b546ea086b421757100ba5c,12.1624
development,5,1.11111,2,stiction,0.0,normal,normal,normal,No actionable deviation,100.0,0.92,e4efcac06d7c0a344b39fa72b9f78e3ebd46b0f41ac4f953c48b73e1ba487a50,12.1443
development,5,1.11111,2,stiction,0.25,stiction,stiction,diagnosed,Persistent localized stiction,39.5,0.92,ff1831d8aea1d9a99bc11aff3108ed6202baccc9df78482e05116415e38c8884,12.2923
development,5,1.11111,2,stiction,0.5,stiction,stiction,diagnosed,Persistent localized stiction,36.1,0.92,3bf2c769e54ecf7f662bdb876b7bdcfbb13f51009043b40f6cbb0e5e88cb5bcd,12.5628
development,5,1.11111,2,stiction,0.75,stiction,stiction,diagnosed,Persistent localized stiction,34.9,0.92,cd958dee0f61a31972b319676d8313d23ea20e17efa98176bf2a14b5107b3a7d,12.8635
development,5,1.11111,2,stiction,1.0,stiction,stiction,diagnosed,Persistent localized stiction,34.2,0.92,f1d7c12d6cc93f02fdda14595e014669b0c474257d9703a32ea804e66eab47d9,13.9117
development,5,1.11111,2,obstruction,0.0,normal,normal,normal,No actionable deviation,100.0,0.92,e4efcac06d7c0a344b39fa72b9f78e3ebd46b0f41ac4f953c48b73e1ba487a50,13.8201
development,5,1.11111,2,obstruction,0.25,obstruction,obstruction,diagnosed,Travel obstruction or persistent stiction,74.1,0.76,74c08eebe24a74ddc4e5e3edce51085cd5987ab68ab9e589554cf778ddba11f8,12.1533
development,5,1.11111,2,obstruction,0.5,obstruction,obstruction,diagnosed,Travel obstruction or persistent stiction,56.4,0.84,4460e5c2a0261ed05428b3af633eea64ac7ee68aa014d2aa48fe98afeee7c3d0,11.8112
development,5,1.11111,2,obstruction,0.75,obstruction,obstruction,diagnosed,Travel obstruction or persistent stiction,46.5,0.92,4810f6ae1eb32434118d1237a572ecc722313ba7bf0120bfd25bbaae63e91cb3,11.8699
development,5,1.11111,2,obstruction,1.0,obstruction,obstruction,diagnosed,Travel obstruction or persistent stiction,37.9,0.92,428a17e3ac91a22e974fa42b74f258ca2e70df65f1e49c606a4f2e4c7708baf7,11.8612
development,5,1.11111,2,actuator_degradation,0.0,normal,normal,normal,No actionable deviation,100.0,0.92,e4efcac06d7c0a344b39fa72b9f78e3ebd46b0f41ac4f953c48b73e1ba487a50,11.9649
development,5,1.11111,2,actuator_degradation,0.25,actuator_degradation,actuator_degradation,diagnosed,Actuator performance degradation,97.0,0.67,160bb63cd51484ad31642fe358b85e1c02a189939f1394a25ebb9f1d72255ee2,12.2348
development,5,1.11111,2,actuator_degradation,0.5,actuator_degradation,sensor_drift,diagnosed,Position sensor drift / process inconsistency,87.5,0.75,72c218d4fad2bf3f0fcaf4be95138a410c617eac72c767141009d81a272722da,12.113
development,5,1.11111,2,actuator_degradation,0.75,actuator_degradation,actuator_degradation,diagnosed,Actuator performance degradation,68.2,0.87,4323db82da6d6b64d480f0a4409569a7087b97966c73b990b9b7246922a7909e,11.9842
development,5,1.11111,2,actuator_degradation,1.0,actuator_degradation,actuator_degradation,diagnosed,Actuator performance degradation,58.8,0.92,6423e4bc64e76eb20398f1a1eb68467e9c3f73f57e9b439baeb73e571c8ac4d6,12.0879
development,5,1.11111,2,sensor_drift,0.0,normal,normal,normal,No actionable deviation,100.0,0.92,e4efcac06d7c0a344b39fa72b9f78e3ebd46b0f41ac4f953c48b73e1ba487a50,11.9519
development,5,1.11111,2,sensor_drift,0.25,sensor_drift,normal,normal,No actionable deviation,98.6,0.92,3567bfee19159c1b282457b001f98c5ba23feac6b02eef44963c01882f5b0f29,11.9357
development,5,1.11111,2,sensor_drift,0.5,sensor_drift,sensor_drift,diagnosed,Position sensor drift / process inconsistency,97.3,0.65,b09f15171b2d57de9898a723f2a721c9d7a60f71774064791878dcb1775b501f,11.7356
development,5,1.11111,2,sensor_drift,0.75,sensor_drift,sensor_drift,diagnosed,Position sensor drift / process inconsistency,96.1,0.66,d1a015a613ee06e13de33bb43c6d1f67cd935be6ddc89336467e7125d86d6ca2,12.3649
development,5,1.11111,2,sensor_drift,1.0,sensor_drift,sensor_drift,diagnosed,Position sensor drift / process inconsistency,94.8,0.68,97467e73c042f72674772e35ffeb2f52b78a5cf97bbce545d79e5f1627f5f000,11.8296
development,5,1.11111,3,normal,0.0,normal,normal,normal,No actionable deviation,100.0,0.92,d8a5d13dab320a685217382554240ee98021f0ff04e4ae6e0d351d3ac0190b7c,13.6998
development,5,1.11111,3,normal,0.25,normal,normal,normal,No actionable deviation,100.0,0.92,d8a5d13dab320a685217382554240ee98021f0ff04e4ae6e0d351d3ac0190b7c,11.7027
development,5,1.11111,3,normal,0.5,normal,normal,normal,No actionable deviation,100.0,0.92,d8a5d13dab320a685217382554240ee98021f0ff04e4ae6e0d351d3ac0190b7c,11.763
development,5,1.11111,3,normal,0.75,normal,normal,normal,No actionable deviation,100.0,0.92,d8a5d13dab320a685217382554240ee98021f0ff04e4ae6e0d351d3ac0190b7c,11.7931
development,5,1.11111,3,normal,1.0,normal,normal,normal,No actionable deviation,100.0,0.92,d8a5d13dab320a685217382554240ee98021f0ff04e4ae6e0d351d3ac0190b7c,12.1883
development,5,1.11111,3,friction,0.0,normal,normal,normal,No actionable deviation,100.0,0.92,d8a5d13dab320a685217382554240ee98021f0ff04e4ae6e0d351d3ac0190b7c,12.1684
development,5,1.11111,3,friction,0.25,friction,normal,normal,No actionable deviation,95.5,0.92,06588d5ba2b5a781bc103591e1c0f39c02f10b43d68bb68e23088fa1c0531598,12.0878
development,5,1.11111,3,friction,0.5,friction,friction,diagnosed,Friction growth,89.4,0.7,d362d641597fb70fd72e3eda831dcc4d802d4e3e551584d3b74ec5877284a3fd,12.0296
development,5,1.11111,3,friction,0.75,friction,friction,diagnosed,Friction growth,82.3,0.74,b55651192a524573de8e7be589d3f7dbd637241bc59bb8c108ae618580c781ab,16.3378
development,5,1.11111,3,friction,1.0,friction,friction,diagnosed,Friction growth,73.2,0.78,c6f2d1deec474403197702dd85264456a19d4b40aad2435b0b197865bced3c88,14.4084
development,5,1.11111,3,stiction,0.0,normal,normal,normal,No actionable deviation,100.0,0.92,d8a5d13dab320a685217382554240ee98021f0ff04e4ae6e0d351d3ac0190b7c,11.8298
development,5,1.11111,3,stiction,0.25,stiction,stiction,diagnosed,Persistent localized stiction,39.4,0.92,6c7482589c06af4f1af54155adefceb2cdec1068067aed579b750181e4ca66f8,11.9256
development,5,1.11111,3,stiction,0.5,stiction,stiction,diagnosed,Persistent localized stiction,36.1,0.92,4de0916d747a58ea196ce21fb243b389190702dd5041ad34dcbb319220b310f0,11.8403
development,5,1.11111,3,stiction,0.75,stiction,stiction,diagnosed,Persistent localized stiction,34.9,0.92,cea5ba16682bedc9559fd22056bc0d74240199cf3f5b7a15c46227406b073544,12.6305
development,5,1.11111,3,stiction,1.0,stiction,stiction,diagnosed,Persistent localized stiction,34.2,0.92,ba48dc886dd931035640eaaa7219f66f39278466e3d5ccd06ad5940bdbe858c7,12.3233
development,5,1.11111,3,obstruction,0.0,normal,normal,normal,No actionable deviation,100.0,0.92,d8a5d13dab320a685217382554240ee98021f0ff04e4ae6e0d351d3ac0190b7c,11.9391
development,5,1.11111,3,obstruction,0.25,obstruction,obstruction,diagnosed,Travel obstruction or persistent stiction,74.2,0.76,29d4d29171a3fd7f38736dc34dd0d756c6501893b907622a37c6928daf11a6fb,12.1118
development,5,1.11111,3,obstruction,0.5,obstruction,obstruction,diagnosed,Travel obstruction or persistent stiction,56.5,0.84,908a5f792d3aa01f98a79ad5c2aae5a74aa0242b9eec010750b4e2321d619774,11.9451
development,5,1.11111,3,obstruction,0.75,obstruction,obstruction,diagnosed,Travel obstruction or persistent stiction,44.7,0.92,63ea986abf7a6c178d5ce5783a87d1c4249388e326d76c4479c7fa4fe07594dc,12.0251
development,5,1.11111,3,obstruction,1.0,obstruction,obstruction,diagnosed,Travel obstruction or persistent stiction,34.5,0.92,4374995a972cd806ce6468123a39ced8429e475cf06428f50c4f6585cfde0747,13.756
development,5,1.11111,3,actuator_degradation,0.0,normal,normal,normal,No actionable deviation,100.0,0.92,d8a5d13dab320a685217382554240ee98021f0ff04e4ae6e0d351d3ac0190b7c,14.1243
development,5,1.11111,3,actuator_degradation,0.25,actuator_degradation,actuator_degradation,diagnosed,Actuator performance degradation,96.8,0.68,d935abbad2d88437d47b1e383f47b671a90f42902bca13fe7f6619c40e16ca76,11.9403
development,5,1.11111,3,actuator_degradation,0.5,actuator_degradation,sensor_drift,diagnosed,Position sensor drift / process inconsistency,87.6,0.75,c466966f4444ddc51628b891d148f32b97a61ea3701cb4c29797cc2f6c954dc7,11.9656
development,5,1.11111,3,actuator_degradation,0.75,actuator_degradation,actuator_degradation,diagnosed,Actuator performance degradation,68.3,0.87,d0717ebbae12abfef61c40672362878d0f5330b4ea4a9b2b3218544702db8694,12.0414
development,5,1.11111,3,actuator_degradation,1.0,actuator_degradation,actuator_degradation,diagnosed,Actuator performance degradation,58.8,0.92,6b753eb30cfd5777ce9149473b2e6eb747a7922383b7173ccd28f356afba872f,11.8871
development,5,1.11111,3,sensor_drift,0.0,normal,normal,normal,No actionable deviation,100.0,0.92,d8a5d13dab320a685217382554240ee98021f0ff04e4ae6e0d351d3ac0190b7c,11.7512
development,5,1.11111,3,sensor_drift,0.25,sensor_drift,normal,normal,No actionable deviation,98.6,0.92,b26e1f63344620c64ecb078d02efc1be969c7a24e0078c68c6c3e6379485baa1,11.8495
development,5,1.11111,3,sensor_drift,0.5,sensor_drift,sensor_drift,diagnosed,Position sensor drift / process inconsistency,97.3,0.65,11541ff82467fb53f65d099cad9c68e81a75b7376edc18f4d2b1aff2a5028d6e,11.8431
development,5,1.11111,3,sensor_drift,0.75,sensor_drift,sensor_drift,diagnosed,Position sensor drift / process inconsistency,96.0,0.66,3763a4cf4e085ca7114c1ff3e20723f363f82af0e8b58960d64b6a1fb77a1f7a,12.028
development,5,1.11111,3,sensor_drift,1.0,sensor_drift,sensor_drift,diagnosed,Position sensor drift / process inconsistency,94.8,0.68,5da067e4f4d16639132e43ee3ff23c98fdbe904758c396d1455a97c632c0a5bb,11.8302
development,5,1.11111,4,normal,0.0,normal,normal,normal,No actionable deviation,100.0,0.92,3058c497d5f763f28ec1c42d164b59a89eafd83dda87d98d50e2c90349c39628,12.2407
development,5,1.11111,4,normal,0.25,normal,normal,normal,No actionable deviation,100.0,0.92,3058c497d5f763f28ec1c42d164b59a89eafd83dda87d98d50e2c90349c39628,12.7977
development,5,1.11111,4,normal,0.5,normal,normal,normal,No actionable deviation,100.0,0.92,3058c497d5f763f28ec1c42d164b59a89eafd83dda87d98d50e2c90349c39628,12.2426
development,5,1.11111,4,normal,0.75,normal,normal,normal,No actionable deviation,100.0,0.92,3058c497d5f763f28ec1c42d164b59a89eafd83dda87d98d50e2c90349c39628,12.0674
development,5,1.11111,4,normal,1.0,normal,normal,normal,No actionable deviation,100.0,0.92,3058c497d5f763f28ec1c42d164b59a89eafd83dda87d98d50e2c90349c39628,12.0665
development,5,1.11111,4,friction,0.0,normal,normal,normal,No actionable deviation,100.0,0.92,3058c497d5f763f28ec1c42d164b59a89eafd83dda87d98d50e2c90349c39628,12.1667
development,5,1.11111,4,friction,0.25,friction,normal,normal,No actionable deviation,95.4,0.92,75d9bb87c1ccac14eeed0b5cc2ab05c17db536a86035be1253f5a9d6ce9fddbe,12.2989
development,5,1.11111,4,friction,0.5,friction,friction,diagnosed,Friction growth,89.3,0.7,712ca259a58704a718e2c5ad3d326e0ab08b28f57f34a47fd3e289d1c5d0f9dd,12.5357
development,5,1.11111,4,friction,0.75,friction,friction,diagnosed,Friction growth,82.2,0.74,2041bd9e96401c71beea9bb0b0048bf645a68b955d7874423b116458639726f8,13.8441
development,5,1.11111,4,friction,1.0,friction,friction,diagnosed,Friction growth,73.1,0.78,7526222830bcd67798c74c05560b529c4379d22464a91ef31474f29fc2898307,11.8998
development,5,1.11111,4,stiction,0.0,normal,normal,normal,No actionable deviation,100.0,0.92,3058c497d5f763f28ec1c42d164b59a89eafd83dda87d98d50e2c90349c39628,13.4642
development,5,1.11111,4,stiction,0.25,stiction,stiction,diagnosed,Persistent localized stiction,39.4,0.92,4ca653daf1ed58124116ea0cc3ad7137ee7183e8b1516c38f7034eb26a88d07d,12.7158
development,5,1.11111,4,stiction,0.5,stiction,stiction,diagnosed,Persistent localized stiction,36.1,0.92,8d3008c1496ef832697b198c2857c8c26a6269c461fc2917c8e9eae910cc1aa3,12.1923
development,5,1.11111,4,stiction,0.75,stiction,stiction,diagnosed,Persistent localized stiction,34.9,0.92,df274aba655c34f11c9aee23acbbb742cc400378103e11ec5809509f77f517a4,12.1978
development,5,1.11111,4,stiction,1.0,stiction,stiction,diagnosed,Persistent localized stiction,34.2,0.92,4caadce1e307bc95ebf6ef9e701470a98f08c2a3afa8b78b0b3b0ea00a6c3543,12.2766
development,5,1.11111,4,obstruction,0.0,normal,normal,normal,No actionable deviation,100.0,0.92,3058c497d5f763f28ec1c42d164b59a89eafd83dda87d98d50e2c90349c39628,12.445
development,5,1.11111,4,obstruction,0.25,obstruction,obstruction,diagnosed,Travel obstruction or persistent stiction,74.2,0.76,aeaa72e76e309e5a58fa0d9b3a1300b36991ebcdf9f5664bfcfddfc07ce1f1b2,11.9687
development,5,1.11111,4,obstruction,0.5,obstruction,obstruction,diagnosed,Travel obstruction or persistent stiction,56.4,0.84,db60112f2447c548d4a15dd9f28cf1cfb01d166d2f12fd2c26c9cad026c98b07,11.7142
development,5,1.11111,4,obstruction,0.75,obstruction,obstruction,diagnosed,Travel obstruction or persistent stiction,44.6,0.92,f907e43ad489f65eb00fa5ef4a699b16c39e5a6ce0e13a9e86bcaf63ca588892,11.9797
development,5,1.11111,4,obstruction,1.0,obstruction,obstruction,diagnosed,Travel obstruction or persistent stiction,34.6,0.92,2198e76f183f9e9996a754c0a7a3c2134117c37230cf802551d3fa2d66d30cdd,11.7101
development,5,1.11111,4,actuator_degradation,0.0,normal,normal,normal,No actionable deviation,100.0,0.92,3058c497d5f763f28ec1c42d164b59a89eafd83dda87d98d50e2c90349c39628,11.8703
development,5,1.11111,4,actuator_degradation,0.25,actuator_degradation,actuator_degradation,diagnosed,Actuator performance degradation,96.9,0.67,37fc6c9892590c8deb80b3f7633fa4dc355f0ff6b469e5b44747a8193b1ed454,11.7374
development,5,1.11111,4,actuator_degradation,0.5,actuator_degradation,sensor_drift,diagnosed,Position sensor drift / process inconsistency,87.4,0.75,114f19d994ea01c8dfe5d001383c4759c38226159b2322338fc2c63c98f66df5,12.5187
development,5,1.11111,4,actuator_degradation,0.75,actuator_degradation,actuator_degradation,diagnosed,Actuator performance degradation,68.0,0.87,746e4135a995fdea4ca462945fac93b0db9370c407c09a5b970b5d1aa2018d1d,12.766
development,5,1.11111,4,actuator_degradation,1.0,actuator_degradation,actuator_degradation,diagnosed,Actuator performance degradation,58.6,0.92,4ee574abeec78e48c23f8bfe5b59c6595aa8fa69404b52725dd180f7b74ab34e,12.5469
development,5,1.11111,4,sensor_drift,0.0,normal,normal,normal,No actionable deviation,100.0,0.92,3058c497d5f763f28ec1c42d164b59a89eafd83dda87d98d50e2c90349c39628,12.4013
development,5,1.11111,4,sensor_drift,0.25,sensor_drift,normal,normal,No actionable deviation,98.4,0.92,9fc4894fdb39ce66cbb47a8295cc9b9d8474911daa9dc5468b45c0777256167a,11.9421
development,5,1.11111,4,sensor_drift,0.5,sensor_drift,sensor_drift,diagnosed,Position sensor drift / process inconsistency,97.2,0.65,96f086cf20bc2a934bdd467944fe6634a3fdaf86c99b0e85bbb793f91c2712ce,14.1593
development,5,1.11111,4,sensor_drift,0.75,sensor_drift,sensor_drift,diagnosed,Position sensor drift / process inconsistency,95.9,0.66,d1e8ac1585afd1f4705c7f13e7d698b984eb571fc62bffc17548982a00ec10bc,13.6585
development,5,1.11111,4,sensor_drift,1.0,sensor_drift,sensor_drift,diagnosed,Position sensor drift / process inconsistency,94.6,0.68,7dff41c1c43286069ceb321071b015dc872810dd8b931f8838ef2ce96e611330,13.8604
development,5,1.11111,5,normal,0.0,normal,normal,normal,No actionable deviation,100.0,0.92,a3616da98818bb17a79e7d79112067eda7de35a712428dbfdebfe90387195b1a,13.5094
development,5,1.11111,5,normal,0.25,normal,normal,normal,No actionable deviation,100.0,0.92,a3616da98818bb17a79e7d79112067eda7de35a712428dbfdebfe90387195b1a,13.3253
development,5,1.11111,5,normal,0.5,normal,normal,normal,No actionable deviation,100.0,0.92,a3616da98818bb17a79e7d79112067eda7de35a712428dbfdebfe90387195b1a,11.7497
development,5,1.11111,5,normal,0.75,normal,normal,normal,No actionable deviation,100.0,0.92,a3616da98818bb17a79e7d79112067eda7de35a712428dbfdebfe90387195b1a,11.741
development,5,1.11111,5,normal,1.0,normal,normal,normal,No actionable deviation,100.0,0.92,a3616da98818bb17a79e7d79112067eda7de35a712428dbfdebfe90387195b1a,11.7007
development,5,1.11111,5,friction,0.0,normal,normal,normal,No actionable deviation,100.0,0.92,a3616da98818bb17a79e7d79112067eda7de35a712428dbfdebfe90387195b1a,11.8716
development,5,1.11111,5,friction,0.25,friction,normal,normal,No actionable deviation,95.4,0.92,cd176ba97df6bafadfa1747a8757a49945dd0f1ba7de0a84d01dcf16ddb2eae8,11.8264
development,5,1.11111,5,friction,0.5,friction,friction,diagnosed,Friction growth,89.7,0.69,257de00de9aa880b32b73fe436fb712ee2bf6d5493e1773bde8b1e52669778f6,12.0114
development,5,1.11111,5,friction,0.75,friction,friction,diagnosed,Friction growth,82.6,0.74,866c984adbb67257f82405e0140d97e75ebc11abc6a082aac5bfc77e8aa62a7b,11.8487
development,5,1.11111,5,friction,1.0,friction,friction,diagnosed,Friction growth,73.1,0.78,6b70e079523cdf0a6b50487543e1ce7293b1803162c3657757edd175358666c9,13.725
development,5,1.11111,5,stiction,0.0,normal,normal,normal,No actionable deviation,100.0,0.92,a3616da98818bb17a79e7d79112067eda7de35a712428dbfdebfe90387195b1a,13.8588
development,5,1.11111,5,stiction,0.25,stiction,stiction,diagnosed,Persistent localized stiction,39.4,0.92,dfeadfa156b5f0406257d55f9b77a140b41c88d72f59e63eac84efc05997ddcc,13.5879
development,5,1.11111,5,stiction,0.5,stiction,stiction,diagnosed,Persistent localized stiction,36.1,0.92,cfd6773e8a1a6214379ecb5376fd4a0d5e5ea61195fa7aed5e503e36bc201a00,13.5515
development,5,1.11111,5,stiction,0.75,stiction,stiction,diagnosed,Persistent localized stiction,34.9,0.92,ac3d2f714183e8828823a697ebfe2619142e1cfa3a157ca8838dfd09d1e9e137,14.1195
development,5,1.11111,5,stiction,1.0,stiction,stiction,diagnosed,Persistent localized stiction,34.3,0.92,e4e6686a4cd7e42b3c5c6f8260435028927bf3e4b3e1cb4a044a6504cb9cb946,14.5511
development,5,1.11111,5,obstruction,0.0,normal,normal,normal,No actionable deviation,100.0,0.92,a3616da98818bb17a79e7d79112067eda7de35a712428dbfdebfe90387195b1a,12.9635
development,5,1.11111,5,obstruction,0.25,obstruction,obstruction,diagnosed,Travel obstruction or persistent stiction,74.0,0.76,78cbc6f5a601b581a38ede11c082fae4502951e343722059043df18683a1bee3,12.6277
development,5,1.11111,5,obstruction,0.5,obstruction,obstruction,diagnosed,Travel obstruction or persistent stiction,56.9,0.84,977b0a9e23b8431e93d6de94dd89caed734101762479523f38474f01e5f99185,11.9647
development,5,1.11111,5,obstruction,0.75,obstruction,obstruction,diagnosed,Travel obstruction or persistent stiction,49.8,0.92,993513715457b603fcfd61559ae65a56dc9580d57362a232c2764ad374e8e83e,11.7412
development,5,1.11111,5,obstruction,1.0,obstruction,obstruction,diagnosed,Travel obstruction or persistent stiction,34.7,0.92,b260bbc45dcb7eb9a9f45b64f782e6f5b88fdfd69c0cf872a2d6ffb98e3f6c4d,11.9206
development,5,1.11111,5,actuator_degradation,0.0,normal,normal,normal,No actionable deviation,100.0,0.92,a3616da98818bb17a79e7d79112067eda7de35a712428dbfdebfe90387195b1a,12.0037
development,5,1.11111,5,actuator_degradation,0.25,actuator_degradation,actuator_degradation,diagnosed,Actuator performance degradation,97.0,0.67,b7654369025b88dccadf4955e39f0a41949325d481b920f64311d2fc3b8b5c14,11.8912
development,5,1.11111,5,actuator_degradation,0.5,actuator_degradation,sensor_drift,diagnosed,Position sensor drift / process inconsistency,87.6,0.75,fafc52b92c767dcb5c0e4bfc2ec42bcfec897f543c6adbed122a5edd2fa62a0d,11.918
development,5,1.11111,5,actuator_degradation,0.75,actuator_degradation,actuator_degradation,diagnosed,Actuator performance degradation,68.2,0.87,c786def95c39578fb538492d4b4fb6c9c5547e753ed9bfb03e39f54a130ee408,11.8227
development,5,1.11111,5,actuator_degradation,1.0,actuator_degradation,actuator_degradation,diagnosed,Actuator performance degradation,58.8,0.92,8667ac78cc816f03355ade59ca1067741e1c2a3534f63e36a18a0587af78c512,11.9886
development,5,1.11111,5,sensor_drift,0.0,normal,normal,normal,No actionable deviation,100.0,0.92,a3616da98818bb17a79e7d79112067eda7de35a712428dbfdebfe90387195b1a,12.4871
development,5,1.11111,5,sensor_drift,0.25,sensor_drift,normal,normal,No actionable deviation,98.6,0.92,a8862bba590e91210a4b582aaf3c33a4b9589be04229c42e39a62944457edf83,11.7767
development,5,1.11111,5,sensor_drift,0.5,sensor_drift,sensor_drift,diagnosed,Position sensor drift / process inconsistency,97.2,0.65,cdc71b1e1d9bf7b08c316a2ee53dc923792008adb6c22ef8edd340540d90dfc8,11.7807
development,5,1.11111,5,sensor_drift,0.75,sensor_drift,sensor_drift,diagnosed,Position sensor drift / process inconsistency,96.0,0.66,e0fca2adf28cb256e2c3e9473ae9bfba38fb20c2eaa641b394df74d598ce9d6d,11.6362
development,5,1.11111,5,sensor_drift,1.0,sensor_drift,sensor_drift,diagnosed,Position sensor drift / process inconsistency,94.6,0.68,f49a7654c8791451ba7656492f9b74cae9976dc3f4cd29549ebdd7806b38d0c5,12.1048
development,5,1.11111,6,normal,0.0,normal,normal,normal,No actionable deviation,100.0,0.92,27f69cb502d6749dc635cc3fd3e160aadce5fd1a6bc42b585f3afadc9807de36,12.1598
development,5,1.11111,6,normal,0.25,normal,normal,normal,No actionable deviation,100.0,0.92,27f69cb502d6749dc635cc3fd3e160aadce5fd1a6bc42b585f3afadc9807de36,12.6128
development,5,1.11111,6,normal,0.5,normal,normal,normal,No actionable deviation,100.0,0.92,27f69cb502d6749dc635cc3fd3e160aadce5fd1a6bc42b585f3afadc9807de36,11.7939
development,5,1.11111,6,normal,0.75,normal,normal,normal,No actionable deviation,100.0,0.92,27f69cb502d6749dc635cc3fd3e160aadce5fd1a6bc42b585f3afadc9807de36,13.3168
development,5,1.11111,6,normal,1.0,normal,normal,normal,No actionable deviation,100.0,0.92,27f69cb502d6749dc635cc3fd3e160aadce5fd1a6bc42b585f3afadc9807de36,13.4899
development,5,1.11111,6,friction,0.0,normal,normal,normal,No actionable deviation,100.0,0.92,27f69cb502d6749dc635cc3fd3e160aadce5fd1a6bc42b585f3afadc9807de36,12.5049
development,5,1.11111,6,friction,0.25,friction,normal,normal,No actionable deviation,95.4,0.92,b0d64a54971a7b21b5498c7245387d96ba1e1b3941b8918fa25f5eb0ca040d43,13.9148
development,5,1.11111,6,friction,0.5,friction,friction,diagnosed,Friction growth,89.5,0.7,169c4034341f374669ee9ac9f10e2c874ab4c36701f873536d71d40226b80f06,12.6794
development,5,1.11111,6,friction,0.75,friction,friction,diagnosed,Friction growth,82.2,0.74,2cbb1c7749724dff5c4cf6751275cad0f4db894df9f820a9bfb720d27426ae98,13.3252
development,5,1.11111,6,friction,1.0,friction,friction,diagnosed,Friction growth,73.1,0.78,5e22c5b762347e2accb6b461c144e015ebd3d02f809623d893c960f369e81108,11.8315
development,5,1.11111,6,stiction,0.0,normal,normal,normal,No actionable deviation,100.0,0.92,27f69cb502d6749dc635cc3fd3e160aadce5fd1a6bc42b585f3afadc9807de36,11.7469
development,5,1.11111,6,stiction,0.25,stiction,stiction,diagnosed,Persistent localized stiction,39.4,0.92,a155ed5b3a8c7c34b00a8ac46a937674732bf638097316441a76831ae7b4dc02,11.6939
development,5,1.11111,6,stiction,0.5,stiction,stiction,diagnosed,Persistent localized stiction,36.1,0.92,94a7bbbe3e3a416fdda02907c34f3bc33f98e24091315ca005485c27dfa438b1,11.8946
development,5,1.11111,6,stiction,0.75,stiction,stiction,diagnosed,Persistent localized stiction,34.9,0.92,80fa89e47e4e33997e1fa587c7f83cf2e60eafe945361973215f95e357f9afe3,11.8696
development,5,1.11111,6,stiction,1.0,stiction,stiction,diagnosed,Persistent localized stiction,34.3,0.92,7751a9f90d3444c6eeb7ce8f18f898ff8b2f01aa8b14852f1b227f5a7c470d77,11.9422
development,5,1.11111,6,obstruction,0.0,normal,normal,normal,No actionable deviation,100.0,0.92,27f69cb502d6749dc635cc3fd3e160aadce5fd1a6bc42b585f3afadc9807de36,11.7759
development,5,1.11111,6,obstruction,0.25,obstruction,obstruction,diagnosed,Travel obstruction or persistent stiction,74.4,0.76,f542fcb8476ee3daaea674e47c6307619b341a37448bbae36556ae7abb463d9b,11.9869
development,5,1.11111,6,obstruction,0.5,obstruction,obstruction,diagnosed,Travel obstruction or persistent stiction,56.8,0.84,d91352c003fb1174dafb870ca17aa5df0aa1d581473d219d5007407821124dc8,11.7966
development,5,1.11111,6,obstruction,0.75,obstruction,obstruction,diagnosed,Travel obstruction or persistent stiction,45.2,0.92,c5f90b2c318a240fbafae891c2376c46ff5ac330058b3e8675ea3dff52c19ace,11.8969
development,5,1.11111,6,obstruction,1.0,obstruction,obstruction,diagnosed,Travel obstruction or persistent stiction,34.7,0.92,f732fc28ad02f6242bc5d176fe059b7ef5316b4f15c9f9e7215b6bd4920cd08d,12.0755
development,5,1.11111,6,actuator_degradation,0.0,normal,normal,normal,No actionable deviation,100.0,0.92,27f69cb502d6749dc635cc3fd3e160aadce5fd1a6bc42b585f3afadc9807de36,11.7602
development,5,1.11111,6,actuator_degradation,0.25,actuator_degradation,actuator_degradation,diagnosed,Actuator performance degradation,97.0,0.67,6a555ef0c117b61a5491b35b2dacb19f3d7a2b013936ebfc25781574b0223ea0,12.9506
development,5,1.11111,6,actuator_degradation,0.5,actuator_degradation,sensor_drift,diagnosed,Position sensor drift / process inconsistency,87.5,0.75,dcd6cf41dc5b841d0757274b37ad21b71944938c72fd4bdf2a04bb0085d837d1,13.1238
development,5,1.11111,6,actuator_degradation,0.75,actuator_degradation,actuator_degradation,diagnosed,Actuator performance degradation,68.1,0.87,ac6094bf811309a04e26c8033a133f10d51c034e6c9441a5be645c3f62e528e6,11.9926
development,5,1.11111,6,actuator_degradation,1.0,actuator_degradation,actuator_degradation,diagnosed,Actuator performance degradation,58.8,0.92,d214b20def7c170c18e5608491a1b5a71ea8de9a7ac7ffc4b2030fb9f28592f6,11.7904
development,5,1.11111,6,sensor_drift,0.0,normal,normal,normal,No actionable deviation,100.0,0.92,27f69cb502d6749dc635cc3fd3e160aadce5fd1a6bc42b585f3afadc9807de36,11.7594
development,5,1.11111,6,sensor_drift,0.25,sensor_drift,normal,normal,No actionable deviation,98.6,0.92,5ecdd57984574c7737d10bcd8c361106e14e088484f3659c43ae07e02549ad98,11.7865
development,5,1.11111,6,sensor_drift,0.5,sensor_drift,sensor_drift,diagnosed,Position sensor drift / process inconsistency,97.2,0.65,272b6e389269f43ec1707a84a61c336c5ea77b280504f179ef5a0cf36617a9bc,12.0306
development,5,1.11111,6,sensor_drift,0.75,sensor_drift,sensor_drift,diagnosed,Position sensor drift / process inconsistency,96.0,0.66,5a9cde3a2f9328e551e7d3b2bd10dd78ce3c9754b7cbae256d922cf322068093,11.7481
development,5,1.11111,6,sensor_drift,1.0,sensor_drift,sensor_drift,diagnosed,Position sensor drift / process inconsistency,94.7,0.68,82a1779bcfe3cf220cd0aa6c0328f826dd37f360c987656c16a8073152df6973,11.9209
development,5,1.11111,7,normal,0.0,normal,normal,normal,No actionable deviation,100.0,0.92,9cab91ac219c0e2fce8dad8fff74610cee8b079a11e0249d849a8c73c545904b,14.9201
development,5,1.11111,7,normal,0.25,normal,normal,normal,No actionable deviation,100.0,0.92,9cab91ac219c0e2fce8dad8fff74610cee8b079a11e0249d849a8c73c545904b,13.8618
development,5,1.11111,7,normal,0.5,normal,normal,normal,No actionable deviation,100.0,0.92,9cab91ac219c0e2fce8dad8fff74610cee8b079a11e0249d849a8c73c545904b,13.2415
development,5,1.11111,7,normal,0.75,normal,normal,normal,No actionable deviation,100.0,0.92,9cab91ac219c0e2fce8dad8fff74610cee8b079a11e0249d849a8c73c545904b,13.695
development,5,1.11111,7,normal,1.0,normal,normal,normal,No actionable deviation,100.0,0.92,9cab91ac219c0e2fce8dad8fff74610cee8b079a11e0249d849a8c73c545904b,13.0298
development,5,1.11111,7,friction,0.0,normal,normal,normal,No actionable deviation,100.0,0.92,9cab91ac219c0e2fce8dad8fff74610cee8b079a11e0249d849a8c73c545904b,12.2148
development,5,1.11111,7,friction,0.25,friction,normal,normal,No actionable deviation,95.5,0.92,25758ea2575789f594fd0f808bcb9ab0440a96f937eecaff6b737db0800688cd,11.8788
development,5,1.11111,7,friction,0.5,friction,friction,diagnosed,Friction growth,89.8,0.69,f7f60582dc35bc3c10492043381eb1142620093d5e758dcb2d6156f5a05ec7d4,12.0576
development,5,1.11111,7,friction,0.75,friction,friction,diagnosed,Friction growth,82.5,0.74,c88b4c3ee14d8ca95fb16a8b7626e619d672a62f82dd752555b6fcb2094638ff,11.7139
development,5,1.11111,7,friction,1.0,friction,friction,diagnosed,Friction growth,73.1,0.78,90adf451038195c0a3dd9da5ef2e7089e53d2c68ac4acc4169e7268df1345dea,12.0464
development,5,1.11111,7,stiction,0.0,normal,normal,normal,No actionable deviation,100.0,0.92,9cab91ac219c0e2fce8dad8fff74610cee8b079a11e0249d849a8c73c545904b,11.7345
development,5,1.11111,7,stiction,0.25,stiction,stiction,diagnosed,Persistent localized stiction,39.4,0.92,517ecb1e64c89f9b8dd0d25d94698361607c8774cefb5030dcc69480efb008de,11.9699
development,5,1.11111,7,stiction,0.5,stiction,stiction,diagnosed,Persistent localized stiction,36.1,0.92,3e5bb8c7757633086093f94bed15749a5cc9f11339abb0b00da7ed01dd5ae1b7,12.4188
development,5,1.11111,7,stiction,0.75,stiction,stiction,diagnosed,Persistent localized stiction,34.8,0.92,a8c01272e311d03692f92a23cd36c0f813bf5ac1bd3b5edb27174774b324353e,12.1064
development,5,1.11111,7,stiction,1.0,stiction,stiction,diagnosed,Persistent localized stiction,34.2,0.92,ff3f7f9c35c4f38f08cf976a22e0ea70421e1859dc044fce443a7f9166cf08a8,12.2222
development,5,1.11111,7,obstruction,0.0,normal,normal,normal,No actionable deviation,100.0,0.92,9cab91ac219c0e2fce8dad8fff74610cee8b079a11e0249d849a8c73c545904b,12.435
development,5,1.11111,7,obstruction,0.25,obstruction,obstruction,diagnosed,Travel obstruction or persistent stiction,74.2,0.76,83473bc2a2c650854630a2e1f9e5a3c11263f7b51b2b8ac3422d9d102af010a2,12.882
development,5,1.11111,7,obstruction,0.5,obstruction,obstruction,diagnosed,Travel obstruction or persistent stiction,56.2,0.84,866b9f8ab240dc314318d156d6f323ca0e8ac40330ed55ff1948890291a5ec4e,13.7645
development,5,1.11111,7,obstruction,0.75,obstruction,obstruction,diagnosed,Travel obstruction or persistent stiction,44.5,0.92,7c53b9ba38e509e6fe4611dc1b762195d25a92779f726a1ce0eb4e2eab2161b2,12.35
development,5,1.11111,7,obstruction,1.0,obstruction,obstruction,diagnosed,Travel obstruction or persistent stiction,34.6,0.92,d319ca03f33866dba93b8be62f163fc116b32508bb9037ec4fe5b1f70dfa6562,12.1044
development,5,1.11111,7,actuator_degradation,0.0,normal,normal,normal,No actionable deviation,100.0,0.92,9cab91ac219c0e2fce8dad8fff74610cee8b079a11e0249d849a8c73c545904b,11.918
development,5,1.11111,7,actuator_degradation,0.25,actuator_degradation,actuator_degradation,diagnosed,Actuator performance degradation,97.0,0.67,da605b31248c99e0758478163e35a996715eba51b23a38713e4b99682970d3e0,11.9035
development,5,1.11111,7,actuator_degradation,0.5,actuator_degradation,sensor_drift,diagnosed,Position sensor drift / process inconsistency,87.7,0.75,6db3a766e473cebefe684b8c58e4c105bad7d0d550ac52c2adb7d6538b610e6a,11.8362
development,5,1.11111,7,actuator_degradation,0.75,actuator_degradation,actuator_degradation,diagnosed,Actuator performance degradation,68.3,0.87,b088dd6455897386d01349a60be7f93ef5bbd85786af0009977b3c68ac1753c6,11.7206
development,5,1.11111,7,actuator_degradation,1.0,actuator_degradation,actuator_degradation,diagnosed,Actuator performance degradation,58.8,0.92,22b155a78305593202b73531f91441556b1d7f9afcdab57ea7445a7230ad35f3,11.9338
development,5,1.11111,7,sensor_drift,0.0,normal,normal,normal,No actionable deviation,100.0,0.92,9cab91ac219c0e2fce8dad8fff74610cee8b079a11e0249d849a8c73c545904b,11.7644
development,5,1.11111,7,sensor_drift,0.25,sensor_drift,normal,normal,No actionable deviation,98.5,0.92,5e0c29643c5158a1e627f1bb2ec1ab8cdeadb08bc132810b5f72b87a498325c6,11.7702
development,5,1.11111,7,sensor_drift,0.5,sensor_drift,sensor_drift,diagnosed,Position sensor drift / process inconsistency,97.2,0.65,99fecb2668c0c2ebdfc93faa09020b0b7990505060d676280586cf1a82f068be,11.8113
development,5,1.11111,7,sensor_drift,0.75,sensor_drift,sensor_drift,diagnosed,Position sensor drift / process inconsistency,96.0,0.66,f0ec2a86ecac645ba446dc9fc5bb35fd68bfe817e9085d0ef91525db5a8a9a05,11.9954
development,5,1.11111,7,sensor_drift,1.0,sensor_drift,sensor_drift,diagnosed,Position sensor drift / process inconsistency,94.7,0.68,24eead14bab318c889252ddc1a49d9cb7e946e5af2dca72c91e25113e3a3dd4b,12.0809
development,5,1.11111,8,normal,0.0,normal,normal,normal,No actionable deviation,100.0,0.92,5a345d2db7f5fc2768a7eed84a4e125abf7305b3c743e60aac3596d9dd280b6a,11.9463
development,5,1.11111,8,normal,0.25,normal,normal,normal,No actionable deviation,100.0,0.92,5a345d2db7f5fc2768a7eed84a4e125abf7305b3c743e60aac3596d9dd280b6a,11.9757
development,5,1.11111,8,normal,0.5,normal,normal,normal,No actionable deviation,100.0,0.92,5a345d2db7f5fc2768a7eed84a4e125abf7305b3c743e60aac3596d9dd280b6a,11.9322
development,5,1.11111,8,normal,0.75,normal,normal,normal,No actionable deviation,100.0,0.92,5a345d2db7f5fc2768a7eed84a4e125abf7305b3c743e60aac3596d9dd280b6a,11.8503
development,5,1.11111,8,normal,1.0,normal,normal,normal,No actionable deviation,100.0,0.92,5a345d2db7f5fc2768a7eed84a4e125abf7305b3c743e60aac3596d9dd280b6a,11.8219
development,5,1.11111,8,friction,0.0,normal,normal,normal,No actionable deviation,100.0,0.92,5a345d2db7f5fc2768a7eed84a4e125abf7305b3c743e60aac3596d9dd280b6a,12.0075
development,5,1.11111,8,friction,0.25,friction,normal,normal,No actionable deviation,95.3,0.92,92218a6673b1219a726604dd40821a56afa12b59c9345976c9c31b765573cd20,11.8675
development,5,1.11111,8,friction,0.5,friction,friction,diagnosed,Friction growth,89.7,0.69,a01622705001eeb59b3012d57289c91e6a21e5d92b2ae55987e986c1375f4e38,11.9835
development,5,1.11111,8,friction,0.75,friction,friction,diagnosed,Friction growth,82.6,0.74,87133bdfc72d0c3c0264818dbcf3cb2a1c2f6df8305ac5158b437dddf1d1b5d1,11.8151
development,5,1.11111,8,friction,1.0,friction,friction,diagnosed,Friction growth,73.2,0.78,184eaa294ea5c261cfeb069955808bdb86181a2f159f16bc050cbee92882812b,11.9877
development,5,1.11111,8,stiction,0.0,normal,normal,normal,No actionable deviation,100.0,0.92,5a345d2db7f5fc2768a7eed84a4e125abf7305b3c743e60aac3596d9dd280b6a,11.9112
development,5,1.11111,8,stiction,0.25,stiction,stiction,diagnosed,Persistent localized stiction,39.4,0.92,be833dc37d06f9c720c5c31f80a6981fc8f9dfee68ce9cfdbb0480464868be3b,12.0313
development,5,1.11111,8,stiction,0.5,stiction,stiction,diagnosed,Persistent localized stiction,36.1,0.92,4ab535b4dd24ff06f2948d407fb444fc6ab547a9f7c09b03ae94e8af1c0788a3,12.0532
development,5,1.11111,8,stiction,0.75,stiction,stiction,diagnosed,Persistent localized stiction,34.7,0.92,29825a5a25483ef8549add9493663b534756463fc6bb874609bccb0b4e063c8c,12.082
development,5,1.11111,8,stiction,1.0,stiction,stiction,diagnosed,Persistent localized stiction,34.2,0.92,217bec6a4a08a79994313c8c97f69ff494d68120de0e36091e43e5e559e2dc4b,12.938
development,5,1.11111,8,obstruction,0.0,normal,normal,normal,No actionable deviation,100.0,0.92,5a345d2db7f5fc2768a7eed84a4e125abf7305b3c743e60aac3596d9dd280b6a,13.8928
development,5,1.11111,8,obstruction,0.25,obstruction,obstruction,diagnosed,Travel obstruction or persistent stiction,69.4,0.76,6878e5cb41c1b3bd7543d6f8769b699750a7b741482875d3c9761d06e41ca671,12.3488
development,5,1.11111,8,obstruction,0.5,obstruction,obstruction,diagnosed,Travel obstruction or persistent stiction,57.3,0.84,16a32cec09f967a4c4ff90a6d157dc9014495e7018bf07c0dee35c8b36ded43d,12.0673
development,5,1.11111,8,obstruction,0.75,obstruction,obstruction,diagnosed,Travel obstruction or persistent stiction,51.3,0.92,e325cb522a21e5548e82e1b69de5399fd0174b8477ebb6d5e672d294060f84c6,12.2454
development,5,1.11111,8,obstruction,1.0,obstruction,obstruction,diagnosed,Travel obstruction or persistent stiction,34.6,0.92,dfe383c5b5d7de1b94bccc527b44e884a7e508dae19b428dc1692405472fe391,12.1656
development,5,1.11111,8,actuator_degradation,0.0,normal,normal,normal,No actionable deviation,100.0,0.92,5a345d2db7f5fc2768a7eed84a4e125abf7305b3c743e60aac3596d9dd280b6a,12.2018
development,5,1.11111,8,actuator_degradation,0.25,actuator_degradation,actuator_degradation,diagnosed,Actuator performance degradation,97.0,0.67,ad7fcc5baa3ae48ac2b6286c3ea0f392b256cf644e041d183f7a869f00062bd8,12.1147
development,5,1.11111,8,actuator_degradation,0.5,actuator_degradation,sensor_drift,diagnosed,Position sensor drift / process inconsistency,87.7,0.75,200311fb2c0ced2b196d1f008373e541041754526185afce3cfd09d7a4b8f80e,13.1919
development,5,1.11111,8,actuator_degradation,0.75,actuator_degradation,actuator_degradation,diagnosed,Actuator performance degradation,68.4,0.87,a843f2c69537156613f37ba0a6cfabe483511a4f4d20e30036a20d3d23e8b022,12.7587
development,5,1.11111,8,actuator_degradation,1.0,actuator_degradation,actuator_degradation,diagnosed,Actuator performance degradation,58.8,0.92,934372f6121f04e866c014ec2c870a726666e87d26dd4ce8950cae14d0dd466b,13.0857
development,5,1.11111,8,sensor_drift,0.0,normal,normal,normal,No actionable deviation,100.0,0.92,5a345d2db7f5fc2768a7eed84a4e125abf7305b3c743e60aac3596d9dd280b6a,12.4175
development,5,1.11111,8,sensor_drift,0.25,sensor_drift,normal,normal,No actionable deviation,98.5,0.92,7d8631285dc3bf2e42a62e46c29b9842bc82c399ad788f4f004a2be43ab588b6,11.6973
development,5,1.11111,8,sensor_drift,0.5,sensor_drift,sensor_drift,diagnosed,Position sensor drift / process inconsistency,97.1,0.65,bb7109edd265ae893314cb8091b231b2dcd90c514dce31858e8042dcbffaacc5,12.0085
development,5,1.11111,8,sensor_drift,0.75,sensor_drift,sensor_drift,diagnosed,Position sensor drift / process inconsistency,95.8,0.66,9abf2c5bd4baa7c066b39f82923e83cb1591468074154edd2c1da4b9dc113c71,12.0353
development,5,1.11111,8,sensor_drift,1.0,sensor_drift,sensor_drift,diagnosed,Position sensor drift / process inconsistency,94.5,0.68,9be1daaac0d54fd48d005e4faee15dd763ead7bb6e9b5941704496f471508877,12.4583
development,5,1.11111,9,normal,0.0,normal,normal,normal,No actionable deviation,100.0,0.92,0a9e61e628d73a1bee84cdff748a7e059f95e5f24cb33bd5c6927479c3c115fa,14.6056
development,5,1.11111,9,normal,0.25,normal,normal,normal,No actionable deviation,100.0,0.92,0a9e61e628d73a1bee84cdff748a7e059f95e5f24cb33bd5c6927479c3c115fa,13.0939
development,5,1.11111,9,normal,0.5,normal,normal,normal,No actionable deviation,100.0,0.92,0a9e61e628d73a1bee84cdff748a7e059f95e5f24cb33bd5c6927479c3c115fa,11.6774
development,5,1.11111,9,normal,0.75,normal,normal,normal,No actionable deviation,100.0,0.92,0a9e61e628d73a1bee84cdff748a7e059f95e5f24cb33bd5c6927479c3c115fa,11.9399
development,5,1.11111,9,normal,1.0,normal,normal,normal,No actionable deviation,100.0,0.92,0a9e61e628d73a1bee84cdff748a7e059f95e5f24cb33bd5c6927479c3c115fa,11.8462
development,5,1.11111,9,friction,0.0,normal,normal,normal,No actionable deviation,100.0,0.92,0a9e61e628d73a1bee84cdff748a7e059f95e5f24cb33bd5c6927479c3c115fa,11.8466
development,5,1.11111,9,friction,0.25,friction,normal,normal,No actionable deviation,95.4,0.92,711d35607f9033e0541f1fe0176a22bdb001ccd6bd9a0314d201e4f411185af0,11.8852
development,5,1.11111,9,friction,0.5,friction,friction,diagnosed,Friction growth,89.5,0.7,54dc35c7044d3c416843472a9cf81aa52a1fb710d863963fd6d9aecb7441196b,11.9333
development,5,1.11111,9,friction,0.75,friction,friction,diagnosed,Friction growth,82.2,0.74,5f7f7b2b49f4f72d4aec0567ac4cf81ae7a2f88ac6ea50e5afcae057ca369428,12.4144
development,5,1.11111,9,friction,1.0,friction,friction,diagnosed,Friction growth,72.9,0.78,210adedf8a5da1014dddcc1675373cd28d686b1626951987c29c7be0adc8d507,13.8417
development,5,1.11111,9,stiction,0.0,normal,normal,normal,No actionable deviation,100.0,0.92,0a9e61e628d73a1bee84cdff748a7e059f95e5f24cb33bd5c6927479c3c115fa,13.1768
development,5,1.11111,9,stiction,0.25,stiction,stiction,diagnosed,Persistent localized stiction,39.4,0.92,7c77309863fc91c017cddfbf8375b9dad58293962ce73cb2c61757f7d0d4dd16,11.8213
development,5,1.11111,9,stiction,0.5,stiction,stiction,diagnosed,Persistent localized stiction,36.1,0.92,97e7f67df7694fd811ea167a7429140f3d69b73612fbdd66473491d728e6bf22,11.7901
development,5,1.11111,9,stiction,0.75,stiction,stiction,diagnosed,Persistent localized stiction,34.9,0.92,555390901b6da3ad46c18d70f050dcb542942f69c7d3fc38f2e9b08c47c63146,11.8961
development,5,1.11111,9,stiction,1.0,stiction,stiction,diagnosed,Persistent localized stiction,34.3,0.92,86a7883d6916fa6759d3c1a6792daf63b5d5f093392ba9fd14ebe2ec3e6a052b,12.0251
development,5,1.11111,9,obstruction,0.0,normal,normal,normal,No actionable deviation,100.0,0.92,0a9e61e628d73a1bee84cdff748a7e059f95e5f24cb33bd5c6927479c3c115fa,11.9803
development,5,1.11111,9,obstruction,0.25,obstruction,obstruction,diagnosed,Travel obstruction or persistent stiction,74.0,0.76,adb423706b18ef92dce0ec308f8386528dbc58016d6a669b7fc393120809f41b,11.7901
development,5,1.11111,9,obstruction,0.5,obstruction,obstruction,diagnosed,Travel obstruction or persistent stiction,57.0,0.84,f232126a73902b0538a7c74f7466957edf52ee164aafb1c5e28bcaf7294e9177,11.905
development,5,1.11111,9,obstruction,0.75,obstruction,obstruction,diagnosed,Travel obstruction or persistent stiction,45.0,0.92,198127889a051fdc7857ba99347b3ed4d96cdf4936082f3013a718f268443935,11.7523
development,5,1.11111,9,obstruction,1.0,obstruction,obstruction,diagnosed,Travel obstruction or persistent stiction,34.4,0.92,9a38ec15cde55ab046b88cd49a17c961628f368fd1e59e38ce62a603b1a2edc6,11.6049
development,5,1.11111,9,actuator_degradation,0.0,normal,normal,normal,No actionable deviation,100.0,0.92,0a9e61e628d73a1bee84cdff748a7e059f95e5f24cb33bd5c6927479c3c115fa,11.8213
development,5,1.11111,9,actuator_degradation,0.25,actuator_degradation,actuator_degradation,diagnosed,Actuator performance degradation,96.8,0.68,6fa3a98cca6d139031a10949877e15fb82b3d340910c5b7eda0734ce1037dbb2,13.7161
development,5,1.11111,9,actuator_degradation,0.5,actuator_degradation,sensor_drift,diagnosed,Position sensor drift / process inconsistency,87.5,0.75,a0bb6cef6e2fba29d53239342f4dc130701515a47d647b08e049a0c78e7a7ed5,11.8132
development,5,1.11111,9,actuator_degradation,0.75,actuator_degradation,actuator_degradation,diagnosed,Actuator performance degradation,68.1,0.87,0f9776a683861c432f71fd008111499f44fe71c23fe8e3f36609ea14903309d6,12.013
development,5,1.11111,9,actuator_degradation,1.0,actuator_degradation,actuator_degradation,diagnosed,Actuator performance degradation,58.6,0.92,3d36caa036e81c46d94b2250b5af7b9d666761e74be96f80cee467b4af517b5e,12.5801
development,5,1.11111,9,sensor_drift,0.0,normal,normal,normal,No actionable deviation,100.0,0.92,0a9e61e628d73a1bee84cdff748a7e059f95e5f24cb33bd5c6927479c3c115fa,11.7431
development,5,1.11111,9,sensor_drift,0.25,sensor_drift,normal,normal,No actionable deviation,98.6,0.92,664214b486970eb38c67d069eb00e8ef0948ffd7debb3ec4a56c54a4635d008f,11.5946
development,5,1.11111,9,sensor_drift,0.5,sensor_drift,sensor_drift,diagnosed,Position sensor drift / process inconsistency,97.1,0.65,f45750bb614eeb468715ff10b3f519653c3f8cd3b638af2c6dbdd112f41f7cb1,12.0214
development,5,1.11111,9,sensor_drift,0.75,sensor_drift,sensor_drift,diagnosed,Position sensor drift / process inconsistency,95.9,0.66,bf7e7a12a0290466ccb309163c022811a6ed738991cb48103bd748301a3b616d,11.7247
development,5,1.11111,9,sensor_drift,1.0,sensor_drift,sensor_drift,diagnosed,Position sensor drift / process inconsistency,94.6,0.68,bcf85e8a0b056a77bd5c433aeefa806f47df72c1da5ab2eec12e7968f52d7273,11.7172
development,6,1.18333,0,normal,0.0,normal,normal,normal,No actionable deviation,100.0,0.92,bca2182ba1049832f50933c42697f1af0fbd89b76f84788cf63fb3bfef5d769f,12.1216
development,6,1.18333,0,normal,0.25,normal,normal,normal,No actionable deviation,100.0,0.92,bca2182ba1049832f50933c42697f1af0fbd89b76f84788cf63fb3bfef5d769f,11.7236
development,6,1.18333,0,normal,0.5,normal,normal,normal,No actionable deviation,100.0,0.92,bca2182ba1049832f50933c42697f1af0fbd89b76f84788cf63fb3bfef5d769f,11.8308
development,6,1.18333,0,normal,0.75,normal,normal,normal,No actionable deviation,100.0,0.92,bca2182ba1049832f50933c42697f1af0fbd89b76f84788cf63fb3bfef5d769f,14.1809
development,6,1.18333,0,normal,1.0,normal,normal,normal,No actionable deviation,100.0,0.92,bca2182ba1049832f50933c42697f1af0fbd89b76f84788cf63fb3bfef5d769f,12.9361
development,6,1.18333,0,friction,0.0,normal,normal,normal,No actionable deviation,100.0,0.92,bca2182ba1049832f50933c42697f1af0fbd89b76f84788cf63fb3bfef5d769f,12.6499
development,6,1.18333,0,friction,0.25,friction,normal,normal,No actionable deviation,94.9,0.92,fb4089ddba6335ab80d8844826172bd8db72447b69baf67f28c5651f81751195,13.4669
development,6,1.18333,0,friction,0.5,friction,friction,diagnosed,Friction growth,87.9,0.71,79732331291751898acd031118ecb0f759f71da8b7149e53dd8d235a62471d47,11.9982
development,6,1.18333,0,friction,0.75,friction,friction,diagnosed,Friction growth,78.4,0.75,72e75a7e26182f3553e67f7b19143efdf488ba31bb7385646127851aec794ec4,11.92
development,6,1.18333,0,friction,1.0,friction,friction,diagnosed,Friction growth,68.5,0.8,e9c7b48561ca548828e0c979f6fe8afaa310dd1b54c03cb79d648ed3add56da9,11.884
development,6,1.18333,0,stiction,0.0,normal,normal,normal,No actionable deviation,100.0,0.92,bca2182ba1049832f50933c42697f1af0fbd89b76f84788cf63fb3bfef5d769f,13.8296
development,6,1.18333,0,stiction,0.25,stiction,stiction,diagnosed,Persistent localized stiction,40.2,0.92,af3aa2ed29fa5409fb34d3580f1d454e804f34ccebb3a75635b77e51aa89de96,13.8538
development,6,1.18333,0,stiction,0.5,stiction,stiction,diagnosed,Persistent localized stiction,37.3,0.92,6a44b17d5c739aab4b3617cf0e6412d548e21524c26f92945723ec0f5fec2b7b,13.307
development,6,1.18333,0,stiction,0.75,stiction,stiction,diagnosed,Persistent localized stiction,36.2,0.92,362674271666bf5c227353d3bd49d8d77e70d682a32f07c794afe454acf42fe2,14.3279
development,6,1.18333,0,stiction,1.0,stiction,stiction,diagnosed,Persistent localized stiction,35.5,0.92,8955bf5f614ca67b9dcd9619378f3e4bb25bd677481ed6a92e75849be7395f5b,13.0403
development,6,1.18333,0,obstruction,0.0,normal,normal,normal,No actionable deviation,100.0,0.92,bca2182ba1049832f50933c42697f1af0fbd89b76f84788cf63fb3bfef5d769f,13.1244
development,6,1.18333,0,obstruction,0.25,obstruction,obstruction,diagnosed,Travel obstruction or persistent stiction,76.6,0.73,1e3d72b2d0ca1d9aca6c8a907028991609f561635220ba2b4c3f8f453fad0f15,14.0113
development,6,1.18333,0,obstruction,0.5,obstruction,obstruction,diagnosed,Travel obstruction or persistent stiction,61.8,0.84,e0e9accbaa0a5a4c7e6a1bbeb0e44b2aa89c73beb78b1ef649091ce303835723,13.151
development,6,1.18333,0,obstruction,0.75,obstruction,obstruction,diagnosed,Travel obstruction or persistent stiction,49.8,0.92,788673c2614f5ec4d6862ccdfd7bda38494ff55d868ee0f1e3040f47c156ad27,12.5443
development,6,1.18333,0,obstruction,1.0,obstruction,obstruction,diagnosed,Travel obstruction or persistent stiction,37.0,0.92,dcb9279af4cede9eb1821b5e213f55a43a7d0149d27e4c859efa98ea2c21669d,12.222
development,6,1.18333,0,actuator_degradation,0.0,normal,normal,normal,No actionable deviation,100.0,0.92,bca2182ba1049832f50933c42697f1af0fbd89b76f84788cf63fb3bfef5d769f,12.4312
development,6,1.18333,0,actuator_degradation,0.25,actuator_degradation,actuator_degradation,diagnosed,Actuator performance degradation,96.5,0.68,83087b5f6f2af53085ead39fc985f6b2374b613c42f58248dbf6df0641f1d82a,12.0579
development,6,1.18333,0,actuator_degradation,0.5,actuator_degradation,actuator_degradation,diagnosed,Actuator performance degradation,84.6,0.73,6b7f5649adeadef42a4e5ee85c24ffd26da5f14591152990cd759e6487344f2e,11.9331
development,6,1.18333,0,actuator_degradation,0.75,actuator_degradation,actuator_degradation,diagnosed,Actuator performance degradation,66.8,0.91,04900b5d77fe1451b665d60874c6a735220b52b3230627e1f7ec8e2cd70ec190,11.9804
development,6,1.18333,0,actuator_degradation,1.0,actuator_degradation,actuator_degradation,diagnosed,Actuator performance degradation,60.5,0.92,817cc5bb540dc7a7be03f2b8d2bacc0d275b1c3b119579c555a2cc708f3980ef,13.6179
development,6,1.18333,0,sensor_drift,0.0,normal,normal,normal,No actionable deviation,100.0,0.92,bca2182ba1049832f50933c42697f1af0fbd89b76f84788cf63fb3bfef5d769f,14.4026
development,6,1.18333,0,sensor_drift,0.25,sensor_drift,normal,normal,No actionable deviation,98.4,0.92,9287c19632e32a317c1c528478e153529d9257a1a91b22d913dac72e39b65d4d,13.5006
development,6,1.18333,0,sensor_drift,0.5,sensor_drift,sensor_drift,diagnosed,Position sensor drift / process inconsistency,97.0,0.65,13a1b37c672b8de22f69a873412bc384e3764bcfd5c29d3779681ec84a1f8de1,11.7551
development,6,1.18333,0,sensor_drift,0.75,sensor_drift,sensor_drift,diagnosed,Position sensor drift / process inconsistency,95.9,0.66,27a3651e919eccde47a20da16dac3e20017d9b4d819e26cb8c8f33443ed08c7c,12.1814
development,6,1.18333,0,sensor_drift,1.0,sensor_drift,sensor_drift,diagnosed,Position sensor drift / process inconsistency,94.6,0.68,f602661970a00919177726120575f74c0621f64976a529933d883a175acd62a2,14.193
development,6,1.18333,1,normal,0.0,normal,normal,normal,No actionable deviation,100.0,0.92,9d3ea15c34bbf08b1e1d9daf72a774123340f0f74fec75b6d0ad2a1f633ec2c1,14.0687
development,6,1.18333,1,normal,0.25,normal,normal,normal,No actionable deviation,100.0,0.92,9d3ea15c34bbf08b1e1d9daf72a774123340f0f74fec75b6d0ad2a1f633ec2c1,12.4365
development,6,1.18333,1,normal,0.5,normal,normal,normal,No actionable deviation,100.0,0.92,9d3ea15c34bbf08b1e1d9daf72a774123340f0f74fec75b6d0ad2a1f633ec2c1,11.7763
development,6,1.18333,1,normal,0.75,normal,normal,normal,No actionable deviation,100.0,0.92,9d3ea15c34bbf08b1e1d9daf72a774123340f0f74fec75b6d0ad2a1f633ec2c1,11.8474
development,6,1.18333,1,normal,1.0,normal,normal,normal,No actionable deviation,100.0,0.92,9d3ea15c34bbf08b1e1d9daf72a774123340f0f74fec75b6d0ad2a1f633ec2c1,11.8004
development,6,1.18333,1,friction,0.0,normal,normal,normal,No actionable deviation,100.0,0.92,9d3ea15c34bbf08b1e1d9daf72a774123340f0f74fec75b6d0ad2a1f633ec2c1,12.4203
development,6,1.18333,1,friction,0.25,friction,normal,normal,No actionable deviation,94.8,0.92,4c15dc9e85fa80492615861f1ae950f2f9da5c71d781d0efbe88ed2345ddc32d,11.9209
development,6,1.18333,1,friction,0.5,friction,friction,diagnosed,Friction growth,88.3,0.71,ce36aa7f69e0c96d6eeaa14bf6a9f530ab6c2537cdb6d0d82d391c8e5bca34c4,12.1728
development,6,1.18333,1,friction,0.75,friction,friction,diagnosed,Friction growth,78.8,0.75,e92725ce13d55d24529412bfca51b94e9270b7ebe58e894aa0da1efe9baa2bbb,11.9744
development,6,1.18333,1,friction,1.0,friction,friction,diagnosed,Friction growth,69.0,0.79,70c6d38479b9df1199eacd7ff0c14c37bfe8f629ef7ea9ba308205e589ad2aba,11.9672
development,6,1.18333,1,stiction,0.0,normal,normal,normal,No actionable deviation,100.0,0.92,9d3ea15c34bbf08b1e1d9daf72a774123340f0f74fec75b6d0ad2a1f633ec2c1,12.1553
development,6,1.18333,1,stiction,0.25,stiction,stiction,diagnosed,Persistent localized stiction,40.2,0.92,50297f7294a528b1c8b406edd69f59b3fb3a176306c9b16d7e1f6467fe1e23bd,12.1306
development,6,1.18333,1,stiction,0.5,stiction,stiction,diagnosed,Persistent localized stiction,37.4,0.92,cba9d277d2744f2fd9b97d9dc9d2c2c9db8b39932a2c26a5d879927de482a3a1,12.2894
development,6,1.18333,1,stiction,0.75,stiction,stiction,diagnosed,Persistent localized stiction,36.2,0.92,4c85258fcd62a077c3cce1925d24012e4a8b634fa4d1d6ee2ef4ee8a041e4404,11.9829
development,6,1.18333,1,stiction,1.0,stiction,stiction,diagnosed,Persistent localized stiction,35.5,0.92,e033a151d4fe4bd144ffcab3dc2a3a9e256a51540d18235a63c17065b4f42260,11.8489
development,6,1.18333,1,obstruction,0.0,normal,normal,normal,No actionable deviation,100.0,0.92,9d3ea15c34bbf08b1e1d9daf72a774123340f0f74fec75b6d0ad2a1f633ec2c1,11.9407
development,6,1.18333,1,obstruction,0.25,obstruction,obstruction,diagnosed,Travel obstruction or persistent stiction,76.7,0.73,41ded9f09eda2f7081e34c3431c6252e303ee0e2f43f77f3afa170ccf17801f3,12.2278
development,6,1.18333,1,obstruction,0.5,obstruction,obstruction,diagnosed,Travel obstruction or persistent stiction,62.2,0.84,7f3b5a04f255f8e401ea9c070342ed89e5f3b924ca65e960585256c5d88a3c59,12.0327
development,6,1.18333,1,obstruction,0.75,obstruction,obstruction,diagnosed,Travel obstruction or persistent stiction,49.8,0.92,ee2e3af1682a0f8fc8041f358da1947f90b65b34853413f503cba73a2194d852,11.9734
development,6,1.18333,1,obstruction,1.0,obstruction,obstruction,diagnosed,Travel obstruction or persistent stiction,36.9,0.92,986b01603c958110e51fb5cc0c12194fc631838d9be2aa0f55046612488e41f1,11.9768
development,6,1.18333,1,actuator_degradation,0.0,normal,normal,normal,No actionable deviation,100.0,0.92,9d3ea15c34bbf08b1e1d9daf72a774123340f0f74fec75b6d0ad2a1f633ec2c1,11.9137
development,6,1.18333,1,actuator_degradation,0.25,actuator_degradation,actuator_degradation,diagnosed,Actuator performance degradation,96.9,0.67,55d20bf9bba0c758cd7059b61e00c2f979706ad721f76ace7b78baeb023e8dad,11.9684
development,6,1.18333,1,actuator_degradation,0.5,actuator_degradation,actuator_degradation,diagnosed,Actuator performance degradation,85.0,0.72,15f16534aa95a56b2bad82738e1369a63ebbe8006cb7a646e9a4049e5e745ca0,12.2004
development,6,1.18333,1,actuator_degradation,0.75,actuator_degradation,actuator_degradation,diagnosed,Actuator performance degradation,66.8,0.91,89f8be0ecb96b5e46c8ec9da5c874a9363601b8fe1f52483ae1d5e3adb2b4a54,12.0219
development,6,1.18333,1,actuator_degradation,1.0,actuator_degradation,actuator_degradation,diagnosed,Actuator performance degradation,60.3,0.92,13a42abf31ce43fa21dfc3734045b6c2ca0a34d9fe5d63884ffaf4600db3b5d7,12.0321
development,6,1.18333,1,sensor_drift,0.0,normal,normal,normal,No actionable deviation,100.0,0.92,9d3ea15c34bbf08b1e1d9daf72a774123340f0f74fec75b6d0ad2a1f633ec2c1,12.0666
development,6,1.18333,1,sensor_drift,0.25,sensor_drift,normal,normal,No actionable deviation,98.4,0.92,4496d72c88658eecae1c9fa4c2923caedba963115b32afda02ccaf05a500c924,12.151
development,6,1.18333,1,sensor_drift,0.5,sensor_drift,sensor_drift,diagnosed,Position sensor drift / process inconsistency,97.1,0.65,d3876ab33daa7ccec70422c1315bd54772e59447868ab6da69231e35471c5ec2,11.8918
development,6,1.18333,1,sensor_drift,0.75,sensor_drift,sensor_drift,diagnosed,Position sensor drift / process inconsistency,95.7,0.67,38a7428967d2c0d0ec8d17c0ecdda53cf8b59510857b799f6ac50ca6fb2bbe42,11.9134
development,6,1.18333,1,sensor_drift,1.0,sensor_drift,sensor_drift,diagnosed,Position sensor drift / process inconsistency,94.4,0.68,02f62dfc43dfeb5bf6eda09cc86c2d82499ac1a81a6a05e0d0cb51fe4f67bb41,11.9154
development,6,1.18333,2,normal,0.0,normal,normal,normal,No actionable deviation,100.0,0.92,0fca3c9ebc56f7f7f3df9bdc5657fee262b3f10c0a8a098cddd7ca5701f9576e,12.7917
development,6,1.18333,2,normal,0.25,normal,normal,normal,No actionable deviation,100.0,0.92,0fca3c9ebc56f7f7f3df9bdc5657fee262b3f10c0a8a098cddd7ca5701f9576e,12.2093
development,6,1.18333,2,normal,0.5,normal,normal,normal,No actionable deviation,100.0,0.92,0fca3c9ebc56f7f7f3df9bdc5657fee262b3f10c0a8a098cddd7ca5701f9576e,12.3792
development,6,1.18333,2,normal,0.75,normal,normal,normal,No actionable deviation,100.0,0.92,0fca3c9ebc56f7f7f3df9bdc5657fee262b3f10c0a8a098cddd7ca5701f9576e,12.7673
development,6,1.18333,2,normal,1.0,normal,normal,normal,No actionable deviation,100.0,0.92,0fca3c9ebc56f7f7f3df9bdc5657fee262b3f10c0a8a098cddd7ca5701f9576e,12.7255
development,6,1.18333,2,friction,0.0,normal,normal,normal,No actionable deviation,100.0,0.92,0fca3c9ebc56f7f7f3df9bdc5657fee262b3f10c0a8a098cddd7ca5701f9576e,13.8992
development,6,1.18333,2,friction,0.25,friction,normal,normal,No actionable deviation,94.7,0.92,41ae378ea37a527aef68930c561a30a3a54b17750c4825d929764b69735e30d7,13.3696
development,6,1.18333,2,friction,0.5,friction,friction,diagnosed,Friction growth,87.8,0.71,a70ec10dce0a7505e475d6df1e4a472b89ea6aa40bf9bf62aa601081fc4a3ae9,12.4125
development,6,1.18333,2,friction,0.75,friction,friction,diagnosed,Friction growth,78.3,0.75,64619447b37a4c92c5eb87c2bb247be91ce6cbbfa60d7ab30fb1640df3b06767,12.0368
development,6,1.18333,2,friction,1.0,friction,friction,diagnosed,Friction growth,68.4,0.79,b08b2f62179b58dc132ec095a8e96d392db6e32816a480742f574cbb338fe302,13.9257
development,6,1.18333,2,stiction,0.0,normal,normal,normal,No actionable deviation,100.0,0.92,0fca3c9ebc56f7f7f3df9bdc5657fee262b3f10c0a8a098cddd7ca5701f9576e,12.1687
development,6,1.18333,2,stiction,0.25,stiction,stiction,diagnosed,Persistent localized stiction,40.1,0.92,155358c8fd7f61bd0b9232e577597a72205bc62752e0d8fd9e8d2e5ac7c84eb0,11.9192
development,6,1.18333,2,stiction,0.5,stiction,stiction,diagnosed,Persistent localized stiction,37.3,0.92,6a385490c2b129c5e298bfa22d036bda0ee09f8281c1ae74625cd9db0a74f54b,11.9925
development,6,1.18333,2,stiction,0.75,stiction,stiction,diagnosed,Persistent localized stiction,36.2,0.92,e88d344e11667e834dc697fd7c6299333eec3e22070bc3efbf621770950bda54,11.8851
development,6,1.18333,2,stiction,1.0,stiction,stiction,diagnosed,Persistent localized stiction,35.5,0.92,9a6bf3ba73f02eff22a7cc7405880f5393b10d64301633ff1f30e4bab5022f1b,12.1215
development,6,1.18333,2,obstruction,0.0,normal,normal,normal,No actionable deviation,100.0,0.92,0fca3c9ebc56f7f7f3df9bdc5657fee262b3f10c0a8a098cddd7ca5701f9576e,11.7154
development,6,1.18333,2,obstruction,0.25,obstruction,obstruction,diagnosed,Travel obstruction or persistent stiction,76.5,0.73,27d6b08e71f1aa057c035c2fad3760c42115351c033eb863d5d39ff41a720ce8,11.9254
development,6,1.18333,2,obstruction,0.5,obstruction,obstruction,diagnosed,Travel obstruction or persistent stiction,60.9,0.84,483edfda2c411aa61cfe19433f883be36c2a3728a400939368bc3dc2bd179322,11.8965
development,6,1.18333,2,obstruction,0.75,obstruction,obstruction,diagnosed,Travel obstruction or persistent stiction,48.1,0.92,28be814cfa92d6e8de665cc2d207b1896f2d46013d44e49ab506763f9d2547bb,11.9135
development,6,1.18333,2,obstruction,1.0,obstruction,obstruction,diagnosed,Travel obstruction or persistent stiction,36.9,0.92,e4babc49a95680412a41f53ed4442cb7f67d871ac6d2d46e91657fce7826a7a1,11.8284
development,6,1.18333,2,actuator_degradation,0.0,normal,normal,normal,No actionable deviation,100.0,0.92,0fca3c9ebc56f7f7f3df9bdc5657fee262b3f10c0a8a098cddd7ca5701f9576e,12.0941
development,6,1.18333,2,actuator_degradation,0.25,actuator_degradation,actuator_degradation,diagnosed,Actuator performance degradation,96.3,0.68,ccb21adcc838c793b2da3c653cfa283c78234973f78bf0ddc548c339b302ca85,11.9089
development,6,1.18333,2,actuator_degradation,0.5,actuator_degradation,actuator_degradation,diagnosed,Actuator performance degradation,84.6,0.72,5fee7d7d0c9da91cfc884d9b601a6c39c7e407787f829421c1ed3ea6efc97251,12.3737
development,6,1.18333,2,actuator_degradation,0.75,actuator_degradation,actuator_degradation,diagnosed,Actuator performance degradation,66.7,0.92,ccd2d1551eba202f8368e0578e6b6e72901f3d9898adcda084b999fe44261b1c,12.3347
development,6,1.18333,2,actuator_degradation,1.0,actuator_degradation,actuator_degradation,diagnosed,Actuator performance degradation,60.5,0.92,a70d33b8ce7c0dd6b383a5146e2fa190c47713fdd8650b7c504bdf6c96b7f46c,12.0463
development,6,1.18333,2,sensor_drift,0.0,normal,normal,normal,No actionable deviation,100.0,0.92,0fca3c9ebc56f7f7f3df9bdc5657fee262b3f10c0a8a098cddd7ca5701f9576e,12.0348
development,6,1.18333,2,sensor_drift,0.25,sensor_drift,normal,normal,No actionable deviation,98.5,0.92,41cb5e6cbf93bc4477d7224f92dea16626e47d5c3a5c2ea06ee4702de61b77cb,12.569
development,6,1.18333,2,sensor_drift,0.5,sensor_drift,sensor_drift,diagnosed,Position sensor drift / process inconsistency,97.1,0.65,360c87d80866c5446c58d6a9c38c2fd4fa26ee39cc66c1988cfc940e8650a12b,11.8852
development,6,1.18333,2,sensor_drift,0.75,sensor_drift,sensor_drift,diagnosed,Position sensor drift / process inconsistency,95.8,0.66,f6411766b655d27527e7e05c22b4302bfdef5219b5a4645868179bd69b8b818d,12.1635
development,6,1.18333,2,sensor_drift,1.0,sensor_drift,sensor_drift,diagnosed,Position sensor drift / process inconsistency,94.5,0.68,9055d43193d4947d0d6b2233d96fc78af4ae2ac600e818855b385189f38bde38,12.9147
development,6,1.18333,3,normal,0.0,normal,normal,normal,No actionable deviation,100.0,0.92,71da19a6f634d2f6f3f9fdf764444b157cd143dbfb8fb6bbaf4e1cfbfd8b4b1d,12.0093
development,6,1.18333,3,normal,0.25,normal,normal,normal,No actionable deviation,100.0,0.92,71da19a6f634d2f6f3f9fdf764444b157cd143dbfb8fb6bbaf4e1cfbfd8b4b1d,11.7549
development,6,1.18333,3,normal,0.5,normal,normal,normal,No actionable deviation,100.0,0.92,71da19a6f634d2f6f3f9fdf764444b157cd143dbfb8fb6bbaf4e1cfbfd8b4b1d,11.8474
development,6,1.18333,3,normal,0.75,normal,normal,normal,No actionable deviation,100.0,0.92,71da19a6f634d2f6f3f9fdf764444b157cd143dbfb8fb6bbaf4e1cfbfd8b4b1d,11.9415
development,6,1.18333,3,normal,1.0,normal,normal,normal,No actionable deviation,100.0,0.92,71da19a6f634d2f6f3f9fdf764444b157cd143dbfb8fb6bbaf4e1cfbfd8b4b1d,13.5577
development,6,1.18333,3,friction,0.0,normal,normal,normal,No actionable deviation,100.0,0.92,71da19a6f634d2f6f3f9fdf764444b157cd143dbfb8fb6bbaf4e1cfbfd8b4b1d,13.4306
development,6,1.18333,3,friction,0.25,friction,normal,normal,No actionable deviation,94.5,0.92,d359735f8f1658650d73f9ad649608e021d1398d7fcf1f5581cf24ab6e398f1f,14.7789
development,6,1.18333,3,friction,0.5,friction,friction,diagnosed,Friction growth,87.8,0.71,b1ecc558a8606abbaaddd92f02ab418f76a9d24f2df5ce810c1ecdfbed02cbfe,13.6856
development,6,1.18333,3,friction,0.75,friction,friction,diagnosed,Friction growth,78.0,0.75,f55e9bc3aae33d58575429c127b130c14d1530337adf286641a997e9dfb49628,13.8217
development,6,1.18333,3,friction,1.0,friction,friction,diagnosed,Friction growth,68.2,0.79,018e59a52f2e96893664b5f4564d90aa805974008c36617ca4d9b92774ce69a3,13.2986
development,6,1.18333,3,stiction,0.0,normal,normal,normal,No actionable deviation,100.0,0.92,71da19a6f634d2f6f3f9fdf764444b157cd143dbfb8fb6bbaf4e1cfbfd8b4b1d,11.7187
development,6,1.18333,3,stiction,0.25,stiction,stiction,diagnosed,Persistent localized stiction,40.1,0.92,d342c7f400489fe207993d3d6c35a67124ddadc5744010f5abbb1768c7538a56,12.1986
development,6,1.18333,3,stiction,0.5,stiction,stiction,diagnosed,Persistent localized stiction,37.3,0.92,adf4c4d4a16227a6a125ecc8590267a99a190d928e51c3414fb343ea3f6491e5,14.89
development,6,1.18333,3,stiction,0.75,stiction,stiction,diagnosed,Persistent localized stiction,36.1,0.92,c4396b87c7164d62579f446f10bffbb9c5ae33a38fe682000955987caafc0aae,14.4183
development,6,1.18333,3,stiction,1.0,stiction,stiction,diagnosed,Persistent localized stiction,35.4,0.92,711c6416044959b69894af5b49451c54014d28d4bc8cf326871ba82f428c3189,14.7819
development,6,1.18333,3,obstruction,0.0,normal,normal,normal,No actionable deviation,100.0,0.92,71da19a6f634d2f6f3f9fdf764444b157cd143dbfb8fb6bbaf4e1cfbfd8b4b1d,12.3537
development,6,1.18333,3,obstruction,0.25,obstruction,obstruction,diagnosed,Travel obstruction or persistent stiction,76.4,0.73,82cff9d78ade54a18238f2db114cc8e28ce7d41bcdc904a21d0c4479352372b9,12.005
development,6,1.18333,3,obstruction,0.5,obstruction,obstruction,diagnosed,Travel obstruction or persistent stiction,61.9,0.84,53bb181a5389c2635bc9592d4ece7c68caa625b0727a223b533500781ba85ac1,11.9141
development,6,1.18333,3,obstruction,0.75,obstruction,obstruction,diagnosed,Travel obstruction or persistent stiction,47.0,0.92,e38ae553c90342ca55d725cdb8ce8e2c565a4c616312fd520b72504be8cd9c63,11.9179
development,6,1.18333,3,obstruction,1.0,obstruction,obstruction,diagnosed,Travel obstruction or persistent stiction,36.8,0.92,f5507e6ccf7c6d5f845e99a516a047f054d8ce67c77531c8594ce72221f9f4b4,12.2547
development,6,1.18333,3,actuator_degradation,0.0,normal,normal,normal,No actionable deviation,100.0,0.92,71da19a6f634d2f6f3f9fdf764444b157cd143dbfb8fb6bbaf4e1cfbfd8b4b1d,12.2113
development,6,1.18333,3,actuator_degradation,0.25,actuator_degradation,actuator_degradation,diagnosed,Actuator performance degradation,96.4,0.68,34fbb2b6f704bdb10ff150739f6f76a263c2d7767975d62208ea41edb92cfab3,11.7717
development,6,1.18333,3,actuator_degradation,0.5,actuator_degradation,actuator_degradation,diagnosed,Actuator performance degradation,84.4,0.73,cdf68b325a2c9d1f4b0e737c48fd11a7c2183db09639e94d0d516212fc95b80e,12.1679
development,6,1.18333,3,actuator_degradation,0.75,actuator_degradation,actuator_degradation,diagnosed,Actuator performance degradation,66.5,0.91,6b607970c206d9b55ced21e3fe4735fe2d6833a41cc0e8ab27d2e1579ef792b1,11.8207
development,6,1.18333,3,actuator_degradation,1.0,actuator_degradation,actuator_degradation,diagnosed,Actuator performance degradation,60.1,0.92,bcb62db55001ca8095e8ec944ff05a1bda8a151dde3d9c6ffbcffc19daa63f84,12.3116
development,6,1.18333,3,sensor_drift,0.0,normal,normal,normal,No actionable deviation,100.0,0.92,71da19a6f634d2f6f3f9fdf764444b157cd143dbfb8fb6bbaf4e1cfbfd8b4b1d,12.2216
development,6,1.18333,3,sensor_drift,0.25,sensor_drift,normal,normal,No actionable deviation,98.6,0.92,2280d5eb5b1c391e7083e2a7f58c49ac48cec92c3f32daf754b9f799f3f75d67,11.9471
development,6,1.18333,3,sensor_drift,0.5,sensor_drift,sensor_drift,diagnosed,Position sensor drift / process inconsistency,97.2,0.65,cd78c1a3cafc2b8b1a5e21426b59a79989c7464df169c1048700b4180f41d9df,11.9868
development,6,1.18333,3,sensor_drift,0.75,sensor_drift,sensor_drift,diagnosed,Position sensor drift / process inconsistency,95.9,0.66,e89b00acb0825ea3ad25d94cae19705e0f2b9d006f237be777fc5252dc45993d,11.978
development,6,1.18333,3,sensor_drift,1.0,sensor_drift,sensor_drift,diagnosed,Position sensor drift / process inconsistency,94.6,0.68,ff0b81c59bcde928f47a010be99afd2a8fe3a3a806891ab1b64dab7611c0ede1,12.3813
development,6,1.18333,4,normal,0.0,normal,normal,normal,No actionable deviation,100.0,0.92,116eeb4da121e84d642f4249a611c1a749f25130b750bb8ef564667bb805e0e8,11.8812
development,6,1.18333,4,normal,0.25,normal,normal,normal,No actionable deviation,100.0,0.92,116eeb4da121e84d642f4249a611c1a749f25130b750bb8ef564667bb805e0e8,12.1362
development,6,1.18333,4,normal,0.5,normal,normal,normal,No actionable deviation,100.0,0.92,116eeb4da121e84d642f4249a611c1a749f25130b750bb8ef564667bb805e0e8,12.1064
development,6,1.18333,4,normal,0.75,normal,normal,normal,No actionable deviation,100.0,0.92,116eeb4da121e84d642f4249a611c1a749f25130b750bb8ef564667bb805e0e8,12.0295
development,6,1.18333,4,normal,1.0,normal,normal,normal,No actionable deviation,100.0,0.92,116eeb4da121e84d642f4249a611c1a749f25130b750bb8ef564667bb805e0e8,11.968
development,6,1.18333,4,friction,0.0,normal,normal,normal,No actionable deviation,100.0,0.92,116eeb4da121e84d642f4249a611c1a749f25130b750bb8ef564667bb805e0e8,12.0882
development,6,1.18333,4,friction,0.25,friction,normal,normal,No actionable deviation,94.6,0.92,caaa880fe915b4158b79861045d6b6c0173e03541d0d040191280b114ba7fd7b,12.2173
development,6,1.18333,4,friction,0.5,friction,friction,diagnosed,Friction growth,87.5,0.71,103f7e5dc06c77d2aa414ade34c567e974729fdcc614591083a8c8d5fd191540,12.3414
development,6,1.18333,4,friction,0.75,friction,friction,diagnosed,Friction growth,78.2,0.75,e7094740abae660d17ab2e78ba50fa8e16599ac449b30bd87c51849c38156ccc,12.0514
development,6,1.18333,4,friction,1.0,friction,friction,diagnosed,Friction growth,68.3,0.79,b43ed75050a4bf9a3127a46e094a8c963bdda26ebe158fd9449794efa5fb919e,12.2147
development,6,1.18333,4,stiction,0.0,normal,normal,normal,No actionable deviation,100.0,0.92,116eeb4da121e84d642f4249a611c1a749f25130b750bb8ef564667bb805e0e8,12.5023
development,6,1.18333,4,stiction,0.25,stiction,stiction,diagnosed,Persistent localized stiction,40.2,0.92,b6b08f0e8053072ada4b9988a571db903c435fb5c40d4d9803b027a2a335eae1,11.9402
development,6,1.18333,4,stiction,0.5,stiction,stiction,diagnosed,Persistent localized stiction,37.3,0.92,ae455cebb1fc45e997f778a3228c50acb3b5d6119a9923e696ec3f22b8081d50,12.5459
development,6,1.18333,4,stiction,0.75,stiction,stiction,diagnosed,Persistent localized stiction,36.2,0.92,68f68af204002c27f13aab9921559e22fa88152569296fd4fc2b9d61ce716abb,12.0111
development,6,1.18333,4,stiction,1.0,stiction,stiction,diagnosed,Persistent localized stiction,35.5,0.92,3df09709471a660d71f2fee17e03f140a0ef93c8e081dcb58165d2ccd912055a,11.8076
development,6,1.18333,4,obstruction,0.0,normal,normal,normal,No actionable deviation,100.0,0.92,116eeb4da121e84d642f4249a611c1a749f25130b750bb8ef564667bb805e0e8,11.9047
development,6,1.18333,4,obstruction,0.25,obstruction,obstruction,diagnosed,Travel obstruction or persistent stiction,76.1,0.73,212f6fe75d629dace31dc16e64a22c4a79363f3db3f809d022dcfd2a60f17c91,12.379
development,6,1.18333,4,obstruction,0.5,obstruction,obstruction,diagnosed,Travel obstruction or persistent stiction,61.6,0.84,38ffccfdfee88051186482cc2f8526c854e8ada6a5e580c72fca27a76374772c,12.5516
development,6,1.18333,4,obstruction,0.75,obstruction,obstruction,diagnosed,Travel obstruction or persistent stiction,46.9,0.92,11082fb24ac662580c9a516bf21114ad84599e096b9fdfd65dc1f33bc41bdfde,12.5571
development,6,1.18333,4,obstruction,1.0,obstruction,obstruction,diagnosed,Travel obstruction or persistent stiction,37.0,0.92,1dd50d67eaa1c02f2c2211c9dcaef0b0b953899a038837b8c84a3b67e0b712da,12.5428
development,6,1.18333,4,actuator_degradation,0.0,normal,normal,normal,No actionable deviation,100.0,0.92,116eeb4da121e84d642f4249a611c1a749f25130b750bb8ef564667bb805e0e8,12.0883
development,6,1.18333,4,actuator_degradation,0.25,actuator_degradation,actuator_degradation,diagnosed,Actuator performance degradation,96.5,0.67,ba2650e421c9a25bc64f65572b0a380c5029cedbc3c5b648af9c241eccd63ab7,12.1856
development,6,1.18333,4,actuator_degradation,0.5,actuator_degradation,actuator_degradation,diagnosed,Actuator performance degradation,84.5,0.72,462fa0ee20bc1156f2f2a18acadb70d98bb0eb358475fa327806e4449c9372de,12.4323
development,6,1.18333,4,actuator_degradation,0.75,actuator_degradation,actuator_degradation,diagnosed,Actuator performance degradation,66.8,0.91,ed52ecde2364e24ed2332bad254569bacc8240af22f52330ee5e510fcbd3e60e,12.3463
development,6,1.18333,4,actuator_degradation,1.0,actuator_degradation,actuator_degradation,diagnosed,Actuator performance degradation,60.3,0.92,c8bf0e24cb904fef9f1c4597182f55e3eb14051bb035573fde4fe8724078ec07,12.0806
development,6,1.18333,4,sensor_drift,0.0,normal,normal,normal,No actionable deviation,100.0,0.92,116eeb4da121e84d642f4249a611c1a749f25130b750bb8ef564667bb805e0e8,12.1991
development,6,1.18333,4,sensor_drift,0.25,sensor_drift,normal,normal,No actionable deviation,98.4,0.92,7431979c80f41cc979eca8f43a19c75c14a6226962ea79cf2a636debcb07d682,11.9619
development,6,1.18333,4,sensor_drift,0.5,sensor_drift,sensor_drift,diagnosed,Position sensor drift / process inconsistency,96.9,0.65,226c48e191e1e6e243fbb9570dd780111bee8e201b98381efc87d98e78aceeeb,12.0744
development,6,1.18333,4,sensor_drift,0.75,sensor_drift,sensor_drift,diagnosed,Position sensor drift / process inconsistency,95.6,0.66,0daa63fb2c2925a6e593e7288261c0a9b16d120d8c1ba7fe9ac93d5024c13245,11.9602
development,6,1.18333,4,sensor_drift,1.0,sensor_drift,sensor_drift,diagnosed,Position sensor drift / process inconsistency,94.4,0.68,1054885ea2de19d0accd0646124a86d62007aa7b7acff9bf5d5b7f5ea666f08a,13.9614
development,6,1.18333,5,normal,0.0,normal,normal,normal,No actionable deviation,100.0,0.92,34f15457e46e0621a35b5c462fd654dcc315ea179fcaffd8411afc81e6b08b4f,13.1872
development,6,1.18333,5,normal,0.25,normal,normal,normal,No actionable deviation,100.0,0.92,34f15457e46e0621a35b5c462fd654dcc315ea179fcaffd8411afc81e6b08b4f,14.1778
development,6,1.18333,5,normal,0.5,normal,normal,normal,No actionable deviation,100.0,0.92,34f15457e46e0621a35b5c462fd654dcc315ea179fcaffd8411afc81e6b08b4f,13.3278
development,6,1.18333,5,normal,0.75,normal,normal,normal,No actionable deviation,100.0,0.92,34f15457e46e0621a35b5c462fd654dcc315ea179fcaffd8411afc81e6b08b4f,13.3899
development,6,1.18333,5,normal,1.0,normal,normal,normal,No actionable deviation,100.0,0.92,34f15457e46e0621a35b5c462fd654dcc315ea179fcaffd8411afc81e6b08b4f,14.2254
development,6,1.18333,5,friction,0.0,normal,normal,normal,No actionable deviation,100.0,0.92,34f15457e46e0621a35b5c462fd654dcc315ea179fcaffd8411afc81e6b08b4f,13.4685
development,6,1.18333,5,friction,0.25,friction,normal,normal,No actionable deviation,94.8,0.92,68ac36690d4f5f4286786d8938191b64f5e03b39d5165821ceeace27a2ad20e1,12.4094
development,6,1.18333,5,friction,0.5,friction,friction,diagnosed,Friction growth,87.7,0.71,8118b04d35ca5d08aadebad2259c006d799774e762b965d1241e654dadbac916,11.8987
development,6,1.18333,5,friction,0.75,friction,friction,diagnosed,Friction growth,78.4,0.75,7f83abd0b5adacbc8be84e59efd9fce502980b3658203dad4297679a201fedd7,11.933
development,6,1.18333,5,friction,1.0,friction,friction,diagnosed,Friction growth,68.4,0.79,cea3652df1fde2b8d2df2f5e74c75ce6f56999f60b09690642904d4cb81386e5,11.9303
development,6,1.18333,5,stiction,0.0,normal,normal,normal,No actionable deviation,100.0,0.92,34f15457e46e0621a35b5c462fd654dcc315ea179fcaffd8411afc81e6b08b4f,11.8363
development,6,1.18333,5,stiction,0.25,stiction,stiction,diagnosed,Persistent localized stiction,40.2,0.92,6bfd5adbfc8303bbaaba3b1aaa9a44e1c3590b8b16b63ef5f987ea3d43c9fa12,11.9042
development,6,1.18333,5,stiction,0.5,stiction,stiction,diagnosed,Persistent localized stiction,37.4,0.92,f6d6e06c00f627b83d089891f2280670752ddb1012ba5a1dc4752415edfe1043,11.9523
development,6,1.18333,5,stiction,0.75,stiction,stiction,diagnosed,Persistent localized stiction,36.2,0.92,735f9c08fba4918e1755333fc9c2ee9aef1e163182bb9c94c71ba966ef4900c6,11.854
development,6,1.18333,5,stiction,1.0,stiction,stiction,diagnosed,Persistent localized stiction,35.5,0.92,1b084715605d056b9f1abddda7342c624371d7ef9f9d26f7663bfc7a41916e97,11.9936
development,6,1.18333,5,obstruction,0.0,normal,normal,normal,No actionable deviation,100.0,0.92,34f15457e46e0621a35b5c462fd654dcc315ea179fcaffd8411afc81e6b08b4f,12.3492
development,6,1.18333,5,obstruction,0.25,obstruction,obstruction,diagnosed,Travel obstruction or persistent stiction,75.9,0.73,14ce704644ab7eea1bdff3566cba8bd40d30ab5f2f0db4fe5fdfaa644bf3daa5,12.569
development,6,1.18333,5,obstruction,0.5,obstruction,obstruction,diagnosed,Travel obstruction or persistent stiction,61.9,0.84,896d4cd582c65feee6a0d89b8e513dac2983c824e9e43f3c2153a55aea287fb6,12.218
development,6,1.18333,5,obstruction,0.75,obstruction,obstruction,diagnosed,Travel obstruction or persistent stiction,48.8,0.92,e40ad79048eec302ceee05e807a72e3bd574c498ec9437cdccc57dc67e363ab6,12.108
development,6,1.18333,5,obstruction,1.0,obstruction,obstruction,diagnosed,Travel obstruction or persistent stiction,36.9,0.92,485dd801f8abfce73350e6cf59430b361e76e508521dcc83f9ee9155efa1023f,11.9447
development,6,1.18333,5,actuator_degradation,0.0,normal,normal,normal,No actionable deviation,100.0,0.92,34f15457e46e0621a35b5c462fd654dcc315ea179fcaffd8411afc81e6b08b4f,11.8382
development,6,1.18333,5,actuator_degradation,0.25,actuator_degradation,actuator_degradation,diagnosed,Actuator performance degradation,96.6,0.67,480475e072d6ac3e3fd180e5a6ce4d396d6fa58771e7d6f988035e71fad03821,11.9848
development,6,1.18333,5,actuator_degradation,0.5,actuator_degradation,actuator_degradation,diagnosed,Actuator performance degradation,84.7,0.72,0aca95ce5b713e2a3f76d5d61e26eb5ae7e250807f1d1908278b0f0dbc54f26e,12.6857
development,6,1.18333,5,actuator_degradation,0.75,actuator_degradation,actuator_degradation,diagnosed,Actuator performance degradation,66.8,0.91,0091d48786bcd5944aa5e8fc5cf770a640e642f6af866fa0d7561b889166a10a,14.1726
development,6,1.18333,5,actuator_degradation,1.0,actuator_degradation,actuator_degradation,diagnosed,Actuator performance degradation,60.3,0.92,b07eefa13f26debf71baf5b992bce3320e4700657eaffa5e337b1441ed3bc72a,16.8367
development,6,1.18333,5,sensor_drift,0.0,normal,normal,normal,No actionable deviation,100.0,0.92,34f15457e46e0621a35b5c462fd654dcc315ea179fcaffd8411afc81e6b08b4f,12.192
development,6,1.18333,5,sensor_drift,0.25,sensor_drift,normal,normal,No actionable deviation,98.5,0.92,7505ed2d53b49ee93013c2e2caf06181fa7fed5f0ef7fc39ba12270f00ea6575,18.0517
development,6,1.18333,5,sensor_drift,0.5,sensor_drift,sensor_drift,diagnosed,Position sensor drift / process inconsistency,97.1,0.65,ed93c1bc139fee218154f45a459b38416bfc5225fee3c17812587d42afbfbb9e,12.3322
development,6,1.18333,5,sensor_drift,0.75,sensor_drift,sensor_drift,diagnosed,Position sensor drift / process inconsistency,95.8,0.66,e86f16d81823fa096c2da632eb09b508c40f2b9a92d974a195bdae84ba19302e,12.7733
development,6,1.18333,5,sensor_drift,1.0,sensor_drift,sensor_drift,diagnosed,Position sensor drift / process inconsistency,94.4,0.68,0816d1f1c231e5a0689b1f029d837b67471af4f02a004a1456bb1cdf5fb855bc,12.6929
development,6,1.18333,6,normal,0.0,normal,normal,normal,No actionable deviation,100.0,0.92,e6d676d937ce80f811cd7576aa9476f65441ddb334244fcb95af8275c89d10b3,11.7947
development,6,1.18333,6,normal,0.25,normal,normal,normal,No actionable deviation,100.0,0.92,e6d676d937ce80f811cd7576aa9476f65441ddb334244fcb95af8275c89d10b3,16.6412
development,6,1.18333,6,normal,0.5,normal,normal,normal,No actionable deviation,100.0,0.92,e6d676d937ce80f811cd7576aa9476f65441ddb334244fcb95af8275c89d10b3,12.1979
development,6,1.18333,6,normal,0.75,normal,normal,normal,No actionable deviation,100.0,0.92,e6d676d937ce80f811cd7576aa9476f65441ddb334244fcb95af8275c89d10b3,12.1717
development,6,1.18333,6,normal,1.0,normal,normal,normal,No actionable deviation,100.0,0.92,e6d676d937ce80f811cd7576aa9476f65441ddb334244fcb95af8275c89d10b3,12.1264
development,6,1.18333,6,friction,0.0,normal,normal,normal,No actionable deviation,100.0,0.92,e6d676d937ce80f811cd7576aa9476f65441ddb334244fcb95af8275c89d10b3,11.9473
development,6,1.18333,6,friction,0.25,friction,normal,normal,No actionable deviation,94.8,0.92,24b4c192afa60d15f78aee17d4a772c275044d47cf26183fe65bc4d4e8b1a1a9,12.0276
development,6,1.18333,6,friction,0.5,friction,friction,diagnosed,Friction growth,87.8,0.71,6d123340f3488424c2755b9758d92308d5c9f536c09e74bf542c5806354902af,11.8471
development,6,1.18333,6,friction,0.75,friction,friction,diagnosed,Friction growth,78.4,0.75,1159ba727a5203a31246e7ed9c492853f195d6b66cb12d4ed1f3f191dde4b51a,11.9824
development,6,1.18333,6,friction,1.0,friction,friction,diagnosed,Friction growth,68.4,0.79,ddfed89ffe89e484ec46713f3b3868801fa74bfaf7fe6b8171278f0c7522acae,11.9161
development,6,1.18333,6,stiction,0.0,normal,normal,normal,No actionable deviation,100.0,0.92,e6d676d937ce80f811cd7576aa9476f65441ddb334244fcb95af8275c89d10b3,11.9314
development,6,1.18333,6,stiction,0.25,stiction,stiction,diagnosed,Persistent localized stiction,40.2,0.92,248e349fe7d47faa8b97cba5d66ab9ac5290a360cf43e4c3b50accc68dd06bf5,11.9586
development,6,1.18333,6,stiction,0.5,stiction,stiction,diagnosed,Persistent localized stiction,37.4,0.92,43026cd9a7b49a35fdb08c0f7d06122d00d97cb58878f0173949e56c6284384b,12.3034
development,6,1.18333,6,stiction,0.75,stiction,stiction,diagnosed,Persistent localized stiction,36.2,0.92,27749dd15770dd894f7ef303670ac7b4d85a0895644ce1d15c2c13412832988f,12.0075
development,6,1.18333,6,stiction,1.0,stiction,stiction,diagnosed,Persistent localized stiction,35.5,0.92,1639aa5b4ce93ad824ea43813bbde503fb0d5c4c372d369acee8d0ee4a8713ab,12.035
development,6,1.18333,6,obstruction,0.0,normal,normal,normal,No actionable deviation,100.0,0.92,e6d676d937ce80f811cd7576aa9476f65441ddb334244fcb95af8275c89d10b3,11.7967
development,6,1.18333,6,obstruction,0.25,obstruction,obstruction,diagnosed,Travel obstruction or persistent stiction,76.6,0.73,bc17c55efcb8ea759071dbced258f6906edc6d1b9c12321cb0f55f0490647267,11.8755
development,6,1.18333,6,obstruction,0.5,obstruction,obstruction,diagnosed,Travel obstruction or persistent stiction,62.1,0.84,5ee3311b4ff6de52e5e0c1a735718c5d4e2d24ce311de58607147c4cf8e0b7a7,12.297
development,6,1.18333,6,obstruction,0.75,obstruction,obstruction,diagnosed,Travel obstruction or persistent stiction,48.0,0.92,d8912168e0b0f6843f64ce6c3b1cf51a862e09f0e34f0601ca998510d4c1ec97,12.521
development,6,1.18333,6,obstruction,1.0,obstruction,obstruction,diagnosed,Travel obstruction or persistent stiction,37.0,0.92,0b7d184d98baef90f4e427525b5eb3da45c23d605cb7d3c63e9175716c8863f0,12.4095
development,6,1.18333,6,actuator_degradation,0.0,normal,normal,normal,No actionable deviation,100.0,0.92,e6d676d937ce80f811cd7576aa9476f65441ddb334244fcb95af8275c89d10b3,11.7214
development,6,1.18333,6,actuator_degradation,0.25,actuator_degradation,actuator_degradation,diagnosed,Actuator performance degradation,96.6,0.67,c07f4f75b324e626fb2515c847a07c7cd2be8276fa3fb478f734831bec2ef0ef,12.0535
development,6,1.18333,6,actuator_degradation,0.5,actuator_degradation,actuator_degradation,diagnosed,Actuator performance degradation,84.6,0.72,9425ed79538c93f04752f80869fb5033c2dc791b8f248e258af0567492872c69,11.9377
development,6,1.18333,6,actuator_degradation,0.75,actuator_degradation,actuator_degradation,diagnosed,Actuator performance degradation,66.8,0.91,2e0112c769155672feb603dbf2ae074dfa54195bf6b696ab8a386b058ae25bc2,12.2178
development,6,1.18333,6,actuator_degradation,1.0,actuator_degradation,actuator_degradation,diagnosed,Actuator performance degradation,60.3,0.92,befc02734a87c9532342d137f52406a7e8cd9c93efd5108795bb610b7b3f44cf,12.0557
development,6,1.18333,6,sensor_drift,0.0,normal,normal,normal,No actionable deviation,100.0,0.92,e6d676d937ce80f811cd7576aa9476f65441ddb334244fcb95af8275c89d10b3,12.6074
development,6,1.18333,6,sensor_drift,0.25,sensor_drift,normal,normal,No actionable deviation,98.6,0.92,0ebe3a95c82d69c36a5260f9933ccfdd519ceac4008615d17255dfcafe52b857,12.0494
development,6,1.18333,6,sensor_drift,0.5,sensor_drift,sensor_drift,diagnosed,Position sensor drift / process inconsistency,97.0,0.65,28248ef3c14a55bdff61561391baa5a95cf417648d97df27b32a40cd47d23b07,12.1075
development,6,1.18333,6,sensor_drift,0.75,sensor_drift,sensor_drift,diagnosed,Position sensor drift / process inconsistency,95.7,0.66,4206befcf095b6aa507ca6fb15b651bd2af7ed2c769edc4ca89f8f662ff84d49,12.1985
development,6,1.18333,6,sensor_drift,1.0,sensor_drift,sensor_drift,diagnosed,Position sensor drift / process inconsistency,94.6,0.68,54c9d2997a12096d613d116df89a4a00b6fff0437886537ec213003b50ffbcd9,12.1914
development,6,1.18333,7,normal,0.0,normal,normal,normal,No actionable deviation,100.0,0.92,e02730d2f09ee262d507c1c6002abddd323da8c48a49df2945c22d0b9819330a,12.0367
development,6,1.18333,7,normal,0.25,normal,normal,normal,No actionable deviation,100.0,0.92,e02730d2f09ee262d507c1c6002abddd323da8c48a49df2945c22d0b9819330a,12.0062
development,6,1.18333,7,normal,0.5,normal,normal,normal,No actionable deviation,100.0,0.92,e02730d2f09ee262d507c1c6002abddd323da8c48a49df2945c22d0b9819330a,11.8416
development,6,1.18333,7,normal,0.75,normal,normal,normal,No actionable deviation,100.0,0.92,e02730d2f09ee262d507c1c6002abddd323da8c48a49df2945c22d0b9819330a,11.8474
development,6,1.18333,7,normal,1.0,normal,normal,normal,No actionable deviation,100.0,0.92,e02730d2f09ee262d507c1c6002abddd323da8c48a49df2945c22d0b9819330a,11.9088
development,6,1.18333,7,friction,0.0,normal,normal,normal,No actionable deviation,100.0,0.92,e02730d2f09ee262d507c1c6002abddd323da8c48a49df2945c22d0b9819330a,11.6537
development,6,1.18333,7,friction,0.25,friction,normal,normal,No actionable deviation,94.8,0.92,cc80039b1eefa4884ef9f24f4e24b0710aa6d822ff82a639ec1c13798ac27c5c,11.675
development,6,1.18333,7,friction,0.5,friction,friction,diagnosed,Friction growth,87.9,0.71,3ea3d1002fbb871997c8ba07e0efad452bd274ae03a4f887c5623382cf8080f9,11.6742
development,6,1.18333,7,friction,0.75,friction,friction,diagnosed,Friction growth,78.5,0.75,a0d7c66f2fcbed95ee4d5c6fa86d4150aa611d889d63c4d1b628df2096457965,11.9796
development,6,1.18333,7,friction,1.0,friction,friction,diagnosed,Friction growth,68.4,0.8,ce1d7eb4064b4d5a58efdd5202ca279e936385dad6e70db32ea753cbd0be3528,11.7873
development,6,1.18333,7,stiction,0.0,normal,normal,normal,No actionable deviation,100.0,0.92,e02730d2f09ee262d507c1c6002abddd323da8c48a49df2945c22d0b9819330a,11.8856
development,6,1.18333,7,stiction,0.25,stiction,stiction,diagnosed,Persistent localized stiction,40.2,0.92,2b613e4ae4dc841974c96bd9eec58eff5b17fccc2d151376bc6351d260d12791,11.9994
development,6,1.18333,7,stiction,0.5,stiction,stiction,diagnosed,Persistent localized stiction,37.3,0.92,ea1d8bca32d189bae8a702d6beaef010acbf31cba23f6e5458c26b6ff34ccf06,11.7832
development,6,1.18333,7,stiction,0.75,stiction,stiction,diagnosed,Persistent localized stiction,36.1,0.92,f122b38665d31c30b8c32db7179c85a9af6665fb64829d065364bf07fbca37b0,11.8569
development,6,1.18333,7,stiction,1.0,stiction,stiction,diagnosed,Persistent localized stiction,35.4,0.92,ec7d1667804cf5da042e93e2fdc3002253c874f7707c96c033425bba39797664,11.8473
development,6,1.18333,7,obstruction,0.0,normal,normal,normal,No actionable deviation,100.0,0.92,e02730d2f09ee262d507c1c6002abddd323da8c48a49df2945c22d0b9819330a,11.7308
development,6,1.18333,7,obstruction,0.25,obstruction,obstruction,diagnosed,Travel obstruction or persistent stiction,76.4,0.73,4461bdb70ec0c849bfa509522668b8ca40e1e126be97a514f3b553b32c6ac127,11.7509
development,6,1.18333,7,obstruction,0.5,obstruction,obstruction,diagnosed,Travel obstruction or persistent stiction,62.0,0.84,0fb0dd00c1024d5499b04d312f8efa189d052814684fb62344fb93377b657f0e,11.8359
development,6,1.18333,7,obstruction,0.75,obstruction,obstruction,diagnosed,Travel obstruction or persistent stiction,49.0,0.92,ff0763f422db6f6ec9577880813012ccef4029977744e25d4f53673d0a305fe6,11.9796
development,6,1.18333,7,obstruction,1.0,obstruction,obstruction,diagnosed,Travel obstruction or persistent stiction,36.9,0.92,205b3dd5dabd7a01b0ac8d272f33d4e4b05790517dc02ddc207e3c1da09c1aa7,11.8809
development,6,1.18333,7,actuator_degradation,0.0,normal,normal,normal,No actionable deviation,100.0,0.92,e02730d2f09ee262d507c1c6002abddd323da8c48a49df2945c22d0b9819330a,11.8476
development,6,1.18333,7,actuator_degradation,0.25,actuator_degradation,actuator_degradation,diagnosed,Actuator performance degradation,96.6,0.67,f9e797b402b583aee3e149364a3af31b7595c1b9face5b35fac3d0eaa21956f0,12.147
development,6,1.18333,7,actuator_degradation,0.5,actuator_degradation,actuator_degradation,diagnosed,Actuator performance degradation,84.5,0.73,18c0660024b27bcd7046f1ebdac5b80f5580fc5ae9d85140ef910d28b6f31ace,12.0824
development,6,1.18333,7,actuator_degradation,0.75,actuator_degradation,actuator_degradation,diagnosed,Actuator performance degradation,66.7,0.92,d5ca8c12da94b82b56fe7108043a852f62a65d451b8961b520199cebd27b995e,12.1544
development,6,1.18333,7,actuator_degradation,1.0,actuator_degradation,actuator_degradation,diagnosed,Actuator performance degradation,60.3,0.92,997da87c3df00b27d4480d4008a6a75d8a591a2d363c05d1ace21eb641dfc0e1,12.0703
development,6,1.18333,7,sensor_drift,0.0,normal,normal,normal,No actionable deviation,100.0,0.92,e02730d2f09ee262d507c1c6002abddd323da8c48a49df2945c22d0b9819330a,11.8962
development,6,1.18333,7,sensor_drift,0.25,sensor_drift,normal,normal,No actionable deviation,98.5,0.92,0644f819fd4f4f09f5b5d56999a77f6a83416b2ea73f546034354537fb869977,11.8714
development,6,1.18333,7,sensor_drift,0.5,sensor_drift,sensor_drift,diagnosed,Position sensor drift / process inconsistency,97.2,0.65,fc32edbe349de7e3a8d865d361a589e883e3096a89dc3cf50b2237ffb4affecd,12.8963
development,6,1.18333,7,sensor_drift,0.75,sensor_drift,sensor_drift,diagnosed,Position sensor drift / process inconsistency,95.8,0.66,0da9f49dfce2f4438cf9e0f34ba9ee9d736d0dbf3816b938a8328bbf6db94378,11.776
development,6,1.18333,7,sensor_drift,1.0,sensor_drift,sensor_drift,diagnosed,Position sensor drift / process inconsistency,94.5,0.68,ca7effae99d4f437df88f607a2e4b9c4b42eff97da8a5b5426cc47f8156173ec,11.5631
development,6,1.18333,8,normal,0.0,normal,normal,normal,No actionable deviation,100.0,0.92,19caa4201a82a945bb587f4f82387b3c657de638fbb9de8f9ceff3ab5806fa1b,12.2697
development,6,1.18333,8,normal,0.25,normal,normal,normal,No actionable deviation,100.0,0.92,19caa4201a82a945bb587f4f82387b3c657de638fbb9de8f9ceff3ab5806fa1b,11.8511
development,6,1.18333,8,normal,0.5,normal,normal,normal,No actionable deviation,100.0,0.92,19caa4201a82a945bb587f4f82387b3c657de638fbb9de8f9ceff3ab5806fa1b,11.817
development,6,1.18333,8,normal,0.75,normal,normal,normal,No actionable deviation,100.0,0.92,19caa4201a82a945bb587f4f82387b3c657de638fbb9de8f9ceff3ab5806fa1b,13.1597
development,6,1.18333,8,normal,1.0,normal,normal,normal,No actionable deviation,100.0,0.92,19caa4201a82a945bb587f4f82387b3c657de638fbb9de8f9ceff3ab5806fa1b,11.5294
development,6,1.18333,8,friction,0.0,normal,normal,normal,No actionable deviation,100.0,0.92,19caa4201a82a945bb587f4f82387b3c657de638fbb9de8f9ceff3ab5806fa1b,11.5149
development,6,1.18333,8,friction,0.25,friction,normal,normal,No actionable deviation,94.9,0.92,1b5fc6f0610a0777c7f637fa14de92df5ff1336a044bb11a3c8d5d8c71e0da78,11.6476
development,6,1.18333,8,friction,0.5,friction,friction,diagnosed,Friction growth,88.0,0.71,8725a9f0cbf4b77121dd09f6296d217be77727ff99f927192e827494fdcac558,11.6131
development,6,1.18333,8,friction,0.75,friction,friction,diagnosed,Friction growth,78.6,0.75,a836da1251450e74d0ddc7550229868c6e7bd220f793c284cf8454fec8d91503,11.6387
development,6,1.18333,8,friction,1.0,friction,friction,diagnosed,Friction growth,68.5,0.8,ef5bd2fbbbb0bccaa91639516d1e6efb28fd5c388387b679e5f076331017ca28,12.0184
development,6,1.18333,8,stiction,0.0,normal,normal,normal,No actionable deviation,100.0,0.92,19caa4201a82a945bb587f4f82387b3c657de638fbb9de8f9ceff3ab5806fa1b,12.0204
development,6,1.18333,8,stiction,0.25,stiction,stiction,diagnosed,Persistent localized stiction,40.2,0.92,f940bd1f38a25b879e602b851a45782d2b793b1898f6942ac8d947f2cc9bf6dd,12.2019
development,6,1.18333,8,stiction,0.5,stiction,stiction,diagnosed,Persistent localized stiction,37.3,0.92,5941bb4e72440ccecbe6cbbf980c5a5189182158270490ed2dfcd96737b53126,11.7866
development,6,1.18333,8,stiction,0.75,stiction,stiction,diagnosed,Persistent localized stiction,36.0,0.92,573546eec0871620b2e866770c61cc5d66cbc535f92597d1a2e4c254e06a3c31,11.7193
development,6,1.18333,8,stiction,1.0,stiction,stiction,diagnosed,Persistent localized stiction,35.4,0.92,b159ce42ffe98b4d61713bae185ddf7cc7bb901114ca3dc0ad4a8261c92b9bf9,11.8215
development,6,1.18333,8,obstruction,0.0,normal,normal,normal,No actionable deviation,100.0,0.92,19caa4201a82a945bb587f4f82387b3c657de638fbb9de8f9ceff3ab5806fa1b,11.5924
development,6,1.18333,8,obstruction,0.25,obstruction,obstruction,diagnosed,Travel obstruction or persistent stiction,76.2,0.73,127430886fd77b3e502c6087bd822b41720d9445c774eb5a1ba89d005df918ee,11.5582
development,6,1.18333,8,obstruction,0.5,obstruction,obstruction,diagnosed,Travel obstruction or persistent stiction,62.1,0.84,527714debf4d0754b5d53869a361a23c0c8bcc26caa4de3d000db65aa661a60b,11.9207
development,6,1.18333,8,obstruction,0.75,obstruction,obstruction,diagnosed,Travel obstruction or persistent stiction,51.8,0.92,2005677dbdba68bbd7c0d1c68213b9edd69dcd71724d470b61cc1ba3c3af0824,11.6364
development,6,1.18333,8,obstruction,1.0,obstruction,obstruction,diagnosed,Travel obstruction or persistent stiction,36.9,0.92,2659c31569af50dde89ba87fa3aa73630a362e3a4b45b11e95d4d3192d20d138,11.7796
development,6,1.18333,8,actuator_degradation,0.0,normal,normal,normal,No actionable deviation,100.0,0.92,19caa4201a82a945bb587f4f82387b3c657de638fbb9de8f9ceff3ab5806fa1b,12.149
development,6,1.18333,8,actuator_degradation,0.25,actuator_degradation,actuator_degradation,diagnosed,Actuator performance degradation,96.7,0.67,8ebdf97e781d2492f604a3608d04cf447358911f9faf92849eed0f93438c3eb7,11.984
development,6,1.18333,8,actuator_degradation,0.5,actuator_degradation,actuator_degradation,diagnosed,Actuator performance degradation,84.8,0.72,f44677338d8cea8d4f6dea0678b95dfd3b691d1203a33082701fc3a2dba4a1ae,11.959
development,6,1.18333,8,actuator_degradation,0.75,actuator_degradation,actuator_degradation,diagnosed,Actuator performance degradation,66.7,0.92,7d6dccce2db7f990ee86575f80dab4b40af30c142d8649a98bb00e112bbe9854,12.2295
development,6,1.18333,8,actuator_degradation,1.0,actuator_degradation,actuator_degradation,diagnosed,Actuator performance degradation,60.3,0.92,cec5d14359870979e5f1fdddbac5c93e99a0d5a11f11733af73b2df0b945ec6f,12.363
development,6,1.18333,8,sensor_drift,0.0,normal,normal,normal,No actionable deviation,100.0,0.92,19caa4201a82a945bb587f4f82387b3c657de638fbb9de8f9ceff3ab5806fa1b,11.6977
development,6,1.18333,8,sensor_drift,0.25,sensor_drift,normal,normal,No actionable deviation,98.5,0.92,bd3ce2e28ffc34688a4ef1ae587bc4f61afdf2518dd2815186d96bb2e8a43393,11.6215
development,6,1.18333,8,sensor_drift,0.5,sensor_drift,sensor_drift,diagnosed,Position sensor drift / process inconsistency,97.1,0.65,49dc47bc08c0f0692e76a4847a365d0d0fa8fbea2ab4fd97ed5731256f403ff9,11.689
development,6,1.18333,8,sensor_drift,0.75,sensor_drift,sensor_drift,diagnosed,Position sensor drift / process inconsistency,95.7,0.67,7afa396e813d94bee8701b22642a9c2013aa0978199d9ca3cde83eb657082d2c,11.6881
development,6,1.18333,8,sensor_drift,1.0,sensor_drift,sensor_drift,diagnosed,Position sensor drift / process inconsistency,94.5,0.68,85247eea245cac03219c7451484e76c314416edf49ff89589701dcca48538cdb,11.4873
development,6,1.18333,9,normal,0.0,normal,normal,normal,No actionable deviation,100.0,0.92,04e0f840638ed61db9dac0182c50e25c5f760bca545f5ebc04d7df23c709951f,11.6114
development,6,1.18333,9,normal,0.25,normal,normal,normal,No actionable deviation,100.0,0.92,04e0f840638ed61db9dac0182c50e25c5f760bca545f5ebc04d7df23c709951f,11.6115
development,6,1.18333,9,normal,0.5,normal,normal,normal,No actionable deviation,100.0,0.92,04e0f840638ed61db9dac0182c50e25c5f760bca545f5ebc04d7df23c709951f,11.5514
development,6,1.18333,9,normal,0.75,normal,normal,normal,No actionable deviation,100.0,0.92,04e0f840638ed61db9dac0182c50e25c5f760bca545f5ebc04d7df23c709951f,11.5534
development,6,1.18333,9,normal,1.0,normal,normal,normal,No actionable deviation,100.0,0.92,04e0f840638ed61db9dac0182c50e25c5f760bca545f5ebc04d7df23c709951f,12.0107
development,6,1.18333,9,friction,0.0,normal,normal,normal,No actionable deviation,100.0,0.92,04e0f840638ed61db9dac0182c50e25c5f760bca545f5ebc04d7df23c709951f,11.637
development,6,1.18333,9,friction,0.25,friction,normal,normal,No actionable deviation,94.8,0.92,03e7142c6d57068d6e5aebc4f1750814812c75654cc4440afd9fa2201079da62,11.7381
development,6,1.18333,9,friction,0.5,friction,friction,diagnosed,Friction growth,87.7,0.71,d9600d88503743854a0f11cd8280812f7d558d01fa50a68f94814446cc34d752,11.961
development,6,1.18333,9,friction,0.75,friction,friction,diagnosed,Friction growth,78.3,0.75,ce653c6975705adf1ef86bc9a182443255bb495556a43295d5d4ec047f9dceed,13.0587
development,6,1.18333,9,friction,1.0,friction,friction,diagnosed,Friction growth,68.4,0.79,521d2473eac6d3987c4ce1a9965f88622c5191708ee5978654d5652057ba087a,13.627
development,6,1.18333,9,stiction,0.0,normal,normal,normal,No actionable deviation,100.0,0.92,04e0f840638ed61db9dac0182c50e25c5f760bca545f5ebc04d7df23c709951f,12.7091
development,6,1.18333,9,stiction,0.25,stiction,stiction,diagnosed,Persistent localized stiction,40.3,0.92,7e0c2403e302607f261ab4f5deb761f715e1a479b5c5533b91207ba17f9ee636,11.6284
development,6,1.18333,9,stiction,0.5,stiction,stiction,diagnosed,Persistent localized stiction,37.3,0.92,6fb157fcf5a74a02c79cb139b6de86c503aa513d8403447b2cae024e2fd5aa08,11.7449
development,6,1.18333,9,stiction,0.75,stiction,stiction,diagnosed,Persistent localized stiction,36.2,0.92,ff9d3b1d10a42e0fdafae5cb9df0c017613a3de3e498522d6b8d322d7c46ccb0,11.889
development,6,1.18333,9,stiction,1.0,stiction,stiction,diagnosed,Persistent localized stiction,35.5,0.92,8bb0d409a8a3a3180ace205247b8829f1cbb24e3f7598e21a57e54930e49739a,11.9885
development,6,1.18333,9,obstruction,0.0,normal,normal,normal,No actionable deviation,100.0,0.92,04e0f840638ed61db9dac0182c50e25c5f760bca545f5ebc04d7df23c709951f,11.8867
development,6,1.18333,9,obstruction,0.25,obstruction,obstruction,diagnosed,Travel obstruction or persistent stiction,76.4,0.73,98d654580a9e4d8000f0ff26a03b986c16c2c0b703da646583cc6e1f439a9eb2,12.3568
development,6,1.18333,9,obstruction,0.5,obstruction,obstruction,diagnosed,Travel obstruction or persistent stiction,60.3,0.84,055b64a35fa7f714deef0e485a5ae63f666216a25c5f08a78f20ad290b9863e4,11.8436
development,6,1.18333,9,obstruction,0.75,obstruction,obstruction,diagnosed,Travel obstruction or persistent stiction,47.6,0.92,13fe49bf3877a7bf2a38a580be4c11eec583454f9c0eebbd700850c32934a32d,11.6441
development,6,1.18333,9,obstruction,1.0,obstruction,obstruction,diagnosed,Travel obstruction or persistent stiction,36.8,0.92,58b7d41c4aa4c3ff0f82afa5719748aa1324b8a901638f54749219427ccf5275,11.8117
development,6,1.18333,9,actuator_degradation,0.0,normal,normal,normal,No actionable deviation,100.0,0.92,04e0f840638ed61db9dac0182c50e25c5f760bca545f5ebc04d7df23c709951f,13.5606
development,6,1.18333,9,actuator_degradation,0.25,actuator_degradation,actuator_degradation,diagnosed,Actuator performance degradation,96.6,0.67,737a9757fa1c2649fb12ceb0c5ece17fe7265777d968757af18560b706b1aefa,13.6077
development,6,1.18333,9,actuator_degradation,0.5,actuator_degradation,actuator_degradation,diagnosed,Actuator performance degradation,84.6,0.72,ec607c60089950b3ba5b8db987ae87862aefd9605b9cf074f6837282ea8c900e,13.3565
development,6,1.18333,9,actuator_degradation,0.75,actuator_degradation,actuator_degradation,diagnosed,Actuator performance degradation,66.6,0.91,f68b65b8910b318e1d1f62af4b0e68a537c78a44e59d397f14db093147cc725f,13.6682
development,6,1.18333,9,actuator_degradation,1.0,actuator_degradation,actuator_degradation,diagnosed,Actuator performance degradation,60.3,0.92,549d1a3b532d6da3f111f9aa7a40d4ec5179946da9a4593a60ba948e720860cc,11.6353
development,6,1.18333,9,sensor_drift,0.0,normal,normal,normal,No actionable deviation,100.0,0.92,04e0f840638ed61db9dac0182c50e25c5f760bca545f5ebc04d7df23c709951f,11.5843
development,6,1.18333,9,sensor_drift,0.25,sensor_drift,normal,normal,No actionable deviation,98.5,0.92,0637b4facf067aefadb53198e2f9a64ed3426a462d33c18cb3c53c0d8695a9cb,11.5564
development,6,1.18333,9,sensor_drift,0.5,sensor_drift,sensor_drift,diagnosed,Position sensor drift / process inconsistency,97.2,0.65,264bb89202427774eb75d8013bf1fecb739e2824e2f54920ce6cc330b15a46d1,11.7383
development,6,1.18333,9,sensor_drift,0.75,sensor_drift,sensor_drift,diagnosed,Position sensor drift / process inconsistency,95.8,0.66,4b045261279054190ad00fa95ac066c319aa439ff27bf09d1e0b532473574bb1,11.5996
development,6,1.18333,9,sensor_drift,1.0,sensor_drift,sensor_drift,diagnosed,Position sensor drift / process inconsistency,94.6,0.68,24b201eff0f61086482b2958ee3770b049bfac4efee984b5f70abb099b32585e,13.0614
holdout,7,1.25556,0,normal,0.0,normal,normal,normal,No actionable deviation,100.0,0.92,64bac4881a1ca048da567a9be90b7d642366f51cb1ede747892bbab766e27e0d,12.0091
holdout,7,1.25556,0,normal,0.25,normal,normal,normal,No actionable deviation,100.0,0.92,64bac4881a1ca048da567a9be90b7d642366f51cb1ede747892bbab766e27e0d,11.4685
holdout,7,1.25556,0,normal,0.5,normal,normal,normal,No actionable deviation,100.0,0.92,64bac4881a1ca048da567a9be90b7d642366f51cb1ede747892bbab766e27e0d,12.0969
holdout,7,1.25556,0,normal,0.75,normal,normal,normal,No actionable deviation,100.0,0.92,64bac4881a1ca048da567a9be90b7d642366f51cb1ede747892bbab766e27e0d,11.6407
holdout,7,1.25556,0,normal,1.0,normal,normal,normal,No actionable deviation,100.0,0.92,64bac4881a1ca048da567a9be90b7d642366f51cb1ede747892bbab766e27e0d,12.0883
holdout,7,1.25556,0,friction,0.0,normal,normal,normal,No actionable deviation,100.0,0.92,64bac4881a1ca048da567a9be90b7d642366f51cb1ede747892bbab766e27e0d,11.8109
holdout,7,1.25556,0,friction,0.25,friction,friction,diagnosed,Friction growth,93.5,0.67,df6b33daf6d95bc90997902e14490705f7e1ed1237a655cfdda630ead696eee0,11.8725
holdout,7,1.25556,0,friction,0.5,friction,friction,diagnosed,Friction growth,84.6,0.72,58d678abef43986d4985f9207c069852237bbac2f2ab715d86869968ba6405e2,11.8915
holdout,7,1.25556,0,friction,0.75,friction,friction,diagnosed,Friction growth,73.9,0.77,447f87c328253f1b7f0391a19ee0d86672990c03d35f4180d2071e25125b0645,11.5958
holdout,7,1.25556,0,friction,1.0,friction,friction,diagnosed,Friction growth,63.4,0.81,6f99d1a6daf320f8f17c01232b457a2fa1ef2c03c96722e2b084fcd165cc1018,11.8003
holdout,7,1.25556,0,stiction,0.0,normal,normal,normal,No actionable deviation,100.0,0.92,64bac4881a1ca048da567a9be90b7d642366f51cb1ede747892bbab766e27e0d,12.051
holdout,7,1.25556,0,stiction,0.25,stiction,stiction,diagnosed,Persistent localized stiction,40.7,0.92,28a88931515319629e04d704d0cff13a2db59602024ac183074027b93c0263c2,12.9497
holdout,7,1.25556,0,stiction,0.5,stiction,stiction,diagnosed,Persistent localized stiction,38.1,0.92,c58a82b70e0cf3ba265032aa416ee84a43044a12821f03bb8d6c9bad02247640,11.7162
holdout,7,1.25556,0,stiction,0.75,stiction,stiction,diagnosed,Persistent localized stiction,37.0,0.92,0acb161b58232d64c2bbffba724652905abdfb1223740ecde2248ebeb9d7203b,12.0425
holdout,7,1.25556,0,stiction,1.0,stiction,stiction,diagnosed,Persistent localized stiction,36.3,0.92,f5edcb08e999ea4346c517c0d0394418abf6f922b6baf6e675ba4bf224d3231a,11.878
holdout,7,1.25556,0,obstruction,0.0,normal,normal,normal,No actionable deviation,100.0,0.92,64bac4881a1ca048da567a9be90b7d642366f51cb1ede747892bbab766e27e0d,11.8797
holdout,7,1.25556,0,obstruction,0.25,obstruction,obstruction,diagnosed,Travel obstruction or persistent stiction,78.5,0.73,36c6630b4d7aaa05be157c1d3fb015b50075e0cd56d7f93931d207d48fd5f72e,11.8899
holdout,7,1.25556,0,obstruction,0.5,obstruction,obstruction,diagnosed,Travel obstruction or persistent stiction,60.5,0.84,17a3718d0dac77e89c0495dfa822bdd1fff055ca62505cd7df4ae0f27e35fce0,12.4646
holdout,7,1.25556,0,obstruction,0.75,obstruction,obstruction,diagnosed,Travel obstruction or persistent stiction,55.2,0.92,2994363891827aede1d9cdae6de7e35abc26d76b9a4aa662886cc48778245375,13.4734
holdout,7,1.25556,0,obstruction,1.0,obstruction,obstruction,diagnosed,Travel obstruction or persistent stiction,38.4,0.92,252468e3faf1a975400cad86978f2b38869393713b7079483ab54d81bb505fa8,13.5549
holdout,7,1.25556,0,actuator_degradation,0.0,normal,normal,normal,No actionable deviation,100.0,0.92,64bac4881a1ca048da567a9be90b7d642366f51cb1ede747892bbab766e27e0d,13.4285
holdout,7,1.25556,0,actuator_degradation,0.25,actuator_degradation,actuator_degradation,diagnosed,Actuator performance degradation,95.4,0.68,f410582fd2ef3fbe1ccee35fb8cab34f4e7ff8b87bd6ef9b8c33069bf7c50579,13.4043
holdout,7,1.25556,0,actuator_degradation,0.5,actuator_degradation,actuator_degradation,diagnosed,Actuator performance degradation,80.7,0.76,5ed82b3a67308f9ef2220b489feffbdcf73c1f6f79d34b433ab51fd066d3d0ce,12.927
holdout,7,1.25556,0,actuator_degradation,0.75,actuator_degradation,actuator_degradation,diagnosed,Actuator performance degradation,65.9,0.92,ba18f38c6da0947663eb50cf0f471ada466f85c4d29d16e586894f2cdaec02b5,12.0564
holdout,7,1.25556,0,actuator_degradation,1.0,actuator_degradation,actuator_degradation,diagnosed,Actuator performance degradation,61.4,0.92,28a75020d6529240f3fb2eda222cb1a784d82adc5f552b0e2e4d5fc9d21a6a8d,12.2826
holdout,7,1.25556,0,sensor_drift,0.0,normal,normal,normal,No actionable deviation,100.0,0.92,64bac4881a1ca048da567a9be90b7d642366f51cb1ede747892bbab766e27e0d,11.9895
holdout,7,1.25556,0,sensor_drift,0.25,sensor_drift,normal,normal,No actionable deviation,98.3,0.92,0ffb59f4a6d21fdff71f503fdecf2ef9da68452b00f0bad3ab363033badb3e35,12.1131
holdout,7,1.25556,0,sensor_drift,0.5,sensor_drift,sensor_drift,diagnosed,Position sensor drift / process inconsistency,97.0,0.65,821b6e3e9871ec84dbb36ab405014db87c9d8d1e92ab4e28ecbc84e6e8678d05,11.9422
holdout,7,1.25556,0,sensor_drift,0.75,sensor_drift,sensor_drift,diagnosed,Position sensor drift / process inconsistency,95.6,0.67,576f54b09696cb464a132dfa82ebe1f9a7e8c8f9560042d4ed900457beb922e6,11.7587
holdout,7,1.25556,0,sensor_drift,1.0,sensor_drift,sensor_drift,diagnosed,Position sensor drift / process inconsistency,94.3,0.68,6398f3d47462414f7d14348db563bbadeb0bbcafd1a83139bf0ea67c4357de79,11.801
holdout,7,1.25556,1,normal,0.0,normal,normal,normal,No actionable deviation,100.0,0.92,c5ccff3c35a371a3dbaf9d9c46dccfc72483ee1b7de9f2f82ffa6b4ff978467d,11.8756
holdout,7,1.25556,1,normal,0.25,normal,normal,normal,No actionable deviation,100.0,0.92,c5ccff3c35a371a3dbaf9d9c46dccfc72483ee1b7de9f2f82ffa6b4ff978467d,11.6278
holdout,7,1.25556,1,normal,0.5,normal,normal,normal,No actionable deviation,100.0,0.92,c5ccff3c35a371a3dbaf9d9c46dccfc72483ee1b7de9f2f82ffa6b4ff978467d,12.3481
holdout,7,1.25556,1,normal,0.75,normal,normal,normal,No actionable deviation,100.0,0.92,c5ccff3c35a371a3dbaf9d9c46dccfc72483ee1b7de9f2f82ffa6b4ff978467d,11.9686
holdout,7,1.25556,1,normal,1.0,normal,normal,normal,No actionable deviation,100.0,0.92,c5ccff3c35a371a3dbaf9d9c46dccfc72483ee1b7de9f2f82ffa6b4ff978467d,12.1672
holdout,7,1.25556,1,friction,0.0,normal,normal,normal,No actionable deviation,100.0,0.92,c5ccff3c35a371a3dbaf9d9c46dccfc72483ee1b7de9f2f82ffa6b4ff978467d,12.2293
holdout,7,1.25556,1,friction,0.25,friction,friction,diagnosed,Friction growth,93.6,0.67,03f66d5e3e4a7c484a7fdd2ec4f081a4455098b8198551c8fa4d418de91215e0,12.1015
holdout,7,1.25556,1,friction,0.5,friction,friction,diagnosed,Friction growth,85.1,0.72,ad952d9cf766db0db0221f96e3906be3e55343b4582ff16a15b02de2135ebc6a,12.0051
holdout,7,1.25556,1,friction,0.75,friction,friction,diagnosed,Friction growth,74.6,0.77,39b312b2e8ff29764c9b0c0127bf0617313f6b58cc66b832d5e507053c0c62de,12.059
holdout,7,1.25556,1,friction,1.0,friction,friction,diagnosed,Friction growth,64.2,0.81,691063f68e1d42176f474f43cbe62202d6752a1ace4248f881271dc280b21dcb,12.3334
holdout,7,1.25556,1,stiction,0.0,normal,normal,normal,No actionable deviation,100.0,0.92,c5ccff3c35a371a3dbaf9d9c46dccfc72483ee1b7de9f2f82ffa6b4ff978467d,12.1086
holdout,7,1.25556,1,stiction,0.25,stiction,stiction,diagnosed,Persistent localized stiction,40.9,0.92,cbfb1d059aad56120653c98f1a55bcd284fb3a2742dbf9b850d6567af9ef2975,12.0561
holdout,7,1.25556,1,stiction,0.5,stiction,stiction,diagnosed,Persistent localized stiction,38.4,0.92,9daf51c3344fd240a49990e6480a7d6446be49fa29770a22b1f2c3d254c47b5e,12.4488
holdout,7,1.25556,1,stiction,0.75,stiction,stiction,diagnosed,Persistent localized stiction,37.3,0.92,b6a4773c7bffaea26d4d94e01e1034b5977e30eb4c0b1a09fbe71a02820418fc,11.9675
holdout,7,1.25556,1,stiction,1.0,stiction,stiction,diagnosed,Persistent localized stiction,36.6,0.92,3afaaab55e33ef2537f8e5cd1c85c4aff6d18f8b29625239883f49e82d7796d1,12.022
holdout,7,1.25556,1,obstruction,0.0,normal,normal,normal,No actionable deviation,100.0,0.92,c5ccff3c35a371a3dbaf9d9c46dccfc72483ee1b7de9f2f82ffa6b4ff978467d,12.0252
holdout,7,1.25556,1,obstruction,0.25,obstruction,obstruction,diagnosed,Travel obstruction or persistent stiction,77.7,0.73,bab98b9082d4d5f977a3cc6985e0c41315450e0d0126aa6150e33a4b7d78104b,12.0193
holdout,7,1.25556,1,obstruction,0.5,obstruction,obstruction,diagnosed,Travel obstruction or persistent stiction,61.5,0.84,6de524d24450e16e2ba4a1b2e3dc5e788a132c940fd658735639206bae15a155,11.686
holdout,7,1.25556,1,obstruction,0.75,obstruction,obstruction,diagnosed,Travel obstruction or persistent stiction,52.0,0.92,dd49968bd67d4c101a4c3929e35ced2812512baf91bc89cc21335c1e1784eb9f,14.5209
holdout,7,1.25556,1,obstruction,1.0,obstruction,obstruction,diagnosed,Travel obstruction or persistent stiction,38.8,0.92,d4a188e8b5b955899caa1e3381f5917969974e1b825f1cd40bb2a89d23750f2d,15.6188
holdout,7,1.25556,1,actuator_degradation,0.0,normal,normal,normal,No actionable deviation,100.0,0.92,c5ccff3c35a371a3dbaf9d9c46dccfc72483ee1b7de9f2f82ffa6b4ff978467d,12.6247
holdout,7,1.25556,1,actuator_degradation,0.25,actuator_degradation,actuator_degradation,diagnosed,Actuator performance degradation,95.8,0.67,418eabaf64bdac45b9788b5743adc8a21eae940998ac40060532f78fd620503a,12.3369
holdout,7,1.25556,1,actuator_degradation,0.5,actuator_degradation,actuator_degradation,diagnosed,Actuator performance degradation,81.3,0.76,c3c67d2baa38be1193d09ee8aa3adec28f59bd15c6129a62739b5301feb27518,12.3529
holdout,7,1.25556,1,actuator_degradation,0.75,actuator_degradation,actuator_degradation,diagnosed,Actuator performance degradation,66.2,0.92,aa282012333182e2bae0af6cde22e2eec11090353224d84d1cd24e14ccf91a5d,11.872
holdout,7,1.25556,1,actuator_degradation,1.0,actuator_degradation,actuator_degradation,diagnosed,Actuator performance degradation,61.6,0.92,19b7a85037c768a0328df5b8c89a1ac3743304b02516759c3f66f995db79de5f,11.992
holdout,7,1.25556,1,sensor_drift,0.0,normal,normal,normal,No actionable deviation,100.0,0.92,c5ccff3c35a371a3dbaf9d9c46dccfc72483ee1b7de9f2f82ffa6b4ff978467d,11.7812
holdout,7,1.25556,1,sensor_drift,0.25,sensor_drift,normal,normal,No actionable deviation,98.5,0.92,3b8ea7bd0aaf8defb7edbd8cef71cfc193089de9bea2f27f26e977f65226397b,12.0831
holdout,7,1.25556,1,sensor_drift,0.5,sensor_drift,sensor_drift,diagnosed,Position sensor drift / process inconsistency,96.9,0.65,ffaf998aea0f7c82391006701985d9ee55fd34391c6e699c0bb1a5b3993f1e99,11.7768
holdout,7,1.25556,1,sensor_drift,0.75,sensor_drift,sensor_drift,diagnosed,Position sensor drift / process inconsistency,95.6,0.67,13bfe145bc37899b00ab363fe3f4b8e8a240032fa8e00bb5133be1a34a0ca8a9,12.2744
holdout,7,1.25556,1,sensor_drift,1.0,sensor_drift,sensor_drift,diagnosed,Position sensor drift / process inconsistency,94.2,0.68,da00a6f94930a4d733f7b31654c220b214cdd262d321329514116e2a090bd3c7,11.8803
holdout,7,1.25556,2,normal,0.0,normal,normal,normal,No actionable deviation,100.0,0.92,0993fe2c2f648cc7d43f90aa070a82fab49a8b31e9e00dfc98081fa570f60b7c,11.8116
holdout,7,1.25556,2,normal,0.25,normal,normal,normal,No actionable deviation,100.0,0.92,0993fe2c2f648cc7d43f90aa070a82fab49a8b31e9e00dfc98081fa570f60b7c,11.9156
holdout,7,1.25556,2,normal,0.5,normal,normal,normal,No actionable deviation,100.0,0.92,0993fe2c2f648cc7d43f90aa070a82fab49a8b31e9e00dfc98081fa570f60b7c,11.844
holdout,7,1.25556,2,normal,0.75,normal,normal,normal,No actionable deviation,100.0,0.92,0993fe2c2f648cc7d43f90aa070a82fab49a8b31e9e00dfc98081fa570f60b7c,11.9681
holdout,7,1.25556,2,normal,1.0,normal,normal,normal,No actionable deviation,100.0,0.92,0993fe2c2f648cc7d43f90aa070a82fab49a8b31e9e00dfc98081fa570f60b7c,12.0719
holdout,7,1.25556,2,friction,0.0,normal,normal,normal,No actionable deviation,100.0,0.92,0993fe2c2f648cc7d43f90aa070a82fab49a8b31e9e00dfc98081fa570f60b7c,11.6118
holdout,7,1.25556,2,friction,0.25,friction,friction,diagnosed,Friction growth,93.3,0.67,4bc059489f9c321f45c1d7f5e1784b070515b587f6ad8724fff13ff3d5e8cb81,13.0304
holdout,7,1.25556,2,friction,0.5,friction,friction,diagnosed,Friction growth,84.7,0.72,7d5f1f6308b432294f547461a84dc0dec5938280e55cb82edd60232b462393c0,12.4492
holdout,7,1.25556,2,friction,0.75,friction,friction,diagnosed,Friction growth,74.2,0.77,eb18b3979e70a35bf8ab7a51bfda8524b47feca1094b13dc97d1ffb081db3574,12.2785
holdout,7,1.25556,2,friction,1.0,friction,friction,diagnosed,Friction growth,63.5,0.81,8c24164a4dc75dcad7ae29cc565ee502b6594dd9348029ad897b7f8f69ec202e,12.0981
holdout,7,1.25556,2,stiction,0.0,normal,normal,normal,No actionable deviation,100.0,0.92,0993fe2c2f648cc7d43f90aa070a82fab49a8b31e9e00dfc98081fa570f60b7c,12.0106
holdout,7,1.25556,2,stiction,0.25,stiction,stiction,diagnosed,Persistent localized stiction,40.9,0.92,4f4e4dbbd0ec0e65efe5e47b317ec72edaaf56351f25f1d3493b5f3041237e0c,12.8975
holdout,7,1.25556,2,stiction,0.5,stiction,stiction,diagnosed,Persistent localized stiction,38.3,0.92,e4c3b6f5525fe1c63fd17718d25ce52ea7654ef39a07354df7fbd69d537e5ae8,12.0519
holdout,7,1.25556,2,stiction,0.75,stiction,stiction,diagnosed,Persistent localized stiction,37.1,0.92,01b231d30b39c69fb5d7d6618f66af96aa0500f5ab971f8bca61a5e0fac288ff,12.3766
holdout,7,1.25556,2,stiction,1.0,stiction,stiction,diagnosed,Persistent localized stiction,36.6,0.92,02dc5a0f5bbcc635e5b282be3d7cb79c0c464620597f6ac489d3f3ecc983042a,14.364
holdout,7,1.25556,2,obstruction,0.0,normal,normal,normal,No actionable deviation,100.0,0.92,0993fe2c2f648cc7d43f90aa070a82fab49a8b31e9e00dfc98081fa570f60b7c,12.9497
holdout,7,1.25556,2,obstruction,0.25,obstruction,obstruction,diagnosed,Travel obstruction or persistent stiction,77.1,0.73,22e8ee8b632ba0a3d84dce903eb678fcad95af83880160c8571798800c08eddd,11.9095
holdout,7,1.25556,2,obstruction,0.5,obstruction,obstruction,diagnosed,Travel obstruction or persistent stiction,60.6,0.84,1e33586deb8cdccdabe29d1e6de4704cd606d8656d552c4e8d42776962242525,13.015
holdout,7,1.25556,2,obstruction,0.75,obstruction,obstruction,diagnosed,Travel obstruction or persistent stiction,50.0,0.92,c7ebf4c203548b020022be00623e3a20fbb2a0998cd329f17cefda9732ae429e,15.6908
holdout,7,1.25556,2,obstruction,1.0,obstruction,obstruction,diagnosed,Travel obstruction or persistent stiction,39.0,0.92,2ad3fbecbef5ef9b3817d49e32085af87b418feadb6326fa30d497026c1e6b8e,11.6591
holdout,7,1.25556,2,actuator_degradation,0.0,normal,normal,normal,No actionable deviation,100.0,0.92,0993fe2c2f648cc7d43f90aa070a82fab49a8b31e9e00dfc98081fa570f60b7c,11.8107
holdout,7,1.25556,2,actuator_degradation,0.25,actuator_degradation,actuator_degradation,diagnosed,Actuator performance degradation,95.5,0.67,b7343cc9c12f1ae409e84c7bf7b71662b6e7034d0f802ebc7dec9dd55e4c4a01,12.5623
holdout,7,1.25556,2,actuator_degradation,0.5,actuator_degradation,actuator_degradation,diagnosed,Actuator performance degradation,80.8,0.76,6b0658b5252e5dc410b01875000ae888ad0e639c5cb1b381c3990cfebbc09034,13.0544
holdout,7,1.25556,2,actuator_degradation,0.75,actuator_degradation,actuator_degradation,diagnosed,Actuator performance degradation,66.1,0.92,cce9449d673f3ee5f1041fdd34f9dd5d24f819844551b4d9d37253bd7078ae2e,12.2919
holdout,7,1.25556,2,actuator_degradation,1.0,actuator_degradation,actuator_degradation,diagnosed,Actuator performance degradation,61.7,0.92,e7fb4dad2c8bf35b3514808c2635e20936eb9cc6f061a40add9ab6b525319f37,11.8996
holdout,7,1.25556,2,sensor_drift,0.0,normal,normal,normal,No actionable deviation,100.0,0.92,0993fe2c2f648cc7d43f90aa070a82fab49a8b31e9e00dfc98081fa570f60b7c,14.5992
holdout,7,1.25556,2,sensor_drift,0.25,sensor_drift,normal,normal,No actionable deviation,98.5,0.92,0e0c0996c97ca7c91c124a097081ad73aebc5e142191a940e472f9aba3eaa8f5,12.3692
holdout,7,1.25556,2,sensor_drift,0.5,sensor_drift,sensor_drift,diagnosed,Position sensor drift / process inconsistency,97.2,0.65,4f110217bc8f3a90f6cf7c7e97a8c4fc89cc453805518a00313c2ecd1c9dcc71,12.1592
holdout,7,1.25556,2,sensor_drift,0.75,sensor_drift,sensor_drift,diagnosed,Position sensor drift / process inconsistency,95.6,0.67,02fb7b5d0cb588af83bd0df4add1c75de9e750d1b4d894c26bcb7e251c65b4a5,12.0096
holdout,7,1.25556,2,sensor_drift,1.0,sensor_drift,sensor_drift,diagnosed,Position sensor drift / process inconsistency,94.2,0.68,01673efcf40ade0c47130436c370cad74043a641b95f87c6f9db8cd7b7ead4af,11.693
holdout,7,1.25556,3,normal,0.0,normal,normal,normal,No actionable deviation,100.0,0.92,f9b368d964d11c9f6a72a3512cbcdb9e63355b6984f39e6611c0c054cc6099c4,11.7755
holdout,7,1.25556,3,normal,0.25,normal,normal,normal,No actionable deviation,100.0,0.92,f9b368d964d11c9f6a72a3512cbcdb9e63355b6984f39e6611c0c054cc6099c4,11.7865
holdout,7,1.25556,3,normal,0.5,normal,normal,normal,No actionable deviation,100.0,0.92,f9b368d964d11c9f6a72a3512cbcdb9e63355b6984f39e6611c0c054cc6099c4,12.0031
holdout,7,1.25556,3,normal,0.75,normal,normal,normal,No actionable deviation,100.0,0.92,f9b368d964d11c9f6a72a3512cbcdb9e63355b6984f39e6611c0c054cc6099c4,12.0025
holdout,7,1.25556,3,normal,1.0,normal,normal,normal,No actionable deviation,100.0,0.92,f9b368d964d11c9f6a72a3512cbcdb9e63355b6984f39e6611c0c054cc6099c4,11.8019
holdout,7,1.25556,3,friction,0.0,normal,normal,normal,No actionable deviation,100.0,0.92,f9b368d964d11c9f6a72a3512cbcdb9e63355b6984f39e6611c0c054cc6099c4,11.8352
holdout,7,1.25556,3,friction,0.25,friction,friction,diagnosed,Friction growth,93.3,0.67,4d3e8bd4011c418dc85799d7888591dfaafee93dcc9e6bc5b41de4f7748e2244,12.0509
holdout,7,1.25556,3,friction,0.5,friction,friction,diagnosed,Friction growth,84.8,0.72,26481f078eac576f9c100106df3073a0e9fe57d9e1bb85c411336c4fa1968821,12.4075
holdout,7,1.25556,3,friction,0.75,friction,friction,diagnosed,Friction growth,74.3,0.77,327657cfa1b8ec7bce757360f281e0a012f4aef6cc2f35721f1cd33029bd0eb9,12.6334
holdout,7,1.25556,3,friction,1.0,friction,friction,diagnosed,Friction growth,63.5,0.81,24aa3a3fe1db00ff68a3c249b3353ffaae4c9b30f37b69548e0ee9e52a3cf038,12.0723
holdout,7,1.25556,3,stiction,0.0,normal,normal,normal,No actionable deviation,100.0,0.92,f9b368d964d11c9f6a72a3512cbcdb9e63355b6984f39e6611c0c054cc6099c4,13.2393
holdout,7,1.25556,3,stiction,0.25,stiction,stiction,diagnosed,Persistent localized stiction,40.9,0.92,07effe13651ba9d45694bf173ec55d96c790f43456cd03c47af47070d945083a,11.6558
holdout,7,1.25556,3,stiction,0.5,stiction,stiction,diagnosed,Persistent localized stiction,38.4,0.92,55990e62bd7d208b471dc4a18f42975cd5042b19eedc03210e2d24ba1f980d77,11.8052
holdout,7,1.25556,3,stiction,0.75,stiction,stiction,diagnosed,Persistent localized stiction,37.3,0.92,375aae9ec6a597ba2dbdf1069a676bfecc6d85ab49248dd873c96e5f681dfb38,11.9354
holdout,7,1.25556,3,stiction,1.0,stiction,stiction,diagnosed,Persistent localized stiction,36.6,0.92,423226b02faf12bff2273b7d7677b54f57af0477432da19e0710deaed7f7f35b,11.727
holdout,7,1.25556,3,obstruction,0.0,normal,normal,normal,No actionable deviation,100.0,0.92,f9b368d964d11c9f6a72a3512cbcdb9e63355b6984f39e6611c0c054cc6099c4,11.5571
holdout,7,1.25556,3,obstruction,0.25,obstruction,obstruction,diagnosed,Travel obstruction or persistent stiction,78.6,0.73,ad72f72cfe7d8888864bf71ff8d32343e1452d5952263d6cc47277337c1a4dd5,11.8219
holdout,7,1.25556,3,obstruction,0.5,obstruction,obstruction,diagnosed,Travel obstruction or persistent stiction,60.0,0.84,67f01f7b114f8f547bdd41bc53660b379fc04dfc89fde1a4a290949a231b3779,11.7491
holdout,7,1.25556,3,obstruction,0.75,obstruction,obstruction,diagnosed,Travel obstruction or persistent stiction,48.8,0.92,74a49202caed6b3273f237fba16ad5d6a254fd21ae090b35f1046281d961bb21,11.6643
holdout,7,1.25556,3,obstruction,1.0,obstruction,obstruction,diagnosed,Travel obstruction or persistent stiction,38.6,0.92,235e25f2e7fd7bb7beca5aee29a8a6ec8244060b8efff4adcb5aa4948a6640ab,11.8313
holdout,7,1.25556,3,actuator_degradation,0.0,normal,normal,normal,No actionable deviation,100.0,0.92,f9b368d964d11c9f6a72a3512cbcdb9e63355b6984f39e6611c0c054cc6099c4,12.2414
holdout,7,1.25556,3,actuator_degradation,0.25,actuator_degradation,actuator_degradation,diagnosed,Actuator performance degradation,95.6,0.67,e6ceeb855db8e4354ab270aa7bd57d275865d1c3d41c38bee211774eae1f39ed,11.9956
holdout,7,1.25556,3,actuator_degradation,0.5,actuator_degradation,actuator_degradation,diagnosed,Actuator performance degradation,80.9,0.76,356c0a90bba8aa2254982e6e37e4b9ef210c90aaf254aab41c2dc6a5671b3f27,11.8578
holdout,7,1.25556,3,actuator_degradation,0.75,actuator_degradation,actuator_degradation,diagnosed,Actuator performance degradation,66.2,0.92,ab6b2d5fcf8b60953a718e1f2ea2b95e2af0c11955da67cbeee0f8288d2de135,11.9372
holdout,7,1.25556,3,actuator_degradation,1.0,actuator_degradation,actuator_degradation,diagnosed,Actuator performance degradation,61.4,0.92,a4e51eb72ad34a28b4c9caa00020b656b49593ae0b98ff0ec2c499be042779b1,12.6909
holdout,7,1.25556,3,sensor_drift,0.0,normal,normal,normal,No actionable deviation,100.0,0.92,f9b368d964d11c9f6a72a3512cbcdb9e63355b6984f39e6611c0c054cc6099c4,12.1484
holdout,7,1.25556,3,sensor_drift,0.25,sensor_drift,normal,normal,No actionable deviation,98.5,0.92,b44908e0a5f1fae03a340e7b4daadd376cd77e985b37a7b04b5977610cd62413,12.1091
holdout,7,1.25556,3,sensor_drift,0.5,sensor_drift,sensor_drift,diagnosed,Position sensor drift / process inconsistency,97.1,0.65,3e919738e3034a184a9f20a43a3024a70be94314ac706814d1530028d4a6c810,12.0593
holdout,7,1.25556,3,sensor_drift,0.75,sensor_drift,sensor_drift,diagnosed,Position sensor drift / process inconsistency,95.7,0.67,c0c3be68e5282540a7359351b79089b4bda891e88b57c4ce4b50e7a10a74d2eb,11.9561
holdout,7,1.25556,3,sensor_drift,1.0,sensor_drift,sensor_drift,diagnosed,Position sensor drift / process inconsistency,94.3,0.68,eea10637dc7a03a7e84b56805e906c057eec8544788e51d141320cc95604194f,12.042
holdout,7,1.25556,4,normal,0.0,normal,normal,normal,No actionable deviation,100.0,0.92,05df91099a36691c668fb0cce0cc2c7d50a555bb12431730559edef5935b89ec,11.733
holdout,7,1.25556,4,normal,0.25,normal,normal,normal,No actionable deviation,100.0,0.92,05df91099a36691c668fb0cce0cc2c7d50a555bb12431730559edef5935b89ec,11.6752
holdout,7,1.25556,4,normal,0.5,normal,normal,normal,No actionable deviation,100.0,0.92,05df91099a36691c668fb0cce0cc2c7d50a555bb12431730559edef5935b89ec,12.0882
holdout,7,1.25556,4,normal,0.75,normal,normal,normal,No actionable deviation,100.0,0.92,05df91099a36691c668fb0cce0cc2c7d50a555bb12431730559edef5935b89ec,11.7842
holdout,7,1.25556,4,normal,1.0,normal,normal,normal,No actionable deviation,100.0,0.92,05df91099a36691c668fb0cce0cc2c7d50a555bb12431730559edef5935b89ec,11.5922
holdout,7,1.25556,4,friction,0.0,normal,normal,normal,No actionable deviation,100.0,0.92,05df91099a36691c668fb0cce0cc2c7d50a555bb12431730559edef5935b89ec,11.9078
holdout,7,1.25556,4,friction,0.25,friction,friction,diagnosed,Friction growth,93.2,0.67,7ec8ec97c4ba8cfc5c12171c3d0e7570c1d3a55162404d06e97715d59b392e9c,11.6856
holdout,7,1.25556,4,friction,0.5,friction,friction,diagnosed,Friction growth,84.5,0.72,afe5958aab9de848d62550c21379306b85704fe0aadb0ca502faac9e45dd7710,11.7012
holdout,7,1.25556,4,friction,0.75,friction,friction,diagnosed,Friction growth,74.0,0.77,f2341092971ba69f71e57c01136cb201fd5d41f0471e7c8fe6520722d4aa6921,11.881
holdout,7,1.25556,4,friction,1.0,friction,friction,diagnosed,Friction growth,63.3,0.81,db3921b1cf0a0948d4accf3722b9ca01e0b6e25e6b37234aab417555df73ef7d,11.9437
holdout,7,1.25556,4,stiction,0.0,normal,normal,normal,No actionable deviation,100.0,0.92,05df91099a36691c668fb0cce0cc2c7d50a555bb12431730559edef5935b89ec,11.751
holdout,7,1.25556,4,stiction,0.25,stiction,stiction,diagnosed,Persistent localized stiction,40.9,0.92,599a03bc690e832b1a008b1725921a9ec0e99919ffb176777bfd3c7c21788168,11.8441
holdout,7,1.25556,4,stiction,0.5,stiction,stiction,diagnosed,Persistent localized stiction,38.3,0.92,d9f5213c3dec6bb41d945cf077b60e6b8ee4b031cee769a461b8dded5b49ea7f,11.9021
holdout,7,1.25556,4,stiction,0.75,stiction,stiction,diagnosed,Persistent localized stiction,37.2,0.92,45fe10663c52689121a4dabaaad8b70eb8669a323b1c76be39ac14fc953fdccd,11.8121
holdout,7,1.25556,4,stiction,1.0,stiction,stiction,diagnosed,Persistent localized stiction,36.6,0.92,477ed89b4bcf5e9d5c166ca3edfcc4754225c4ddb8f4b59f9518f4b59e091680,11.9699
holdout,7,1.25556,4,obstruction,0.0,normal,normal,normal,No actionable deviation,100.0,0.92,05df91099a36691c668fb0cce0cc2c7d50a555bb12431730559edef5935b89ec,11.6627
holdout,7,1.25556,4,obstruction,0.25,obstruction,obstruction,diagnosed,Travel obstruction or persistent stiction,76.7,0.73,a9410cf9b04650d72fd6caefa9eb57649fede88ad4da8aa7056dca72ace39615,12.1833
holdout,7,1.25556,4,obstruction,0.5,obstruction,obstruction,diagnosed,Travel obstruction or persistent stiction,59.9,0.84,4a00d46404f1c77ebf7f6c6e51eb475c1a0fbd3088e8b70a95720d20a0f5abb2,12.0537
holdout,7,1.25556,4,obstruction,0.75,obstruction,obstruction,diagnosed,Travel obstruction or persistent stiction,48.7,0.92,b2b5a0838444ea41309d99601bdd4b5785bc9750e27672fa3b667945f6449fed,11.8456
holdout,7,1.25556,4,obstruction,1.0,obstruction,obstruction,diagnosed,Travel obstruction or persistent stiction,38.9,0.92,0edd4e7e3f1c1a389c89f684b96706c759f26150c3b71b559c814015dd44ae33,12.322
holdout,7,1.25556,4,actuator_degradation,0.0,normal,normal,normal,No actionable deviation,100.0,0.92,05df91099a36691c668fb0cce0cc2c7d50a555bb12431730559edef5935b89ec,11.7349
holdout,7,1.25556,4,actuator_degradation,0.25,actuator_degradation,actuator_degradation,diagnosed,Actuator performance degradation,95.4,0.67,fb25861dfb0943e7d696e8d205575c0cff600bb745c0417451b6c1c3c377075c,12.0596
holdout,7,1.25556,4,actuator_degradation,0.5,actuator_degradation,actuator_degradation,diagnosed,Actuator performance degradation,80.7,0.76,a704289fbab8ef39842f471e4a8135f17f73354543c97974b7ce627fb2223ae5,14.6243
holdout,7,1.25556,4,actuator_degradation,0.75,actuator_degradation,actuator_degradation,diagnosed,Actuator performance degradation,66.3,0.92,9a0f23ced1157d21f3e623c0ac0564a0e1ffe8617c3440ea89586f4950d6b007,13.8077
holdout,7,1.25556,4,actuator_degradation,1.0,actuator_degradation,actuator_degradation,diagnosed,Actuator performance degradation,61.6,0.92,e5c5e5302b86219db9c9c9ec186c2db60990d84c2b5cc46054cc74ccfae74831,13.4838
holdout,7,1.25556,4,sensor_drift,0.0,normal,normal,normal,No actionable deviation,100.0,0.92,05df91099a36691c668fb0cce0cc2c7d50a555bb12431730559edef5935b89ec,12.3532
holdout,7,1.25556,4,sensor_drift,0.25,sensor_drift,normal,normal,No actionable deviation,98.6,0.92,470886007aed00e5aa56fa902bb78b3baf5e106d4768bb912d03052b746c1715,11.6357
holdout,7,1.25556,4,sensor_drift,0.5,sensor_drift,sensor_drift,diagnosed,Position sensor drift / process inconsistency,97.1,0.65,a60152b9783bc7b2a9dfc536dd7745dd0fe5d055929655c4adec282b2d71d081,11.8344
holdout,7,1.25556,4,sensor_drift,0.75,sensor_drift,sensor_drift,diagnosed,Position sensor drift / process inconsistency,95.7,0.67,62d4f2a3d94cf68beb3b30306a1fa4637207597365919beb4b1d2f9a797c6df8,12.0653
holdout,7,1.25556,4,sensor_drift,1.0,sensor_drift,sensor_drift,diagnosed,Position sensor drift / process inconsistency,94.4,0.68,888239b57ac373d9522731e1620e76de81d363c06efdff0ee5beb6e661b7337c,11.9105
holdout,7,1.25556,5,normal,0.0,normal,normal,normal,No actionable deviation,100.0,0.92,aaa567f915ffa7ff062c12c43acae8d1890a787c9bd2bc1d83a7b46d5b0c6682,11.9615
holdout,7,1.25556,5,normal,0.25,normal,normal,normal,No actionable deviation,100.0,0.92,aaa567f915ffa7ff062c12c43acae8d1890a787c9bd2bc1d83a7b46d5b0c6682,11.8347
holdout,7,1.25556,5,normal,0.5,normal,normal,normal,No actionable deviation,100.0,0.92,aaa567f915ffa7ff062c12c43acae8d1890a787c9bd2bc1d83a7b46d5b0c6682,11.8866
holdout,7,1.25556,5,normal,0.75,normal,normal,normal,No actionable deviation,100.0,0.92,aaa567f915ffa7ff062c12c43acae8d1890a787c9bd2bc1d83a7b46d5b0c6682,11.911
holdout,7,1.25556,5,normal,1.0,normal,normal,normal,No actionable deviation,100.0,0.92,aaa567f915ffa7ff062c12c43acae8d1890a787c9bd2bc1d83a7b46d5b0c6682,11.9609
holdout,7,1.25556,5,friction,0.0,normal,normal,normal,No actionable deviation,100.0,0.92,aaa567f915ffa7ff062c12c43acae8d1890a787c9bd2bc1d83a7b46d5b0c6682,11.9939
holdout,7,1.25556,5,friction,0.25,friction,friction,diagnosed,Friction growth,93.6,0.67,b7f3458da3414952d70b9e02814b4aaf2f3e3441e2e5b88989bbcf5dd4ef6d33,11.8941
holdout,7,1.25556,5,friction,0.5,friction,friction,diagnosed,Friction growth,84.8,0.72,79443d8ea8e2356531b2638740543f61373562e690f73bb4180031ac2aa5d127,13.6818
holdout,7,1.25556,5,friction,0.75,friction,friction,diagnosed,Friction growth,74.2,0.77,222021a86aa300ab8044239cb6444c0e06a268540a21e1520d9a4982bcde355e,13.7767
holdout,7,1.25556,5,friction,1.0,friction,friction,diagnosed,Friction growth,63.5,0.81,87e0e00cb507b0e8bef6e8e24bf8de311aa61797726f686dcf64373d1767b490,11.879
holdout,7,1.25556,5,stiction,0.0,normal,normal,normal,No actionable deviation,100.0,0.92,aaa567f915ffa7ff062c12c43acae8d1890a787c9bd2bc1d83a7b46d5b0c6682,11.7395
holdout,7,1.25556,5,stiction,0.25,stiction,stiction,diagnosed,Persistent localized stiction,40.9,0.92,0237f650779ca2aa617f25ae2ea251a3c7bc0fb42e863550da60861059f8f09a,11.9031
holdout,7,1.25556,5,stiction,0.5,stiction,stiction,diagnosed,Persistent localized stiction,38.4,0.92,b35199c060ef594af6e590c8e3ba021eb42d117931f46cf6b7eaf4dda08d76c7,11.8189
holdout,7,1.25556,5,stiction,0.75,stiction,stiction,diagnosed,Persistent localized stiction,37.3,0.92,63362a5bd60010c5807317e15aeffd3169b293f6d80d59a9fb3b054403c3ad1d,11.7719
holdout,7,1.25556,5,stiction,1.0,stiction,stiction,diagnosed,Persistent localized stiction,36.6,0.92,b87b9fa7c7b9b0d157f8d9a394623349ac08a54a81ae0a9d946820f19bdc8ae7,12.6399
holdout,7,1.25556,5,obstruction,0.0,normal,normal,normal,No actionable deviation,100.0,0.92,aaa567f915ffa7ff062c12c43acae8d1890a787c9bd2bc1d83a7b46d5b0c6682,13.5673
holdout,7,1.25556,5,obstruction,0.25,obstruction,obstruction,diagnosed,Travel obstruction or persistent stiction,77.3,0.73,c7ea46a96b8625dbb9398585a019a6e0bab92811eced132ba1e37a32f6de7374,13.6219
holdout,7,1.25556,5,obstruction,0.5,obstruction,obstruction,diagnosed,Travel obstruction or persistent stiction,60.1,0.84,d04eb664bfd5531215a307512b0521c9ecfa2a7cba5d95f06f67543d041c4516,12.0245
holdout,7,1.25556,5,obstruction,0.75,obstruction,obstruction,diagnosed,Travel obstruction or persistent stiction,54.5,0.92,c6a95f808968c3e4c882198a4897d7c22826d3c44c173897700e1fcfe5c1b2c8,12.0304
holdout,7,1.25556,5,obstruction,1.0,obstruction,obstruction,diagnosed,Travel obstruction or persistent stiction,38.9,0.92,9e66bea74ced496d249203a574e23a72ad1a8fc1127dfa1daf38d60d6e1fb5f5,12.4002
holdout,7,1.25556,5,actuator_degradation,0.0,normal,normal,normal,No actionable deviation,100.0,0.92,aaa567f915ffa7ff062c12c43acae8d1890a787c9bd2bc1d83a7b46d5b0c6682,12.2244
holdout,7,1.25556,5,actuator_degradation,0.25,actuator_degradation,actuator_degradation,diagnosed,Actuator performance degradation,95.6,0.67,c7c2de3651dc969b324690552b93cff5808b9df29394f4f00a34ef7e80f3a03f,11.8925
holdout,7,1.25556,5,actuator_degradation,0.5,actuator_degradation,actuator_degradation,diagnosed,Actuator performance degradation,80.9,0.76,88c89c036543afc4bed26969d261ec86898d6336ae1cebb736b4ce688bafba4c,11.876
holdout,7,1.25556,5,actuator_degradation,0.75,actuator_degradation,actuator_degradation,diagnosed,Actuator performance degradation,66.2,0.92,8b4c1aba7e1f25609a3d40984fd82aeb945d542b0ea7c32b9287765ea77d8643,11.7784
holdout,7,1.25556,5,actuator_degradation,1.0,actuator_degradation,actuator_degradation,diagnosed,Actuator performance degradation,61.6,0.92,f1b01a19f310dedfc150842cfeac7d7c8c3bddc2b48e052ca32810f967c814c4,11.8841
holdout,7,1.25556,5,sensor_drift,0.0,normal,normal,normal,No actionable deviation,100.0,0.92,aaa567f915ffa7ff062c12c43acae8d1890a787c9bd2bc1d83a7b46d5b0c6682,11.716
holdout,7,1.25556,5,sensor_drift,0.25,sensor_drift,normal,normal,No actionable deviation,98.6,0.92,8a83a8e64c6b3d6f41f34dd54007db1eaf3ba0d0e6cef27a4a8a6ed13385a4b0,11.758
holdout,7,1.25556,5,sensor_drift,0.5,sensor_drift,sensor_drift,diagnosed,Position sensor drift / process inconsistency,97.1,0.65,fcf8bd5956d9bdbaf6633488f12044604e270d772bf090209497650cd79b5376,11.7524
holdout,7,1.25556,5,sensor_drift,0.75,sensor_drift,sensor_drift,diagnosed,Position sensor drift / process inconsistency,95.7,0.67,94a88d41538e38c3d341da39f512a8906393779e5940a9f639ef414143e6e601,11.7462
holdout,7,1.25556,5,sensor_drift,1.0,sensor_drift,sensor_drift,diagnosed,Position sensor drift / process inconsistency,94.4,0.68,0b2bec0941a0e4f73594454b85957d38e1b47573b828cbecaacec4a43e613a17,11.7755
holdout,7,1.25556,6,normal,0.0,normal,normal,normal,No actionable deviation,100.0,0.92,3ccf364ed5f860250bbf5831dd15df6da0d7b9af3c6a615266c6f97eb72ff2dc,11.8367
holdout,7,1.25556,6,normal,0.25,normal,normal,normal,No actionable deviation,100.0,0.92,3ccf364ed5f860250bbf5831dd15df6da0d7b9af3c6a615266c6f97eb72ff2dc,11.703
holdout,7,1.25556,6,normal,0.5,normal,normal,normal,No actionable deviation,100.0,0.92,3ccf364ed5f860250bbf5831dd15df6da0d7b9af3c6a615266c6f97eb72ff2dc,11.5542
holdout,7,1.25556,6,normal,0.75,normal,normal,normal,No actionable deviation,100.0,0.92,3ccf364ed5f860250bbf5831dd15df6da0d7b9af3c6a615266c6f97eb72ff2dc,11.7028
holdout,7,1.25556,6,normal,1.0,normal,normal,normal,No actionable deviation,100.0,0.92,3ccf364ed5f860250bbf5831dd15df6da0d7b9af3c6a615266c6f97eb72ff2dc,11.6598
holdout,7,1.25556,6,friction,0.0,normal,normal,normal,No actionable deviation,100.0,0.92,3ccf364ed5f860250bbf5831dd15df6da0d7b9af3c6a615266c6f97eb72ff2dc,11.6843
holdout,7,1.25556,6,friction,0.25,friction,friction,diagnosed,Friction growth,93.5,0.67,36603380dd66ead3239efa7ac6262047cc33f674d9b35eaebb964597643b62cc,11.7811
holdout,7,1.25556,6,friction,0.5,friction,friction,diagnosed,Friction growth,84.7,0.72,bd0ec61d2eb116ee724a252b40d85fc4718210cdfe983657cfeb79bce693a9ad,11.8551
holdout,7,1.25556,6,friction,0.75,friction,friction,diagnosed,Friction growth,74.2,0.77,6c6feff61a1d80ef8d32f35f43ceed7e84f22a9696bd1827af2a2d6d701abf36,11.8406
holdout,7,1.25556,6,friction,1.0,friction,friction,diagnosed,Friction growth,63.5,0.81,da4f28680f2bf38580c3078ffb1d560346f11c8bbf7d98481695b36031d5f4ee,12.1875
holdout,7,1.25556,6,stiction,0.0,normal,normal,normal,No actionable deviation,100.0,0.92,3ccf364ed5f860250bbf5831dd15df6da0d7b9af3c6a615266c6f97eb72ff2dc,11.6445
holdout,7,1.25556,6,stiction,0.25,stiction,stiction,diagnosed,Persistent localized stiction,40.9,0.92,425cb49480006323a855544678e554e8b72a5471c6f1e7632dd5f0081629df55,11.8835
holdout,7,1.25556,6,stiction,0.5,stiction,stiction,diagnosed,Persistent localized stiction,38.4,0.92,770c81721795e25e213ecda98d92004968730cbd53da8f6959f79001d8479291,13.0929
holdout,7,1.25556,6,stiction,0.75,stiction,stiction,diagnosed,Persistent localized stiction,37.3,0.92,04b530b8514b045fa04d742d319f95b52bc8a9079fa337cd69a95175aabd8f5a,12.1127
holdout,7,1.25556,6,stiction,1.0,stiction,stiction,diagnosed,Persistent localized stiction,36.6,0.92,a38e49df736256bdf8b07212f7f13bbb131b3ffb049ac22bf6e0a0fa75c7f491,13.3093
holdout,7,1.25556,6,obstruction,0.0,normal,normal,normal,No actionable deviation,100.0,0.92,3ccf364ed5f860250bbf5831dd15df6da0d7b9af3c6a615266c6f97eb72ff2dc,11.731
holdout,7,1.25556,6,obstruction,0.25,obstruction,obstruction,diagnosed,Travel obstruction or persistent stiction,76.6,0.73,5febc2ffb82fbaed394fe2cc346b83e9a27ee8273fe91191e9862231f5c43e65,11.8469
holdout,7,1.25556,6,obstruction,0.5,obstruction,obstruction,diagnosed,Travel obstruction or persistent stiction,60.5,0.84,c62c1f40500bc81c136a9b8d35067d44de2ae76b03999e0bafffaba2f2add52c,12.0457
holdout,7,1.25556,6,obstruction,0.75,obstruction,obstruction,diagnosed,Travel obstruction or persistent stiction,50.3,0.92,f4b41a3976427d67c9715c4b5bd64bfa85b6069d6e7f29db207bf644fce71827,11.7725
holdout,7,1.25556,6,obstruction,1.0,obstruction,obstruction,diagnosed,Travel obstruction or persistent stiction,38.8,0.92,70dd85092c919dd30c7aab09f20f3e101dbf1fe088a342add9b24779f2db3516,11.7115
holdout,7,1.25556,6,actuator_degradation,0.0,normal,normal,normal,No actionable deviation,100.0,0.92,3ccf364ed5f860250bbf5831dd15df6da0d7b9af3c6a615266c6f97eb72ff2dc,11.763
holdout,7,1.25556,6,actuator_degradation,0.25,actuator_degradation,actuator_degradation,diagnosed,Actuator performance degradation,95.5,0.67,d9691d13eac73fbb07c445fd195bd5013b98bd673ed57783c61f18f28569cfdf,11.7473
holdout,7,1.25556,6,actuator_degradation,0.5,actuator_degradation,actuator_degradation,diagnosed,Actuator performance degradation,80.8,0.76,bf1ff327a042080ee5ffd65e5ab5adf277c78228187a8f574469ae74fc701426,11.9201
holdout,7,1.25556,6,actuator_degradation,0.75,actuator_degradation,actuator_degradation,diagnosed,Actuator performance degradation,66.2,0.92,b641a6f4154679c8db16901c3f32e9cbe2980790457a01eb3d4910a70b7275cf,11.7454
holdout,7,1.25556,6,actuator_degradation,1.0,actuator_degradation,actuator_degradation,diagnosed,Actuator performance degradation,61.6,0.92,ff86a005c85b489cf777cdd9ab226e5bb32360792aa2c13cce031cd11a1e0377,12.8122
holdout,7,1.25556,6,sensor_drift,0.0,normal,normal,normal,No actionable deviation,100.0,0.92,3ccf364ed5f860250bbf5831dd15df6da0d7b9af3c6a615266c6f97eb72ff2dc,11.5693
holdout,7,1.25556,6,sensor_drift,0.25,sensor_drift,normal,normal,No actionable deviation,98.6,0.92,4254b0e06385c88bf341188522623c9cf85d41cf6720e055639ada2ab23adbae,11.7325
holdout,7,1.25556,6,sensor_drift,0.5,sensor_drift,sensor_drift,diagnosed,Position sensor drift / process inconsistency,97.2,0.65,cd1cdc610a40e7ac961ec2c91ec8c04f1bf411dd381c186e9cdde41e7c17ca0d,11.7341
holdout,7,1.25556,6,sensor_drift,0.75,sensor_drift,sensor_drift,diagnosed,Position sensor drift / process inconsistency,95.8,0.67,cc13eaf93df859b04b73236463807e19e679c24de33ed420316af6cb9f003021,11.7569
holdout,7,1.25556,6,sensor_drift,1.0,sensor_drift,sensor_drift,diagnosed,Position sensor drift / process inconsistency,94.5,0.68,8c8174816b7ec92c3dc255f14d3004edb3bfb53bf6bd945c6e3d0412c1efd65f,11.69
holdout,7,1.25556,7,normal,0.0,normal,normal,normal,No actionable deviation,100.0,0.92,248b7f7ad1eaddf92800a0d06d19cd244232e6ca2f46376fcaee086fe4751cdc,11.8435
holdout,7,1.25556,7,normal,0.25,normal,normal,normal,No actionable deviation,100.0,0.92,248b7f7ad1eaddf92800a0d06d19cd244232e6ca2f46376fcaee086fe4751cdc,11.6338
holdout,7,1.25556,7,normal,0.5,normal,normal,normal,No actionable deviation,100.0,0.92,248b7f7ad1eaddf92800a0d06d19cd244232e6ca2f46376fcaee086fe4751cdc,11.9243
holdout,7,1.25556,7,normal,0.75,normal,normal,normal,No actionable deviation,100.0,0.92,248b7f7ad1eaddf92800a0d06d19cd244232e6ca2f46376fcaee086fe4751cdc,12.0832
holdout,7,1.25556,7,normal,1.0,normal,normal,normal,No actionable deviation,100.0,0.92,248b7f7ad1eaddf92800a0d06d19cd244232e6ca2f46376fcaee086fe4751cdc,11.7596
holdout,7,1.25556,7,friction,0.0,normal,normal,normal,No actionable deviation,100.0,0.92,248b7f7ad1eaddf92800a0d06d19cd244232e6ca2f46376fcaee086fe4751cdc,11.7756
holdout,7,1.25556,7,friction,0.25,friction,friction,diagnosed,Friction growth,93.3,0.67,6887900714bc9dee5f0c8af58aae112f344b4c22264956d616bc138be233a446,11.9384
holdout,7,1.25556,7,friction,0.5,friction,friction,diagnosed,Friction growth,84.5,0.72,b35be200340bb4a62b686861709ea40d64e2912a1bb09ad9db5ac6389c416b5b,11.8008
holdout,7,1.25556,7,friction,0.75,friction,friction,diagnosed,Friction growth,73.9,0.77,45791e6ae28ee47a44d1965f53d2e36527575cdc2796a556526a01f22c78f5c4,11.8243
holdout,7,1.25556,7,friction,1.0,friction,friction,diagnosed,Friction growth,63.3,0.81,0c93ae669ca7ee274df0d8e368a4460344d7056e1b17a7598a09f463449af3be,11.7451
holdout,7,1.25556,7,stiction,0.0,normal,normal,normal,No actionable deviation,100.0,0.92,248b7f7ad1eaddf92800a0d06d19cd244232e6ca2f46376fcaee086fe4751cdc,11.752
holdout,7,1.25556,7,stiction,0.25,stiction,stiction,diagnosed,Persistent localized stiction,40.6,0.92,07150c5ed922ea4a57d15eefb77ae20c7f5b2b111e946b8b6a7218479f97a9e6,12.5659
holdout,7,1.25556,7,stiction,0.5,stiction,stiction,diagnosed,Persistent localized stiction,38.1,0.92,44b0c649e7acd5f2fa9ff19defb02ddf5a92ad39fe36f7b11fea681a99ade1f9,12.2199
holdout,7,1.25556,7,stiction,0.75,stiction,stiction,diagnosed,Persistent localized stiction,37.0,0.92,6b11e2e5e96b7bbf070437ecc05f359ace0b30702d93d7b1b7f00c4d3ffcddb9,12.0179
holdout,7,1.25556,7,stiction,1.0,stiction,stiction,diagnosed,Persistent localized stiction,36.3,0.92,41f132f22dcbec7ae823fffd875e6b56e9e3a7c0e926a96698c4b2f69693e330,12.1501
holdout,7,1.25556,7,obstruction,0.0,normal,normal,normal,No actionable deviation,100.0,0.92,248b7f7ad1eaddf92800a0d06d19cd244232e6ca2f46376fcaee086fe4751cdc,12.2736
holdout,7,1.25556,7,obstruction,0.25,obstruction,obstruction,diagnosed,Travel obstruction or persistent stiction,78.3,0.73,4eabb1d25e0f35abba076239af7ce57335860d62209f5e9164c8bbe1280b8f85,12.1877
holdout,7,1.25556,7,obstruction,0.5,obstruction,obstruction,diagnosed,Travel obstruction or persistent stiction,60.5,0.84,efb688ec3b2ae6a2f9615c3ccce1f67d20facdcf2f84bdc2ffb9f03c55247dcf,12.1814
holdout,7,1.25556,7,obstruction,0.75,obstruction,obstruction,diagnosed,Travel obstruction or persistent stiction,53.8,0.92,4387d15e927aebe68242763579a5937dc9170dd5846a903ce2b4977d65391873,16.1586
holdout,7,1.25556,7,obstruction,1.0,obstruction,obstruction,diagnosed,Travel obstruction or persistent stiction,38.6,0.92,10ba5773c651e183dcbe637cfe4aa99e1a9128fadb595e8419c5aa34fdd894d6,18.7913
holdout,7,1.25556,7,actuator_degradation,0.0,normal,normal,normal,No actionable deviation,100.0,0.92,248b7f7ad1eaddf92800a0d06d19cd244232e6ca2f46376fcaee086fe4751cdc,13.4636
holdout,7,1.25556,7,actuator_degradation,0.25,actuator_degradation,actuator_degradation,diagnosed,Actuator performance degradation,95.4,0.68,597fc2494415945634fa164fb124588810fffd32275b4367b32634a24d4b20d5,13.6192
holdout,7,1.25556,7,actuator_degradation,0.5,actuator_degradation,actuator_degradation,diagnosed,Actuator performance degradation,80.7,0.76,dbd061613962bc60e7faf27fe8e732a7425fa63ebff095e2a8395dce595eddad,13.2145
holdout,7,1.25556,7,actuator_degradation,0.75,actuator_degradation,actuator_degradation,diagnosed,Actuator performance degradation,65.9,0.92,41c281a793d8aeabd0b336790d4f2295e64a75fb86f65d4ab4c79464c665c45e,12.3941
holdout,7,1.25556,7,actuator_degradation,1.0,actuator_degradation,actuator_degradation,diagnosed,Actuator performance degradation,61.4,0.92,e78b9213eb208e531de4989e02452de4464ecc04637d13388db14f0009499535,11.932
holdout,7,1.25556,7,sensor_drift,0.0,normal,normal,normal,No actionable deviation,100.0,0.92,248b7f7ad1eaddf92800a0d06d19cd244232e6ca2f46376fcaee086fe4751cdc,12.2964
holdout,7,1.25556,7,sensor_drift,0.25,sensor_drift,normal,normal,No actionable deviation,98.4,0.92,20ec154e3e80b48abc74e603c3e51d5425be26d8d0b6a2ba259549eb34a53dc8,11.849
holdout,7,1.25556,7,sensor_drift,0.5,sensor_drift,sensor_drift,diagnosed,Position sensor drift / process inconsistency,97.0,0.65,f350bebaaba6da7bbc36de0704333b7d52dc50e436a96f290713627f37454833,11.8931
holdout,7,1.25556,7,sensor_drift,0.75,sensor_drift,sensor_drift,diagnosed,Position sensor drift / process inconsistency,95.6,0.67,da1ed150f41a5a492036db191bfa93a2600bf3c4b71d0f67369050dbab0e2e8d,11.826
holdout,7,1.25556,7,sensor_drift,1.0,sensor_drift,sensor_drift,diagnosed,Position sensor drift / process inconsistency,94.3,0.68,a12a00abc2ab3eae35c541e2e56c74388c0f9664c93a633469fc857ddb277dc6,11.9152
holdout,7,1.25556,8,normal,0.0,normal,normal,normal,No actionable deviation,100.0,0.92,78b009645e92fdb086bc0f1832701fc60a4be13de5fea35f20c131cc16111503,12.1368
holdout,7,1.25556,8,normal,0.25,normal,normal,normal,No actionable deviation,100.0,0.92,78b009645e92fdb086bc0f1832701fc60a4be13de5fea35f20c131cc16111503,12.5097
holdout,7,1.25556,8,normal,0.5,normal,normal,normal,No actionable deviation,100.0,0.92,78b009645e92fdb086bc0f1832701fc60a4be13de5fea35f20c131cc16111503,12.3703
holdout,7,1.25556,8,normal,0.75,normal,normal,normal,No actionable deviation,100.0,0.92,78b009645e92fdb086bc0f1832701fc60a4be13de5fea35f20c131cc16111503,11.6662
holdout,7,1.25556,8,normal,1.0,normal,normal,normal,No actionable deviation,100.0,0.92,78b009645e92fdb086bc0f1832701fc60a4be13de5fea35f20c131cc16111503,11.6727
holdout,7,1.25556,8,friction,0.0,normal,normal,normal,No actionable deviation,100.0,0.92,78b009645e92fdb086bc0f1832701fc60a4be13de5fea35f20c131cc16111503,12.0186
holdout,7,1.25556,8,friction,0.25,friction,friction,diagnosed,Friction growth,93.4,0.67,d52ceee9e47934dae8cf7bcaee74221c316e0abc97b240851c8c5caf26807542,11.8953
holdout,7,1.25556,8,friction,0.5,friction,friction,diagnosed,Friction growth,84.9,0.72,ce4b46686974acadef9ab1f083b6af6dfc3f2b49fec00ffa70c146e7f7762dd9,11.9581
holdout,7,1.25556,8,friction,0.75,friction,friction,diagnosed,Friction growth,74.3,0.77,e1b30cefbecad97d0cfe18b924a0b6b96337b19f03672cae7ba96dbe3923acc8,11.8865
holdout,7,1.25556,8,friction,1.0,friction,friction,diagnosed,Friction growth,63.7,0.81,684d07fd9e7a7737455388159efef0232d2e8997c782af36fff34669af86f92c,12.5776
holdout,7,1.25556,8,stiction,0.0,normal,normal,normal,No actionable deviation,100.0,0.92,78b009645e92fdb086bc0f1832701fc60a4be13de5fea35f20c131cc16111503,11.5788
holdout,7,1.25556,8,stiction,0.25,stiction,stiction,diagnosed,Persistent localized stiction,40.9,0.92,d17e45801a175d9a0a1a3a476b3e8185d911a207a2db5bee3a0bb6dea4dea830,11.8556
holdout,7,1.25556,8,stiction,0.5,stiction,stiction,diagnosed,Persistent localized stiction,38.3,0.92,c844dc34069b4912c12f1a5a7d4e3527135eb07811fff99da8b26b6348510240,11.8996
holdout,7,1.25556,8,stiction,0.75,stiction,stiction,diagnosed,Persistent localized stiction,37.1,0.92,2ea1e59d305a31a5f4555d831f989655ee87b1c2f8fa9451cfcef3477f5c7822,11.7689
holdout,7,1.25556,8,stiction,1.0,stiction,stiction,diagnosed,Persistent localized stiction,36.6,0.92,8e06929affd89c663294b921691afab40582b2dca3e511833389d06672105885,11.7482
holdout,7,1.25556,8,obstruction,0.0,normal,normal,normal,No actionable deviation,100.0,0.92,78b009645e92fdb086bc0f1832701fc60a4be13de5fea35f20c131cc16111503,11.8923
holdout,7,1.25556,8,obstruction,0.25,obstruction,obstruction,diagnosed,Travel obstruction or persistent stiction,77.4,0.73,df6dad878066e89e4629041aa1a5e229c1af8d03bbee284f47649020b5dec9a0,11.7725
holdout,7,1.25556,8,obstruction,0.5,obstruction,obstruction,diagnosed,Travel obstruction or persistent stiction,61.1,0.84,f3f2c697255128b2efd36d1dc2543579451b1cd41e6282db6fbaec556fa2898e,11.7712
holdout,7,1.25556,8,obstruction,0.75,obstruction,obstruction,diagnosed,Travel obstruction or persistent stiction,52.5,0.92,7f8dad63fb22aef09873f9eaeb412e96b32444dcc702ca04f28f91b949ff954b,11.7859
holdout,7,1.25556,8,obstruction,1.0,obstruction,obstruction,diagnosed,Travel obstruction or persistent stiction,38.8,0.92,98ef32549df378cc28f59714820ffd7ded78fe8faa73dfa3d85cec01d9927a97,11.8143
holdout,7,1.25556,8,actuator_degradation,0.0,normal,normal,normal,No actionable deviation,100.0,0.92,78b009645e92fdb086bc0f1832701fc60a4be13de5fea35f20c131cc16111503,11.6496
holdout,7,1.25556,8,actuator_degradation,0.25,actuator_degradation,actuator_degradation,diagnosed,Actuator performance degradation,95.6,0.67,0aed41b364dad9adf91e47303b79e21f2381208366acfafb85e0e449b0fa40e1,12.006
holdout,7,1.25556,8,actuator_degradation,0.5,actuator_degradation,actuator_degradation,diagnosed,Actuator performance degradation,81.0,0.76,f97dd3331538d124ce3ffb37f5f572e9b2c1ac95db7eb640d4054226a555e004,11.7471
holdout,7,1.25556,8,actuator_degradation,0.75,actuator_degradation,actuator_degradation,diagnosed,Actuator performance degradation,66.1,0.92,28613f1acd075b3237afaaa03f5aed77464abed8fe82774de75735d9a61009f3,11.7591
holdout,7,1.25556,8,actuator_degradation,1.0,actuator_degradation,actuator_degradation,diagnosed,Actuator performance degradation,61.6,0.92,47eb3fb940bcdb1ec57e2fddc889f7e52146f53901361df4629eda6ba2c4b03c,12.0835
holdout,7,1.25556,8,sensor_drift,0.0,normal,normal,normal,No actionable deviation,100.0,0.92,78b009645e92fdb086bc0f1832701fc60a4be13de5fea35f20c131cc16111503,11.9862
holdout,7,1.25556,8,sensor_drift,0.25,sensor_drift,normal,normal,No actionable deviation,98.5,0.92,efa31432cef937f2a0e86d506ad61f6a6eea587ebe888531c0e30708c1eed1bc,12.0023
holdout,7,1.25556,8,sensor_drift,0.5,sensor_drift,sensor_drift,diagnosed,Position sensor drift / process inconsistency,97.1,0.65,525395ed668e7fac5f05efaf76b8511d3c81896235b6d324f57339788049b3c6,11.7279
holdout,7,1.25556,8,sensor_drift,0.75,sensor_drift,sensor_drift,diagnosed,Position sensor drift / process inconsistency,95.7,0.67,d483587220988632942b6e49ad495ddbd5f065c3b484c2fd284abfe79fd161f2,12.1391
holdout,7,1.25556,8,sensor_drift,1.0,sensor_drift,sensor_drift,diagnosed,Position sensor drift / process inconsistency,94.4,0.68,15acef1ead291f1ada6565f0f1f1983857361915e52bd14058b5014df6964d18,11.7657
holdout,7,1.25556,9,normal,0.0,normal,normal,normal,No actionable deviation,100.0,0.92,9d9646e9202b832fbb024f0ef2b76249217d5056f07613439a174495b56a8284,11.92
holdout,7,1.25556,9,normal,0.25,normal,normal,normal,No actionable deviation,100.0,0.92,9d9646e9202b832fbb024f0ef2b76249217d5056f07613439a174495b56a8284,11.8396
holdout,7,1.25556,9,normal,0.5,normal,normal,normal,No actionable deviation,100.0,0.92,9d9646e9202b832fbb024f0ef2b76249217d5056f07613439a174495b56a8284,14.0418
holdout,7,1.25556,9,normal,0.75,normal,normal,normal,No actionable deviation,100.0,0.92,9d9646e9202b832fbb024f0ef2b76249217d5056f07613439a174495b56a8284,11.9729
holdout,7,1.25556,9,normal,1.0,normal,normal,normal,No actionable deviation,100.0,0.92,9d9646e9202b832fbb024f0ef2b76249217d5056f07613439a174495b56a8284,11.9362
holdout,7,1.25556,9,friction,0.0,normal,normal,normal,No actionable deviation,100.0,0.92,9d9646e9202b832fbb024f0ef2b76249217d5056f07613439a174495b56a8284,11.9776
holdout,7,1.25556,9,friction,0.25,friction,friction,diagnosed,Friction growth,93.4,0.67,f146da675b9e28af9f6a6a924af147f9f112d0d2f56acf716f55a6f388e9d750,12.1442
holdout,7,1.25556,9,friction,0.5,friction,friction,diagnosed,Friction growth,84.6,0.72,5cfe285e907996a5f5762871b1ce74db15b30a177df6b55fabacea653b250821,11.825
holdout,7,1.25556,9,friction,0.75,friction,friction,diagnosed,Friction growth,74.2,0.77,52b7934ff19b84ae54b8975d9f18df0059f5c517cebd2333673370a49f7a6edf,11.9288
holdout,7,1.25556,9,friction,1.0,friction,friction,diagnosed,Friction growth,63.4,0.81,494fa027b03c8c4896afc6a4050869acbf7587b6c688ffc797e08da6277e33f1,11.9408
holdout,7,1.25556,9,stiction,0.0,normal,normal,normal,No actionable deviation,100.0,0.92,9d9646e9202b832fbb024f0ef2b76249217d5056f07613439a174495b56a8284,11.6811
holdout,7,1.25556,9,stiction,0.25,stiction,stiction,diagnosed,Persistent localized stiction,41.0,0.92,c7cda0fd7ace8536aa884d423b250bf745d2fc90b52cb10f2ae9e517e8143c7a,11.8428
holdout,7,1.25556,9,stiction,0.5,stiction,stiction,diagnosed,Persistent localized stiction,38.4,0.92,0960923946492ac5246e4036b3f760775fac992b6eddf47809a32ce0b1e6c655,11.787
holdout,7,1.25556,9,stiction,0.75,stiction,stiction,diagnosed,Persistent localized stiction,37.3,0.92,3d3f22579428f090d015311b63f93aed887e058e39ece2feccd1673ddd5356cd,11.8219
holdout,7,1.25556,9,stiction,1.0,stiction,stiction,diagnosed,Persistent localized stiction,36.6,0.92,eb3043bb9b878fc91c903cdaf16ae077dda789a9cb66c62c762b5aa64ee79e55,12.1593
holdout,7,1.25556,9,obstruction,0.0,normal,normal,normal,No actionable deviation,100.0,0.92,9d9646e9202b832fbb024f0ef2b76249217d5056f07613439a174495b56a8284,11.809
holdout,7,1.25556,9,obstruction,0.25,obstruction,obstruction,diagnosed,Travel obstruction or persistent stiction,77.7,0.73,6425656ac92337498865b55a4f30441a54038ab366fbad511f73dd5119d7969c,12.0163
holdout,7,1.25556,9,obstruction,0.5,obstruction,obstruction,diagnosed,Travel obstruction or persistent stiction,64.0,0.84,b8aae7bd533037a2094211d670fb6496a5ca0827477d12ca42de12af0982cc8a,11.9635
holdout,7,1.25556,9,obstruction,0.75,obstruction,obstruction,diagnosed,Travel obstruction or persistent stiction,55.4,0.92,161b2e2fff1678bc345b74a17f1c87c89f18b1c927f97dd8f7d67d60ac00d2fe,11.8675
holdout,7,1.25556,9,obstruction,1.0,obstruction,obstruction,diagnosed,Travel obstruction or persistent stiction,38.5,0.92,c4009320061b2e7dc77e7560281aa3bc2ecc6a7d26dd5bfea91c8dde1d7d4d18,12.0148
holdout,7,1.25556,9,actuator_degradation,0.0,normal,normal,normal,No actionable deviation,100.0,0.92,9d9646e9202b832fbb024f0ef2b76249217d5056f07613439a174495b56a8284,12.3555
holdout,7,1.25556,9,actuator_degradation,0.25,actuator_degradation,actuator_degradation,diagnosed,Actuator performance degradation,95.5,0.67,81581566099d5d03efd973d6d2a48db0292e412896f71c8aa2165ff3ffec5a2d,12.1821
holdout,7,1.25556,9,actuator_degradation,0.5,actuator_degradation,actuator_degradation,diagnosed,Actuator performance degradation,80.8,0.76,f09a78fddf1e4d24ba1b09922b2f73a33d2c65cd8bbdee140953e6c5f6a609a5,12.0019
holdout,7,1.25556,9,actuator_degradation,0.75,actuator_degradation,actuator_degradation,diagnosed,Actuator performance degradation,66.2,0.92,94aded8d4d79a71e81f6f00200b919b4ea19d214ce10cd7990a21bd274f6797d,13.1357
holdout,7,1.25556,9,actuator_degradation,1.0,actuator_degradation,actuator_degradation,diagnosed,Actuator performance degradation,61.6,0.92,5a9db10300262375a2f27716a3562032ca2dfd0ae397dacf34c33b08b417681b,12.7183
holdout,7,1.25556,9,sensor_drift,0.0,normal,normal,normal,No actionable deviation,100.0,0.92,9d9646e9202b832fbb024f0ef2b76249217d5056f07613439a174495b56a8284,11.7114
holdout,7,1.25556,9,sensor_drift,0.25,sensor_drift,normal,normal,No actionable deviation,98.4,0.92,ae2c106fb5e18af7d8dc01819829723baacf269b747d9f1103c9774e4b317885,11.8292
holdout,7,1.25556,9,sensor_drift,0.5,sensor_drift,sensor_drift,diagnosed,Position sensor drift / process inconsistency,97.0,0.65,03b15ae6176cba29cc1899da4b63f97084cb1769865384d3cf5a066d1b5bfe12,11.8916
holdout,7,1.25556,9,sensor_drift,0.75,sensor_drift,sensor_drift,diagnosed,Position sensor drift / process inconsistency,95.6,0.67,b661055d0b5168397b2a720add400bb0b48920dd71a643c93e54f44f030c2200,12.026
holdout,7,1.25556,9,sensor_drift,1.0,sensor_drift,sensor_drift,diagnosed,Position sensor drift / process inconsistency,94.2,0.68,acb23fb1f4322d34674181d3cdda97fb964c89296c9d55ebdd76dd5f63214745,11.7051
holdout,8,1.32778,0,normal,0.0,normal,normal,normal,No actionable deviation,100.0,0.92,369d662342590e4ac95a65580cdbc241bc9a64ff89dfc4ff26708354b60b12ae,11.7922
holdout,8,1.32778,0,normal,0.25,normal,normal,normal,No actionable deviation,100.0,0.92,369d662342590e4ac95a65580cdbc241bc9a64ff89dfc4ff26708354b60b12ae,11.7885
holdout,8,1.32778,0,normal,0.5,normal,normal,normal,No actionable deviation,100.0,0.92,369d662342590e4ac95a65580cdbc241bc9a64ff89dfc4ff26708354b60b12ae,11.9163
holdout,8,1.32778,0,normal,0.75,normal,normal,normal,No actionable deviation,100.0,0.92,369d662342590e4ac95a65580cdbc241bc9a64ff89dfc4ff26708354b60b12ae,11.8184
holdout,8,1.32778,0,normal,1.0,normal,normal,normal,No actionable deviation,100.0,0.92,369d662342590e4ac95a65580cdbc241bc9a64ff89dfc4ff26708354b60b12ae,12.726
holdout,8,1.32778,0,friction,0.0,normal,normal,normal,No actionable deviation,100.0,0.92,369d662342590e4ac95a65580cdbc241bc9a64ff89dfc4ff26708354b60b12ae,13.618
holdout,8,1.32778,0,friction,0.25,friction,friction,diagnosed,Friction growth,92.0,0.68,7433d4507ea2db364f2525ecab9a2836b2a21855a03257a2e478d265c7206deb,12.9731
holdout,8,1.32778,0,friction,0.5,friction,friction,diagnosed,Friction growth,81.3,0.73,c5842fd7e07b23564b17795a501d40eecd0a15d1bbb7ce69149af35ecf5b8cde,11.9831
holdout,8,1.32778,0,friction,0.75,friction,friction,diagnosed,Friction growth,70.0,0.78,b06c7b5f8ee607b9c3f392c9020d2d191494ff95b9a59dc20e7169f7dcb3235a,11.8814
holdout,8,1.32778,0,friction,1.0,friction,friction,diagnosed,Friction growth,59.5,0.84,e3c8866c7f5360f0b35b2554b992ec89422a8de562146626e2c2817a5037c887,11.8666
holdout,8,1.32778,0,stiction,0.0,normal,normal,normal,No actionable deviation,100.0,0.92,369d662342590e4ac95a65580cdbc241bc9a64ff89dfc4ff26708354b60b12ae,12.1022
holdout,8,1.32778,0,stiction,0.25,stiction,stiction,diagnosed,Persistent localized stiction,41.5,0.92,82e9e0f32cbdb433dcb5877488cbfb74084f6f134a3bcc3c3ac5cb37cc47f51e,11.8936
holdout,8,1.32778,0,stiction,0.5,stiction,stiction,diagnosed,Persistent localized stiction,39.1,0.92,5633e41bbf6cfd944dfdea26a984dcf7c0a3d7f077e86ee6360412e3e49e2b23,11.8911
holdout,8,1.32778,0,stiction,0.75,stiction,stiction,diagnosed,Persistent localized stiction,38.1,0.92,da0307c4cacbd40c5fb33525c072648a6a12ae9be73d26d3606cd2af99518d35,11.7926
holdout,8,1.32778,0,stiction,1.0,stiction,stiction,diagnosed,Persistent localized stiction,37.5,0.92,90eacfffa5204306f338f9b8f4f7225f79be9b0c76f7bca3f8f11427daa7db24,11.8688
holdout,8,1.32778,0,obstruction,0.0,normal,normal,normal,No actionable deviation,100.0,0.92,369d662342590e4ac95a65580cdbc241bc9a64ff89dfc4ff26708354b60b12ae,11.7133
holdout,8,1.32778,0,obstruction,0.25,obstruction,obstruction,diagnosed,Travel obstruction or persistent stiction,80.6,0.73,ace759cb59e80aae32999368e317149f9883344e8dd3f30468953748457e0f1e,11.9223
holdout,8,1.32778,0,obstruction,0.5,obstruction,obstruction,diagnosed,Travel obstruction or persistent stiction,63.9,0.84,9a03f2a5ff1598d7771d5452be79e025202c498e98a5d5a71fc1b74c9e948b90,11.765
holdout,8,1.32778,0,obstruction,0.75,obstruction,obstruction,diagnosed,Travel obstruction or persistent stiction,54.8,0.92,f82686e12e9fab1edf4a69d30d05c667b54ce2e60693625abb2be87f0f15401e,11.7561
holdout,8,1.32778,0,obstruction,1.0,obstruction,obstruction,diagnosed,Travel obstruction or persistent stiction,40.7,0.92,b7d1347b3b1a1a2a41cedf5e0eae8e93ee9c8373431d53e7f0b72b014f734335,11.7412
holdout,8,1.32778,0,actuator_degradation,0.0,normal,normal,normal,No actionable deviation,100.0,0.92,369d662342590e4ac95a65580cdbc241bc9a64ff89dfc4ff26708354b60b12ae,11.7061
holdout,8,1.32778,0,actuator_degradation,0.25,actuator_degradation,sensor_drift,diagnosed,Position sensor drift / process inconsistency,93.4,0.68,0b8aa41863d81eea1783a3b8a505fe7c4f3dc9d558eac74ef2ebbd2a2833c7ba,11.8473
holdout,8,1.32778,0,actuator_degradation,0.5,actuator_degradation,actuator_degradation,diagnosed,Actuator performance degradation,77.7,0.81,3348511b542f11cd66d0e7cc5317cec9bb49952ec20b2afa3a1d27f1e4d3a204,11.7678
holdout,8,1.32778,0,actuator_degradation,0.75,actuator_degradation,actuator_degradation,diagnosed,Actuator performance degradation,65.8,0.92,56708d6b9cb858f727843af30759476944036dfbb7dd35de9e940ad428f15d0c,12.0436
holdout,8,1.32778,0,actuator_degradation,1.0,actuator_degradation,actuator_degradation,diagnosed,Actuator performance degradation,62.7,0.92,12ad74d36cdede3503a5e5b3022e4fe487f0e6f127b9c15fd5a32c25dbca5cba,11.9458
holdout,8,1.32778,0,sensor_drift,0.0,normal,normal,normal,No actionable deviation,100.0,0.92,369d662342590e4ac95a65580cdbc241bc9a64ff89dfc4ff26708354b60b12ae,11.6828
holdout,8,1.32778,0,sensor_drift,0.25,sensor_drift,normal,normal,No actionable deviation,98.5,0.92,b020d3ff4b9d15557a8622b0d2e4c13eebf588b595ffcf952f9b9239b300430b,11.9632
holdout,8,1.32778,0,sensor_drift,0.5,sensor_drift,sensor_drift,diagnosed,Position sensor drift / process inconsistency,97.0,0.65,7d0ffd03c676481399c8cab98236d10d43870309a40c77cc73a3cbd376c6b1c3,11.8689
holdout,8,1.32778,0,sensor_drift,0.75,sensor_drift,sensor_drift,diagnosed,Position sensor drift / process inconsistency,95.5,0.67,ced70d0ccf0a0ee8b7e3c4f2d1c3c9064ee23f5cab07294eac664997e1236c14,11.7736
holdout,8,1.32778,0,sensor_drift,1.0,sensor_drift,sensor_drift,diagnosed,Position sensor drift / process inconsistency,94.1,0.69,6f50b321c2a5037d8a353b0ded9e1b7b501769584816ce6e44caba5e8a71408c,11.8569
holdout,8,1.32778,1,normal,0.0,normal,normal,normal,No actionable deviation,100.0,0.92,d022de5a6760076eb4aee92e4d5e4af04c17d96ebe34ba2adc7f3d67cf50b5c7,12.2249
holdout,8,1.32778,1,normal,0.25,normal,normal,normal,No actionable deviation,100.0,0.92,d022de5a6760076eb4aee92e4d5e4af04c17d96ebe34ba2adc7f3d67cf50b5c7,11.8652
holdout,8,1.32778,1,normal,0.5,normal,normal,normal,No actionable deviation,100.0,0.92,d022de5a6760076eb4aee92e4d5e4af04c17d96ebe34ba2adc7f3d67cf50b5c7,11.72
holdout,8,1.32778,1,normal,0.75,normal,normal,normal,No actionable deviation,100.0,0.92,d022de5a6760076eb4aee92e4d5e4af04c17d96ebe34ba2adc7f3d67cf50b5c7,11.85
holdout,8,1.32778,1,normal,1.0,normal,normal,normal,No actionable deviation,100.0,0.92,d022de5a6760076eb4aee92e4d5e4af04c17d96ebe34ba2adc7f3d67cf50b5c7,11.6949
holdout,8,1.32778,1,friction,0.0,normal,normal,normal,No actionable deviation,100.0,0.92,d022de5a6760076eb4aee92e4d5e4af04c17d96ebe34ba2adc7f3d67cf50b5c7,11.7128
holdout,8,1.32778,1,friction,0.25,friction,friction,diagnosed,Friction growth,92.2,0.68,ee37e36a83d0822b86d09198781ccbd87f49508ed6244fd15db7cb405ae2a9f9,11.8439
holdout,8,1.32778,1,friction,0.5,friction,friction,diagnosed,Friction growth,81.5,0.73,67b03b35b277988b8717c961ff75b4a7b04e51a85d890f1643533c144208eb8f,13.3233
holdout,8,1.32778,1,friction,0.75,friction,friction,diagnosed,Friction growth,70.3,0.78,441ee984b467ed7548165564c57d08455591f862b9fd935333ebde58169bf7e7,12.5606
holdout,8,1.32778,1,friction,1.0,friction,friction,diagnosed,Friction growth,59.9,0.84,a881a911d5c38035f99d40147c3ca43a552a2569e267898cfaa889d49f5438f6,12.6241
holdout,8,1.32778,1,stiction,0.0,normal,normal,normal,No actionable deviation,100.0,0.92,d022de5a6760076eb4aee92e4d5e4af04c17d96ebe34ba2adc7f3d67cf50b5c7,11.8554
holdout,8,1.32778,1,stiction,0.25,stiction,stiction,diagnosed,Persistent localized stiction,41.5,0.92,32b3b18a18d18acfa2dd6c0e25e2b31eadd5d15ba762e26d39c1aa9c0d078ce4,11.7803
holdout,8,1.32778,1,stiction,0.5,stiction,stiction,diagnosed,Persistent localized stiction,39.2,0.92,dfa24399d16281caddd23c6b9fa36b333cc01bbb4828c314426b4b33e70be0c2,13.6969
holdout,8,1.32778,1,stiction,0.75,stiction,stiction,diagnosed,Persistent localized stiction,38.1,0.92,56c2030029c3146eae2f6b69a080da50cb9894eb29f6334fed515e5951d17a3f,13.7501
holdout,8,1.32778,1,stiction,1.0,stiction,stiction,diagnosed,Persistent localized stiction,37.5,0.92,cd14e91ea064a4d08b45ef14cf40e95ed82a1e65334742ec2a1264a4bea1946a,13.0538
holdout,8,1.32778,1,obstruction,0.0,normal,normal,normal,No actionable deviation,100.0,0.92,d022de5a6760076eb4aee92e4d5e4af04c17d96ebe34ba2adc7f3d67cf50b5c7,11.957
holdout,8,1.32778,1,obstruction,0.25,obstruction,obstruction,diagnosed,Travel obstruction or persistent stiction,80.6,0.73,cefbc2d6b0e71d2b4caf88e74511fc36d214a988afcc045698aa59a6fe0187b6,11.9951
holdout,8,1.32778,1,obstruction,0.5,obstruction,obstruction,diagnosed,Travel obstruction or persistent stiction,66.3,0.84,89c6e7f82a2e602ead6116158680103e9623577907e3fb5065a7ed3a7871e684,12.3796
holdout,8,1.32778,1,obstruction,0.75,obstruction,obstruction,diagnosed,Travel obstruction or persistent stiction,56.5,0.92,ed7c15dce880633fc7c58d233c7d664a18c9450b86aeabe177193ec0c6c3b598,13.1254
holdout,8,1.32778,1,obstruction,1.0,obstruction,obstruction,diagnosed,Travel obstruction or persistent stiction,40.7,0.92,bddee6ebabe5fb2880e2e2fa930fce41b9638fecc0311550a036e104becabf87,12.3642
holdout,8,1.32778,1,actuator_degradation,0.0,normal,normal,normal,No actionable deviation,100.0,0.92,d022de5a6760076eb4aee92e4d5e4af04c17d96ebe34ba2adc7f3d67cf50b5c7,12.1209
holdout,8,1.32778,1,actuator_degradation,0.25,actuator_degradation,sensor_drift,diagnosed,Position sensor drift / process inconsistency,93.6,0.68,f438651cfaba36b0cdd2906ebb86fec685977b0363ef95353dd5f7e00ea63267,12.2292
holdout,8,1.32778,1,actuator_degradation,0.5,actuator_degradation,actuator_degradation,diagnosed,Actuator performance degradation,78.0,0.81,a5455dbaa7ea254f69b88d3372a9d64d6fd19f000bf7059dfdf6c2b0f6d01e07,12.082
holdout,8,1.32778,1,actuator_degradation,0.75,actuator_degradation,actuator_degradation,diagnosed,Actuator performance degradation,65.8,0.92,b7baa6014073eb551c24f9fe78c8fd3f5fb0d7cd7747a6d7619271300286ac70,12.103
holdout,8,1.32778,1,actuator_degradation,1.0,actuator_degradation,actuator_degradation,diagnosed,Actuator performance degradation,62.7,0.92,277b450fb1407ade3cf0757600dcc67f95415d1d72d3722d3f7b628508efd378,12.0009
holdout,8,1.32778,1,sensor_drift,0.0,normal,normal,normal,No actionable deviation,100.0,0.92,d022de5a6760076eb4aee92e4d5e4af04c17d96ebe34ba2adc7f3d67cf50b5c7,12.037
holdout,8,1.32778,1,sensor_drift,0.25,sensor_drift,normal,normal,No actionable deviation,98.4,0.92,4f44c2d668a04b349e0071ae9117289e1cbeffb300d3e7af6965851dfe6f4a63,12.3669
holdout,8,1.32778,1,sensor_drift,0.5,sensor_drift,sensor_drift,diagnosed,Position sensor drift / process inconsistency,96.8,0.65,5ef56ba67ce60a7f54294e23573a80f13e2bea811c8fb62c83be455f0ffeae1f,12.1382
holdout,8,1.32778,1,sensor_drift,0.75,sensor_drift,sensor_drift,diagnosed,Position sensor drift / process inconsistency,95.4,0.67,e81b1c1c08fa6e690d55c451f0f6f4875d7d7a082f46c5a67b6ab1f9927c479e,12.0161
holdout,8,1.32778,1,sensor_drift,1.0,sensor_drift,sensor_drift,diagnosed,Position sensor drift / process inconsistency,94.0,0.69,9de27278c4b6fc611ad8219d1065630f9b5bc696d006d57ba10b9c01ac4283f8,11.9568
holdout,8,1.32778,2,normal,0.0,normal,normal,normal,No actionable deviation,100.0,0.92,9712271dda5188aabdfa9821ad7513371db29a7c4d351daaf70bf7978cfe1f79,11.8401
holdout,8,1.32778,2,normal,0.25,normal,normal,normal,No actionable deviation,100.0,0.92,9712271dda5188aabdfa9821ad7513371db29a7c4d351daaf70bf7978cfe1f79,11.7837
holdout,8,1.32778,2,normal,0.5,normal,normal,normal,No actionable deviation,100.0,0.92,9712271dda5188aabdfa9821ad7513371db29a7c4d351daaf70bf7978cfe1f79,11.9226
holdout,8,1.32778,2,normal,0.75,normal,normal,normal,No actionable deviation,100.0,0.92,9712271dda5188aabdfa9821ad7513371db29a7c4d351daaf70bf7978cfe1f79,11.9396
holdout,8,1.32778,2,normal,1.0,normal,normal,normal,No actionable deviation,100.0,0.92,9712271dda5188aabdfa9821ad7513371db29a7c4d351daaf70bf7978cfe1f79,19.91
holdout,8,1.32778,2,friction,0.0,normal,normal,normal,No actionable deviation,100.0,0.92,9712271dda5188aabdfa9821ad7513371db29a7c4d351daaf70bf7978cfe1f79,12.1506
holdout,8,1.32778,2,friction,0.25,friction,friction,diagnosed,Friction growth,92.2,0.68,82002a4e7162d0fe9c4354136b5a37320c0975c8d12bb637e00ce35510241312,11.778
holdout,8,1.32778,2,friction,0.5,friction,friction,diagnosed,Friction growth,81.5,0.73,f99db99a37331825e8fd3a08a7feaa179265b9324fba4f283ffcec80db7fa13a,11.8065
holdout,8,1.32778,2,friction,0.75,friction,friction,diagnosed,Friction growth,70.2,0.78,ddac65b846b70e9409ea88a41860b9b7bceedb530554f863a2447a8882890a76,11.9204
holdout,8,1.32778,2,friction,1.0,friction,friction,diagnosed,Friction growth,59.7,0.84,abcf26613a831ec5ce1ba883b7548cc4a4fdc6be398e8521bd435d1a021a54cf,12.2166
holdout,8,1.32778,2,stiction,0.0,normal,normal,normal,No actionable deviation,100.0,0.92,9712271dda5188aabdfa9821ad7513371db29a7c4d351daaf70bf7978cfe1f79,13.6649
holdout,8,1.32778,2,stiction,0.25,stiction,stiction,diagnosed,Persistent localized stiction,41.7,0.92,d3eebbf0d4ddd4727d88b82ef56db40b194d020e2eb60954573f575dd0c90844,12.1216
holdout,8,1.32778,2,stiction,0.5,stiction,stiction,diagnosed,Persistent localized stiction,39.4,0.92,1f807af73590d36c98687b5904cedd905a9852d8ba9e7a1fdde9598dd1647014,12.1549
holdout,8,1.32778,2,stiction,0.75,stiction,stiction,diagnosed,Persistent localized stiction,38.2,0.92,0ead9903a69c945bc0d499ceeff1c835169fd3cef1d8550a3b0174838e7d8702,11.979
holdout,8,1.32778,2,stiction,1.0,stiction,stiction,diagnosed,Persistent localized stiction,37.7,0.92,6b5b45bfa8ad11e8095aa4f4565ca7a12f15171d35adad6abd0f9f7bbf5831b3,12.0989
holdout,8,1.32778,2,obstruction,0.0,normal,normal,normal,No actionable deviation,100.0,0.92,9712271dda5188aabdfa9821ad7513371db29a7c4d351daaf70bf7978cfe1f79,12.0226
holdout,8,1.32778,2,obstruction,0.25,obstruction,obstruction,diagnosed,Travel obstruction or persistent stiction,80.8,0.73,0a4b6bf7d34e9f78e027765a2596a776214b34004f6ea6d1043fe755777a0222,13.7241
holdout,8,1.32778,2,obstruction,0.5,obstruction,obstruction,diagnosed,Travel obstruction or persistent stiction,64.8,0.84,aeec3208315b634f07a7bbe04f64341893215347013f1a1b6e333529c882c6a8,12.7564
holdout,8,1.32778,2,obstruction,0.75,obstruction,obstruction,diagnosed,Travel obstruction or persistent stiction,52.9,0.92,53e54ce79af59f0599bf687da1595acd27aa4284da156a30172aa71cf294f207,13.2623
holdout,8,1.32778,2,obstruction,1.0,obstruction,obstruction,diagnosed,Travel obstruction or persistent stiction,40.9,0.92,0bd8aec7a53a7cf05120c24d7e55570d14ce3a55ea04bfb59104a366ab2c3194,12.1906
holdout,8,1.32778,2,actuator_degradation,0.0,normal,normal,normal,No actionable deviation,100.0,0.92,9712271dda5188aabdfa9821ad7513371db29a7c4d351daaf70bf7978cfe1f79,12.2591
holdout,8,1.32778,2,actuator_degradation,0.25,actuator_degradation,sensor_drift,diagnosed,Position sensor drift / process inconsistency,93.6,0.67,74ffb18fade1838882cd55b12ff2373ca9a233b86d501c03f020e44bfb95fe36,11.838
holdout,8,1.32778,2,actuator_degradation,0.5,actuator_degradation,actuator_degradation,diagnosed,Actuator performance degradation,77.7,0.81,bede04f24e113ac5745f02ffed82b8efff4e76d9924540cdcc356850b3ccdf1f,11.9025
holdout,8,1.32778,2,actuator_degradation,0.75,actuator_degradation,actuator_degradation,diagnosed,Actuator performance degradation,66.0,0.92,72144688551fdbef8710dab89f1f13c0b1e75a86e3001c3a98f71380c4c8fcee,12.8079
holdout,8,1.32778,2,actuator_degradation,1.0,actuator_degradation,actuator_degradation,diagnosed,Actuator performance degradation,62.8,0.92,7060583c8c1f8bb8225ac593ee52c72e3dfffc2af150aef5b2fbe0a01d03a391,13.8722
holdout,8,1.32778,2,sensor_drift,0.0,normal,normal,normal,No actionable deviation,100.0,0.92,9712271dda5188aabdfa9821ad7513371db29a7c4d351daaf70bf7978cfe1f79,13.4435
holdout,8,1.32778,2,sensor_drift,0.25,sensor_drift,normal,normal,No actionable deviation,98.7,0.92,e8257cdd5e93e3f60e6f3c08908c83d58cecac9da938ca52b7fd30119ce3cae0,11.6831
holdout,8,1.32778,2,sensor_drift,0.5,sensor_drift,sensor_drift,diagnosed,Position sensor drift / process inconsistency,97.1,0.65,e558c0c414a249b01481b2e906c7f5cf8010a000d2957bcae71cddd38a6b5a26,11.7039
holdout,8,1.32778,2,sensor_drift,0.75,sensor_drift,sensor_drift,diagnosed,Position sensor drift / process inconsistency,95.7,0.67,e08bb96f001534794ce056bb936cb84dbd148ced35fde730cb4320b3368c7a44,11.8206
holdout,8,1.32778,2,sensor_drift,1.0,sensor_drift,sensor_drift,diagnosed,Position sensor drift / process inconsistency,94.3,0.68,18c3f7e00362e7ed8028c7665e0da1d78e9e7bc5434630f9870832280bae3dbb,11.9811
holdout,8,1.32778,3,normal,0.0,normal,normal,normal,No actionable deviation,100.0,0.92,6137c76fb718289716e28fbfadc91c4f5d298fadca27af6374f2cfcfc73f859d,12.1209
holdout,8,1.32778,3,normal,0.25,normal,normal,normal,No actionable deviation,100.0,0.92,6137c76fb718289716e28fbfadc91c4f5d298fadca27af6374f2cfcfc73f859d,12.1733
holdout,8,1.32778,3,normal,0.5,normal,normal,normal,No actionable deviation,100.0,0.92,6137c76fb718289716e28fbfadc91c4f5d298fadca27af6374f2cfcfc73f859d,11.8905
holdout,8,1.32778,3,normal,0.75,normal,normal,normal,No actionable deviation,100.0,0.92,6137c76fb718289716e28fbfadc91c4f5d298fadca27af6374f2cfcfc73f859d,11.8324
holdout,8,1.32778,3,normal,1.0,normal,normal,normal,No actionable deviation,100.0,0.92,6137c76fb718289716e28fbfadc91c4f5d298fadca27af6374f2cfcfc73f859d,11.8944
holdout,8,1.32778,3,friction,0.0,normal,normal,normal,No actionable deviation,100.0,0.92,6137c76fb718289716e28fbfadc91c4f5d298fadca27af6374f2cfcfc73f859d,11.812
holdout,8,1.32778,3,friction,0.25,friction,friction,diagnosed,Friction growth,92.3,0.68,0ee8b2b6b1cbad7fd1023e6dabb987d31a6b709cad20b75fc6538ea2895cef03,13.1647
holdout,8,1.32778,3,friction,0.5,friction,friction,diagnosed,Friction growth,81.7,0.73,dce43e6b309dbe1fb169d35c274e66213c3284be418f80096b4837593891f69c,13.7081
holdout,8,1.32778,3,friction,0.75,friction,friction,diagnosed,Friction growth,70.2,0.78,9b01f23dabe08735c983e1f38b6551a321a5fae22b30d5b5c8a4f3aead920358,13.0511
holdout,8,1.32778,3,friction,1.0,friction,friction,diagnosed,Friction growth,59.7,0.84,c880f13ee51b5b7e92569baa8fa6ce15267e35a2a2b686f070b5fe5ef7d32ea3,12.7388
holdout,8,1.32778,3,stiction,0.0,normal,normal,normal,No actionable deviation,100.0,0.92,6137c76fb718289716e28fbfadc91c4f5d298fadca27af6374f2cfcfc73f859d,12.5358
holdout,8,1.32778,3,stiction,0.25,stiction,stiction,diagnosed,Persistent localized stiction,41.7,0.92,38a8d8ad51f6af3c0946dfb48094d3b3f280bef8f371f3426890860a088c0b9e,12.1236
holdout,8,1.32778,3,stiction,0.5,stiction,stiction,diagnosed,Persistent localized stiction,39.4,0.92,2441339c3992d45fee3e347c4ba3532c60ed12d843827afb06b86450f4f32af2,11.8363
holdout,8,1.32778,3,stiction,0.75,stiction,stiction,diagnosed,Persistent localized stiction,38.2,0.92,db142cebec7c27743f482250e185932bc59416e1a88b039cd3addcfd24e5b631,11.8582
holdout,8,1.32778,3,stiction,1.0,stiction,stiction,diagnosed,Persistent localized stiction,37.7,0.92,82c5f0f971956d034cbd7190c83edce3beb317e6e06f82d0f3ef06b183857d59,11.8988
holdout,8,1.32778,3,obstruction,0.0,normal,normal,normal,No actionable deviation,100.0,0.92,6137c76fb718289716e28fbfadc91c4f5d298fadca27af6374f2cfcfc73f859d,11.9004
holdout,8,1.32778,3,obstruction,0.25,obstruction,obstruction,diagnosed,Travel obstruction or persistent stiction,80.8,0.73,777909ad68072e4804bfd1902646470ec4410a631b4ffafcb1337bbaa397cc8b,11.9834
holdout,8,1.32778,3,obstruction,0.5,obstruction,obstruction,diagnosed,Travel obstruction or persistent stiction,63.5,0.84,bbac97215723ac7c0ba646fae841e4c569ee3bce407347d82f84efd7a32371e6,12.0578
holdout,8,1.32778,3,obstruction,0.75,obstruction,obstruction,diagnosed,Travel obstruction or persistent stiction,50.8,0.92,eb128e7566935d3c2179c00ded0708130440804566b1582a77754989acbc61d1,12.2897
holdout,8,1.32778,3,obstruction,1.0,obstruction,obstruction,diagnosed,Travel obstruction or persistent stiction,40.9,0.92,09e2ce8229b8441142e4d7a7328362ef98d2e12414265fcaa74114be6c4903d1,12.226
holdout,8,1.32778,3,actuator_degradation,0.0,normal,normal,normal,No actionable deviation,100.0,0.92,6137c76fb718289716e28fbfadc91c4f5d298fadca27af6374f2cfcfc73f859d,12.1812
holdout,8,1.32778,3,actuator_degradation,0.25,actuator_degradation,sensor_drift,diagnosed,Position sensor drift / process inconsistency,93.6,0.67,cfcb5bb5a95c6950e795a01b87172ddc228fd37a27fdf1cbef252887e4db6742,12.4497
holdout,8,1.32778,3,actuator_degradation,0.5,actuator_degradation,actuator_degradation,diagnosed,Actuator performance degradation,77.8,0.81,d52511261ef13c3ebf71285a849a765b0187b99b4f8359f7d1d8c9b11075196a,12.1524
holdout,8,1.32778,3,actuator_degradation,0.75,actuator_degradation,actuator_degradation,diagnosed,Actuator performance degradation,66.0,0.92,27b239389b5274e763d0c1d4fd9aceec735e3d0606763d0e332e3eae0f732545,12.3529
holdout,8,1.32778,3,actuator_degradation,1.0,actuator_degradation,actuator_degradation,diagnosed,Actuator performance degradation,62.9,0.92,9cc3ca21bc6ec6902d75151063223ee2cce42a62763778beeaaf1ce3b9a9c306,12.7657
holdout,8,1.32778,3,sensor_drift,0.0,normal,normal,normal,No actionable deviation,100.0,0.92,6137c76fb718289716e28fbfadc91c4f5d298fadca27af6374f2cfcfc73f859d,11.9084
holdout,8,1.32778,3,sensor_drift,0.25,sensor_drift,normal,normal,No actionable deviation,98.7,0.92,390b03a4813e485699f1a01831f81ef122f88c2f563413eadf35c8aa08ff6643,11.7909
holdout,8,1.32778,3,sensor_drift,0.5,sensor_drift,sensor_drift,diagnosed,Position sensor drift / process inconsistency,97.2,0.65,84b6c8c87c98b53c169c2bd2941651d1fa8947e8d00346dc58af8e7498a65a4b,12.0576
holdout,8,1.32778,3,sensor_drift,0.75,sensor_drift,sensor_drift,diagnosed,Position sensor drift / process inconsistency,95.7,0.67,6dd1e5ef30004e8f891c7c9be1f238b24056e07db550141748ef60f6bb66f0af,12.2436
holdout,8,1.32778,3,sensor_drift,1.0,sensor_drift,sensor_drift,diagnosed,Position sensor drift / process inconsistency,94.4,0.68,e95c05a13b9f1f4589dff66e5f86b4ca91060ed2e330e4ca2b089ba92db21a0f,12.0793
holdout,8,1.32778,4,normal,0.0,normal,normal,normal,No actionable deviation,100.0,0.92,fe4e3f822e80701c020fe8a76a347f35bcc75c0f031325cfd812e7e8a878929d,13.8901
holdout,8,1.32778,4,normal,0.25,normal,normal,normal,No actionable deviation,100.0,0.92,fe4e3f822e80701c020fe8a76a347f35bcc75c0f031325cfd812e7e8a878929d,12.3681
holdout,8,1.32778,4,normal,0.5,normal,normal,normal,No actionable deviation,100.0,0.92,fe4e3f822e80701c020fe8a76a347f35bcc75c0f031325cfd812e7e8a878929d,12.0013
holdout,8,1.32778,4,normal,0.75,normal,normal,normal,No actionable deviation,100.0,0.92,fe4e3f822e80701c020fe8a76a347f35bcc75c0f031325cfd812e7e8a878929d,12.3303
holdout,8,1.32778,4,normal,1.0,normal,normal,normal,No actionable deviation,100.0,0.92,fe4e3f822e80701c020fe8a76a347f35bcc75c0f031325cfd812e7e8a878929d,12.0874
holdout,8,1.32778,4,friction,0.0,normal,normal,normal,No actionable deviation,100.0,0.92,fe4e3f822e80701c020fe8a76a347f35bcc75c0f031325cfd812e7e8a878929d,12.9608
holdout,8,1.32778,4,friction,0.25,friction,friction,diagnosed,Friction growth,92.0,0.68,482a078d10e848f41314ed55b55ebb83ea1b447a0f7e8fb5ce9b8955f6a7da70,13.1145
holdout,8,1.32778,4,friction,0.5,friction,friction,diagnosed,Friction growth,81.5,0.73,5738177b0eda70968a400b2d956b3c250e1cd30141aff5dd62348a5d86dfaa99,12.8447
holdout,8,1.32778,4,friction,0.75,friction,friction,diagnosed,Friction growth,70.0,0.77,3745a16e852ba020318fc740ca01b383d9e1549c9a97cc4e9d9f5ec47c74ceaf,12.6977
holdout,8,1.32778,4,friction,1.0,friction,friction,diagnosed,Friction growth,59.6,0.84,42d337a44680b88147f4d9c42393fd25849b8d726e6248000a350c2e5f56cda7,12.049
holdout,8,1.32778,4,stiction,0.0,normal,normal,normal,No actionable deviation,100.0,0.92,fe4e3f822e80701c020fe8a76a347f35bcc75c0f031325cfd812e7e8a878929d,15.7778
holdout,8,1.32778,4,stiction,0.25,stiction,stiction,diagnosed,Persistent localized stiction,41.7,0.92,bff4951581f0975af434829bb2b0e8de297be1ff3f9a1be91c695e9bddc11a37,18.0956
holdout,8,1.32778,4,stiction,0.5,stiction,stiction,diagnosed,Persistent localized stiction,39.4,0.92,c10549ace2cf63573eba8246308ab5c289d94dd5002755c41e932d6e872b9c7e,13.4056
holdout,8,1.32778,4,stiction,0.75,stiction,stiction,diagnosed,Persistent localized stiction,38.3,0.92,7d5b46c4871c9581cd2a54ec0a4546d36a6fb33edff3d5ac1a9e874542b00eb5,15.1272
holdout,8,1.32778,4,stiction,1.0,stiction,stiction,diagnosed,Persistent localized stiction,37.7,0.92,c5189ad646fd2e1bf80fc063805276b5981c8da7d8a50552913b0b05b7948b24,12.2
holdout,8,1.32778,4,obstruction,0.0,normal,normal,normal,No actionable deviation,100.0,0.92,fe4e3f822e80701c020fe8a76a347f35bcc75c0f031325cfd812e7e8a878929d,11.9954
holdout,8,1.32778,4,obstruction,0.25,obstruction,obstruction,diagnosed,Travel obstruction or persistent stiction,80.8,0.73,c40bd2f99599faa9a599a14ea4e2fef09be108a60e048ec0b18627abd3f022f1,11.7801
holdout,8,1.32778,4,obstruction,0.5,obstruction,obstruction,diagnosed,Travel obstruction or persistent stiction,63.4,0.84,c0a67598229390e9932849b76177ff5571d8c4423e1ef484b594d5e8ec419233,12.097
holdout,8,1.32778,4,obstruction,0.75,obstruction,obstruction,diagnosed,Travel obstruction or persistent stiction,50.9,0.92,f3b5ce4cc7815aa073f57bf779fd257e6419edef3a85fe4b9ae5ab43b54b1b2c,12.2988
holdout,8,1.32778,4,obstruction,1.0,obstruction,obstruction,diagnosed,Travel obstruction or persistent stiction,46.2,0.92,30902d3403d2ee74cb23570c2cd707dbdcae875e900ce455acf838f6118d5dde,11.8822
holdout,8,1.32778,4,actuator_degradation,0.0,normal,normal,normal,No actionable deviation,100.0,0.92,fe4e3f822e80701c020fe8a76a347f35bcc75c0f031325cfd812e7e8a878929d,11.7374
holdout,8,1.32778,4,actuator_degradation,0.25,actuator_degradation,sensor_drift,diagnosed,Position sensor drift / process inconsistency,93.5,0.67,29c7a788a5a0a8396c082aeabe8b8de7ea6fd1fc12fa676ffa8d68162af366cf,12.0066
holdout,8,1.32778,4,actuator_degradation,0.5,actuator_degradation,actuator_degradation,diagnosed,Actuator performance degradation,77.6,0.81,55c3f72af77731527aa48dd361815b0bd72bfb3b29674cf2586db42d74876d68,11.8693
holdout,8,1.32778,4,actuator_degradation,0.75,actuator_degradation,actuator_degradation,diagnosed,Actuator performance degradation,66.0,0.92,cd5d0d89e8834f56106083b8a98bada307983285b3dfebfae34dc484dd620392,11.7858
holdout,8,1.32778,4,actuator_degradation,1.0,actuator_degradation,actuator_degradation,diagnosed,Actuator performance degradation,62.9,0.92,51d23da2ef1aeb6f3385699a3c8e74ee4f9b021f3f5a735ef61e725d1f0ddf16,11.8387
holdout,8,1.32778,4,sensor_drift,0.0,normal,normal,normal,No actionable deviation,100.0,0.92,fe4e3f822e80701c020fe8a76a347f35bcc75c0f031325cfd812e7e8a878929d,12.2043
holdout,8,1.32778,4,sensor_drift,0.25,sensor_drift,normal,normal,No actionable deviation,98.8,0.92,0c2321d2eee78fee7b609ac5035f4d3954e0451c6f7e3048b59678f81f2f7b25,12.2822
holdout,8,1.32778,4,sensor_drift,0.5,sensor_drift,sensor_drift,diagnosed,Position sensor drift / process inconsistency,97.4,0.65,4325b8fc47e30488fb016579bd60a25f1211ad56b452f29b48c7b7b24a1f72bf,12.1679
holdout,8,1.32778,4,sensor_drift,0.75,sensor_drift,sensor_drift,diagnosed,Position sensor drift / process inconsistency,95.9,0.66,0c0aa209bf4d86e7b0fbe7860b934698faaa01378e217f0b35119245f50bb4ea,11.8258
holdout,8,1.32778,4,sensor_drift,1.0,sensor_drift,sensor_drift,diagnosed,Position sensor drift / process inconsistency,94.4,0.68,2de3cb2555f7f56deb91cd87fc7826fc721076895ba56d34fbb5ac9ec43f2b45,11.9168
holdout,8,1.32778,5,normal,0.0,normal,normal,normal,No actionable deviation,100.0,0.92,a5b483e832c81fe35973fbfee09e6f098e7c85805bc7bd5cee267488cd273017,11.9957
holdout,8,1.32778,5,normal,0.25,normal,normal,normal,No actionable deviation,100.0,0.92,a5b483e832c81fe35973fbfee09e6f098e7c85805bc7bd5cee267488cd273017,11.9741
holdout,8,1.32778,5,normal,0.5,normal,normal,normal,No actionable deviation,100.0,0.92,a5b483e832c81fe35973fbfee09e6f098e7c85805bc7bd5cee267488cd273017,12.908
holdout,8,1.32778,5,normal,0.75,normal,normal,normal,No actionable deviation,100.0,0.92,a5b483e832c81fe35973fbfee09e6f098e7c85805bc7bd5cee267488cd273017,11.8866
holdout,8,1.32778,5,normal,1.0,normal,normal,normal,No actionable deviation,100.0,0.92,a5b483e832c81fe35973fbfee09e6f098e7c85805bc7bd5cee267488cd273017,11.8999
holdout,8,1.32778,5,friction,0.0,normal,normal,normal,No actionable deviation,100.0,0.92,a5b483e832c81fe35973fbfee09e6f098e7c85805bc7bd5cee267488cd273017,11.8689
holdout,8,1.32778,5,friction,0.25,friction,friction,diagnosed,Friction growth,91.9,0.68,be58ba86918667aab5887d55f6a29a0609c75cc26c8b09dca109fc35d34086a4,11.9368
holdout,8,1.32778,5,friction,0.5,friction,friction,diagnosed,Friction growth,81.3,0.73,44b3972648361a39f77021ec36cb9c279bba78cd15512ea2b450d28260fc281a,11.9377
holdout,8,1.32778,5,friction,0.75,friction,friction,diagnosed,Friction growth,69.9,0.78,6a03349fd679e4419205bf3dcaece704e4712440922cf686d8b56b982d79b3cd,12.1083
holdout,8,1.32778,5,friction,1.0,friction,friction,diagnosed,Friction growth,59.4,0.84,7db69c049e9cde0abbd690e70b3b9c4569f7d8e3cd8f1f079d3a5e2cb63b696a,11.8953
holdout,8,1.32778,5,stiction,0.0,normal,normal,normal,No actionable deviation,100.0,0.92,a5b483e832c81fe35973fbfee09e6f098e7c85805bc7bd5cee267488cd273017,11.7526
holdout,8,1.32778,5,stiction,0.25,stiction,stiction,diagnosed,Persistent localized stiction,41.5,0.92,ebdd430af284286a800dd66dc1561d425f07a382005bbc9a86cd941f9f01c028,12.0939
holdout,8,1.32778,5,stiction,0.5,stiction,stiction,diagnosed,Persistent localized stiction,39.1,0.92,131f51fa64f109738229a58eb80f64fb3ae46eaa6ef038d2a73240e6efb0e7a7,11.8759
holdout,8,1.32778,5,stiction,0.75,stiction,stiction,diagnosed,Persistent localized stiction,38.1,0.92,45c608f3c72624f0064316f2a7f68ede885eae6429c062c0420cb22aaa2bb43c,11.9482
holdout,8,1.32778,5,stiction,1.0,stiction,stiction,diagnosed,Persistent localized stiction,37.5,0.92,18a6a2ae6dda3e43c1458661c3c26f458f91e429a87aadbe03d764a6f8c4821c,11.8923
holdout,8,1.32778,5,obstruction,0.0,normal,normal,normal,No actionable deviation,100.0,0.92,a5b483e832c81fe35973fbfee09e6f098e7c85805bc7bd5cee267488cd273017,12.1823
holdout,8,1.32778,5,obstruction,0.25,obstruction,obstruction,diagnosed,Travel obstruction or persistent stiction,80.6,0.73,dd4aeb9fa514fd97df5ccc312c190134b5f0a56b29dafe3f57a889f8e63f3d11,11.99
holdout,8,1.32778,5,obstruction,0.5,obstruction,obstruction,diagnosed,Travel obstruction or persistent stiction,63.3,0.84,251c84f13c9b63f61d1435ebf3cc5c9ea039e4663a3b46db7df30b6481bfe080,12.0301
holdout,8,1.32778,5,obstruction,0.75,obstruction,obstruction,diagnosed,Travel obstruction or persistent stiction,55.9,0.92,3699acfdf3445dfaa4a523c3723bae3711299d0293bb99023e0fada7d3455e75,11.6584
holdout,8,1.32778,5,obstruction,1.0,obstruction,obstruction,diagnosed,Travel obstruction or persistent stiction,40.7,0.92,504a8066a11c9770ae2f836db4ea50fdb4fca2437da2482bc1ffa2d55b0a57ee,11.8027
holdout,8,1.32778,5,actuator_degradation,0.0,normal,normal,normal,No actionable deviation,100.0,0.92,a5b483e832c81fe35973fbfee09e6f098e7c85805bc7bd5cee267488cd273017,11.7057
holdout,8,1.32778,5,actuator_degradation,0.25,actuator_degradation,sensor_drift,diagnosed,Position sensor drift / process inconsistency,93.4,0.68,bd8e819a154c0b893a8cfe3630e82c7aaad27302b4d36be0d6bbdb7bfd108143,12.9621
holdout,8,1.32778,5,actuator_degradation,0.5,actuator_degradation,actuator_degradation,diagnosed,Actuator performance degradation,77.6,0.81,86c31384ecc5431d9b5da55df051d17694fde85119f09f7c098c43b3a0cda245,11.9774
holdout,8,1.32778,5,actuator_degradation,0.75,actuator_degradation,actuator_degradation,diagnosed,Actuator performance degradation,65.8,0.92,75941087ea957487af7ea9bfbc86f137de60a84bf3ec64480d9d1abbf3e97d94,12.8571
holdout,8,1.32778,5,actuator_degradation,1.0,actuator_degradation,actuator_degradation,diagnosed,Actuator performance degradation,62.7,0.92,982c1075fab7b79b46a042c7a2a360494a7b831bc2de40eab1f77e5a42fc4211,14.8617
holdout,8,1.32778,5,sensor_drift,0.0,normal,normal,normal,No actionable deviation,100.0,0.92,a5b483e832c81fe35973fbfee09e6f098e7c85805bc7bd5cee267488cd273017,13.9957
holdout,8,1.32778,5,sensor_drift,0.25,sensor_drift,normal,normal,No actionable deviation,98.7,0.92,c7e8fbe2a40ef32a4979aebee06bbfe5f0dada08d084491a9a309b773a621823,11.9298
holdout,8,1.32778,5,sensor_drift,0.5,sensor_drift,sensor_drift,diagnosed,Position sensor drift / process inconsistency,97.2,0.65,3c293931efdf61e20d0c5056fb668e0293bf26fb782a512b30cdae13e3df090a,11.9015
holdout,8,1.32778,5,sensor_drift,0.75,sensor_drift,sensor_drift,diagnosed,Position sensor drift / process inconsistency,95.7,0.67,dc9be43c72e7419be4e3ac7d4953852ffb0514e095c8eb77fcdd1a7814790d55,11.939
holdout,8,1.32778,5,sensor_drift,1.0,sensor_drift,sensor_drift,diagnosed,Position sensor drift / process inconsistency,94.3,0.68,2eaa6d346f35bf23a3b52597fb75cc9b18d3b801304737cfd36e289d9a843fab,12.1258
holdout,8,1.32778,6,normal,0.0,normal,normal,normal,No actionable deviation,100.0,0.92,e95bbe6ac972a019943459e3c4599cc829288791670e62f45d54e8aa8e0f1051,11.8965
holdout,8,1.32778,6,normal,0.25,normal,normal,normal,No actionable deviation,100.0,0.92,e95bbe6ac972a019943459e3c4599cc829288791670e62f45d54e8aa8e0f1051,11.9823
holdout,8,1.32778,6,normal,0.5,normal,normal,normal,No actionable deviation,100.0,0.92,e95bbe6ac972a019943459e3c4599cc829288791670e62f45d54e8aa8e0f1051,11.8336
holdout,8,1.32778,6,normal,0.75,normal,normal,normal,No actionable deviation,100.0,0.92,e95bbe6ac972a019943459e3c4599cc829288791670e62f45d54e8aa8e0f1051,11.8777
holdout,8,1.32778,6,normal,1.0,normal,normal,normal,No actionable deviation,100.0,0.92,e95bbe6ac972a019943459e3c4599cc829288791670e62f45d54e8aa8e0f1051,12.6025
holdout,8,1.32778,6,friction,0.0,normal,normal,normal,No actionable deviation,100.0,0.92,e95bbe6ac972a019943459e3c4599cc829288791670e62f45d54e8aa8e0f1051,12.1127
holdout,8,1.32778,6,friction,0.25,friction,friction,diagnosed,Friction growth,92.1,0.68,ed9634ed5f048a35d846754deafb64c055bb62d472be7afb3912c470a38547eb,12.0627
holdout,8,1.32778,6,friction,0.5,friction,friction,diagnosed,Friction growth,81.4,0.73,7e9ed7c131a4ce3d081b7de583e516b9351012fa70c6d7d0332b2ffa6b1aebdf,12.2314
holdout,8,1.32778,6,friction,0.75,friction,friction,diagnosed,Friction growth,70.0,0.78,b1994c313727db7455cbdf23c60c4828910c6b61fa3ec2836adb587b128185c0,12.2287
holdout,8,1.32778,6,friction,1.0,friction,friction,diagnosed,Friction growth,59.5,0.84,61a2166baa243120b517b1ca175320647dfeafe8389637f589ec23399e9d98ca,12.1796
holdout,8,1.32778,6,stiction,0.0,normal,normal,normal,No actionable deviation,100.0,0.92,e95bbe6ac972a019943459e3c4599cc829288791670e62f45d54e8aa8e0f1051,11.6825
holdout,8,1.32778,6,stiction,0.25,stiction,stiction,diagnosed,Persistent localized stiction,41.7,0.92,aa02989fc6bb351ff1a0c51d6c7529cc2c83725042b3e13b6452bdd3cccda032,12.2882
holdout,8,1.32778,6,stiction,0.5,stiction,stiction,diagnosed,Persistent localized stiction,39.4,0.92,ec4829130f8a82249214c5640e9dca0fae9d3a57c80845498bae9ca236a9992a,13.1393
holdout,8,1.32778,6,stiction,0.75,stiction,stiction,diagnosed,Persistent localized stiction,38.3,0.92,27772d1a176cfc2b94cfa3be1915b394d4d15bec9b7f22dfaccbfb35da2a4e47,13.5267
holdout,8,1.32778,6,stiction,1.0,stiction,stiction,diagnosed,Persistent localized stiction,37.7,0.92,5fba1263467061ff8108a1f97ce6c01bfd8544e20e694957e1db2cf9a7b8f946,12.0454
holdout,8,1.32778,6,obstruction,0.0,normal,normal,normal,No actionable deviation,100.0,0.92,e95bbe6ac972a019943459e3c4599cc829288791670e62f45d54e8aa8e0f1051,11.9705
holdout,8,1.32778,6,obstruction,0.25,obstruction,obstruction,diagnosed,Travel obstruction or persistent stiction,80.8,0.73,40c49c733372542c63c03ae229e5f6628dc95033785210d6e5b69abc2520a962,12.6459
holdout,8,1.32778,6,obstruction,0.5,obstruction,obstruction,diagnosed,Travel obstruction or persistent stiction,64.0,0.84,1d9aad15a3801aab5e3f7770289caec4efe9ad72ebd8b742c9696a05136220c9,12.0954
holdout,8,1.32778,6,obstruction,0.75,obstruction,obstruction,diagnosed,Travel obstruction or persistent stiction,51.7,0.92,d060c003bdb569bbb36b1f66ed6a7fb8303511c5b443c79e26e7dfb04798e205,12.0234
holdout,8,1.32778,6,obstruction,1.0,obstruction,obstruction,diagnosed,Travel obstruction or persistent stiction,40.9,0.92,9d42a296083208aba149b27d5ef46dbba1ff3830fd2770fac4165de7ccef5c3a,11.7239
holdout,8,1.32778,6,actuator_degradation,0.0,normal,normal,normal,No actionable deviation,100.0,0.92,e95bbe6ac972a019943459e3c4599cc829288791670e62f45d54e8aa8e0f1051,11.7747
holdout,8,1.32778,6,actuator_degradation,0.25,actuator_degradation,sensor_drift,diagnosed,Position sensor drift / process inconsistency,93.5,0.67,e6ef57f4ed0a995129f536a59fc8262d3ea18d7d308a609b76ab0cef1989f34d,11.8714
holdout,8,1.32778,6,actuator_degradation,0.5,actuator_degradation,actuator_degradation,diagnosed,Actuator performance degradation,77.7,0.81,6204cd72fc5cf8dd27b2efe7d5178d1f05fe074e72450bf5571967df72a01b9b,11.8633
holdout,8,1.32778,6,actuator_degradation,0.75,actuator_degradation,actuator_degradation,diagnosed,Actuator performance degradation,66.0,0.92,572c98d59a72a4cbbb9b2d91255bf1bca68cb181ddfab18c4fdd07b81ec1ece4,11.8705
holdout,8,1.32778,6,actuator_degradation,1.0,actuator_degradation,actuator_degradation,diagnosed,Actuator performance degradation,62.9,0.92,4524a02046445b59503d417105fd3a882f7fc24f4736a5b502a8d1af8d49fa69,11.9555
holdout,8,1.32778,6,sensor_drift,0.0,normal,normal,normal,No actionable deviation,100.0,0.92,e95bbe6ac972a019943459e3c4599cc829288791670e62f45d54e8aa8e0f1051,11.8458
holdout,8,1.32778,6,sensor_drift,0.25,sensor_drift,normal,normal,No actionable deviation,98.5,0.92,44c5224b7581e5f89bf3ea17a57f00c8f56c8d0cf4a147886bb54161a68eb552,12.0417
holdout,8,1.32778,6,sensor_drift,0.5,sensor_drift,sensor_drift,diagnosed,Position sensor drift / process inconsistency,97.0,0.65,aafe78102981af52297af8d648bbecdbfabcb4bdf718547a10cb5ad20ada49a1,12.6596
holdout,8,1.32778,6,sensor_drift,0.75,sensor_drift,sensor_drift,diagnosed,Position sensor drift / process inconsistency,95.6,0.67,1d6f72aeb5dd174cac0a8530f4b45cf283b2d6a129898fb4ca3b5be7f54ac241,13.6268
holdout,8,1.32778,6,sensor_drift,1.0,sensor_drift,sensor_drift,diagnosed,Position sensor drift / process inconsistency,94.2,0.68,3b0a5c5e7d5e0ccb2723f72b37d48b9281c1e47cf881b0a2cdaabdacd8d0c396,13.4553
holdout,8,1.32778,7,normal,0.0,normal,normal,normal,No actionable deviation,100.0,0.92,7f7a9047593fa7c3d47d020fd1b5ad13ab5567dea47fba2b6139aacd7df97529,12.3249
holdout,8,1.32778,7,normal,0.25,normal,normal,normal,No actionable deviation,100.0,0.92,7f7a9047593fa7c3d47d020fd1b5ad13ab5567dea47fba2b6139aacd7df97529,12.4612
holdout,8,1.32778,7,normal,0.5,normal,normal,normal,No actionable deviation,100.0,0.92,7f7a9047593fa7c3d47d020fd1b5ad13ab5567dea47fba2b6139aacd7df97529,12.4803
holdout,8,1.32778,7,normal,0.75,normal,normal,normal,No actionable deviation,100.0,0.92,7f7a9047593fa7c3d47d020fd1b5ad13ab5567dea47fba2b6139aacd7df97529,12.0838
holdout,8,1.32778,7,normal,1.0,normal,normal,normal,No actionable deviation,100.0,0.92,7f7a9047593fa7c3d47d020fd1b5ad13ab5567dea47fba2b6139aacd7df97529,12.3888
holdout,8,1.32778,7,friction,0.0,normal,normal,normal,No actionable deviation,100.0,0.92,7f7a9047593fa7c3d47d020fd1b5ad13ab5567dea47fba2b6139aacd7df97529,12.272
holdout,8,1.32778,7,friction,0.25,friction,friction,diagnosed,Friction growth,92.2,0.68,1e1ffcff12000803851228112a5bc90e0a948fb82decb3f406c581f4ab55e75c,11.7829
holdout,8,1.32778,7,friction,0.5,friction,friction,diagnosed,Friction growth,81.5,0.73,226c736d6c3e71754b19638be5c7124341780aab40d80c046f1137690902a67f,11.9218
holdout,8,1.32778,7,friction,0.75,friction,friction,diagnosed,Friction growth,70.2,0.78,54f576dfa6c0b0f06a2f05f005b6dab058a2c4c6b245b3f90df43e4941593bf9,11.9244
holdout,8,1.32778,7,friction,1.0,friction,friction,diagnosed,Friction growth,59.6,0.84,a7140c8af47534979de6d11f7275d7228d4863000c55ee6a88daf083363c8cca,11.6657
holdout,8,1.32778,7,stiction,0.0,normal,normal,normal,No actionable deviation,100.0,0.92,7f7a9047593fa7c3d47d020fd1b5ad13ab5567dea47fba2b6139aacd7df97529,12.1186
holdout,8,1.32778,7,stiction,0.25,stiction,stiction,diagnosed,Persistent localized stiction,41.7,0.92,d166b3e34362c819304f352a5a34eba43e91d09eac453969b2f7364a49aa441c,11.887
holdout,8,1.32778,7,stiction,0.5,stiction,stiction,diagnosed,Persistent localized stiction,39.3,0.92,59bc9d1269ed7968986d3544692e9ad9e7fafb82e87e40216027db73997b6f81,11.7997
holdout,8,1.32778,7,stiction,0.75,stiction,stiction,diagnosed,Persistent localized stiction,38.3,0.92,c868011b20b57ea52294cb659d847da9b671278891a101c6dd405b2636bc5491,11.682
holdout,8,1.32778,7,stiction,1.0,stiction,stiction,diagnosed,Persistent localized stiction,37.7,0.92,294ef48f9b3949b10e063fc2a5ecb3ebfd6b5b19c803290e4e9d7cc0a1e8d350,11.8669
holdout,8,1.32778,7,obstruction,0.0,normal,normal,normal,No actionable deviation,100.0,0.92,7f7a9047593fa7c3d47d020fd1b5ad13ab5567dea47fba2b6139aacd7df97529,12.0054
holdout,8,1.32778,7,obstruction,0.25,obstruction,obstruction,diagnosed,Travel obstruction or persistent stiction,80.8,0.73,acf432d7cef6e1cab8cab7afeb4b06317b4d2dff3ba1a32939787b5a859ccf68,11.8127
holdout,8,1.32778,7,obstruction,0.5,obstruction,obstruction,diagnosed,Travel obstruction or persistent stiction,64.4,0.84,2cd1d8cf0b8bbfef22a560b3a4f7b8be1026de76dc606d09c4137d98218385fd,12.2594
holdout,8,1.32778,7,obstruction,0.75,obstruction,obstruction,diagnosed,Travel obstruction or persistent stiction,52.8,0.92,61333b8bd787e56cc103bcac37216029b501c2421f8774d035f1e49b4a8653c1,11.8783
holdout,8,1.32778,7,obstruction,1.0,obstruction,obstruction,diagnosed,Travel obstruction or persistent stiction,41.0,0.92,5559df549b709d77593a41c508add84bf9ae64f33fd619fb0fffea0a0283b4df,12.3128
holdout,8,1.32778,7,actuator_degradation,0.0,normal,normal,normal,No actionable deviation,100.0,0.92,7f7a9047593fa7c3d47d020fd1b5ad13ab5567dea47fba2b6139aacd7df97529,11.797
holdout,8,1.32778,7,actuator_degradation,0.25,actuator_degradation,sensor_drift,diagnosed,Position sensor drift / process inconsistency,93.6,0.67,12faa57cccd6bd7b9ce18563fdb258af9d990ee6a14a3175081028a126697666,11.8031
holdout,8,1.32778,7,actuator_degradation,0.5,actuator_degradation,actuator_degradation,diagnosed,Actuator performance degradation,77.8,0.81,c05bb1e3384541ceaefcad9360be3f64137dfa398cebddadf33025613d5c59c0,12.1373
holdout,8,1.32778,7,actuator_degradation,0.75,actuator_degradation,actuator_degradation,diagnosed,Actuator performance degradation,66.0,0.92,2e8cd3392523c334ec2e4b79d69fc438bf9b7437b8bdae8cf095f6c4c4de625e,11.8284
holdout,8,1.32778,7,actuator_degradation,1.0,actuator_degradation,actuator_degradation,diagnosed,Actuator performance degradation,62.9,0.92,facb61aff4514e2791410716bfda48747aacc047695401f0cb9b7599ff172e87,11.949
holdout,8,1.32778,7,sensor_drift,0.0,normal,normal,normal,No actionable deviation,100.0,0.92,7f7a9047593fa7c3d47d020fd1b5ad13ab5567dea47fba2b6139aacd7df97529,11.7436
holdout,8,1.32778,7,sensor_drift,0.25,sensor_drift,normal,normal,No actionable deviation,98.6,0.92,476fdc06cfbaab0871e3d6ec4a1f34b0c460e0c13e22ad1b79b88583f8406642,11.7558
holdout,8,1.32778,7,sensor_drift,0.5,sensor_drift,sensor_drift,diagnosed,Position sensor drift / process inconsistency,97.1,0.65,9850f6c1ec2654cee822b007f6555f5dcbd1531204df44e39e27c8fc7c732b1f,12.3209
holdout,8,1.32778,7,sensor_drift,0.75,sensor_drift,sensor_drift,diagnosed,Position sensor drift / process inconsistency,95.7,0.67,96b94e9835241d5d038f2751c2c6a137ee2e19a6218511b250b489368d6e5b66,11.9087
holdout,8,1.32778,7,sensor_drift,1.0,sensor_drift,sensor_drift,diagnosed,Position sensor drift / process inconsistency,94.2,0.69,c5555e87e566c66c6e72d0b914a97ec6329104e2a6cf8ad1ba9049fc60cf7712,12.0015
holdout,8,1.32778,8,normal,0.0,normal,normal,normal,No actionable deviation,100.0,0.92,7aa7c674a6d80e870a150913e18d65ae863f8b8a1ef80960e155a1464ac44ef4,12.0376
holdout,8,1.32778,8,normal,0.25,normal,normal,normal,No actionable deviation,100.0,0.92,7aa7c674a6d80e870a150913e18d65ae863f8b8a1ef80960e155a1464ac44ef4,11.7243
holdout,8,1.32778,8,normal,0.5,normal,normal,normal,No actionable deviation,100.0,0.92,7aa7c674a6d80e870a150913e18d65ae863f8b8a1ef80960e155a1464ac44ef4,11.7577
holdout,8,1.32778,8,normal,0.75,normal,normal,normal,No actionable deviation,100.0,0.92,7aa7c674a6d80e870a150913e18d65ae863f8b8a1ef80960e155a1464ac44ef4,11.7522
holdout,8,1.32778,8,normal,1.0,normal,normal,normal,No actionable deviation,100.0,0.92,7aa7c674a6d80e870a150913e18d65ae863f8b8a1ef80960e155a1464ac44ef4,11.8964
holdout,8,1.32778,8,friction,0.0,normal,normal,normal,No actionable deviation,100.0,0.92,7aa7c674a6d80e870a150913e18d65ae863f8b8a1ef80960e155a1464ac44ef4,11.7124
holdout,8,1.32778,8,friction,0.25,friction,friction,diagnosed,Friction growth,92.0,0.68,868b768fa9acc33c28cffc3394cb1c1de7922c195f81f2414628d57757c98b95,11.7993
holdout,8,1.32778,8,friction,0.5,friction,friction,diagnosed,Friction growth,81.5,0.73,27cdcb95bffd4101ca6ecd54333d114d786cc476cd57dc281d187c0d2173c778,11.7959
holdout,8,1.32778,8,friction,0.75,friction,friction,diagnosed,Friction growth,70.1,0.78,a51eea380029b05de5ac54e465a8023b91b7b1200538bf85b30d5a7612d0854f,11.7932
holdout,8,1.32778,8,friction,1.0,friction,friction,diagnosed,Friction growth,59.6,0.84,3be7608e971496fd84ee50f69f0136cf01c5bcdc0dabd07e61016336b85e9b33,11.8177
holdout,8,1.32778,8,stiction,0.0,normal,normal,normal,No actionable deviation,100.0,0.92,7aa7c674a6d80e870a150913e18d65ae863f8b8a1ef80960e155a1464ac44ef4,12.1079
holdout,8,1.32778,8,stiction,0.25,stiction,stiction,diagnosed,Persistent localized stiction,41.4,0.92,aae961dd69e322e6b638596e27f2f5e4dc4325c9faa76f6bb17c4216717a3f73,12.1041
holdout,8,1.32778,8,stiction,0.5,stiction,stiction,diagnosed,Persistent localized stiction,39.1,0.92,0462a24822ef97f1bd3b73744fe907aaccf2295019e713ee515799fefdaaac33,11.8755
holdout,8,1.32778,8,stiction,0.75,stiction,stiction,diagnosed,Persistent localized stiction,38.0,0.92,d9a4ea1a7b941e500383f97503c44e88d957ab3c23a0615cf3450ff9f693a88d,12.0776
holdout,8,1.32778,8,stiction,1.0,stiction,stiction,diagnosed,Persistent localized stiction,37.4,0.92,b147349456487bfd933010c61707a3bfb6d89bbbe9c6c81aac5a781dce57a596,11.9374
holdout,8,1.32778,8,obstruction,0.0,normal,normal,normal,No actionable deviation,100.0,0.92,7aa7c674a6d80e870a150913e18d65ae863f8b8a1ef80960e155a1464ac44ef4,11.8766
holdout,8,1.32778,8,obstruction,0.25,obstruction,obstruction,diagnosed,Travel obstruction or persistent stiction,80.7,0.73,0b80e6fcd933bd349f8bad86972e9d5d5025462082e87c102c28cd27e0e88994,11.9657
holdout,8,1.32778,8,obstruction,0.5,obstruction,obstruction,diagnosed,Travel obstruction or persistent stiction,64.7,0.84,9d451897427a5bf07c18084b29ca677f8bfe7d65de1d064539b36479774ff10a,11.8027
holdout,8,1.32778,8,obstruction,0.75,obstruction,obstruction,diagnosed,Travel obstruction or persistent stiction,57.6,0.92,7a67772e74d90f21b00704cc2b7d7831fa3355533891590053c914712b578671,11.8816
holdout,8,1.32778,8,obstruction,1.0,obstruction,obstruction,diagnosed,Travel obstruction or persistent stiction,40.9,0.92,b98e93e68ceeaa0bffa8ac41253df8fd447830048458cc4c87936cd95df5a932,11.8701
holdout,8,1.32778,8,actuator_degradation,0.0,normal,normal,normal,No actionable deviation,100.0,0.92,7aa7c674a6d80e870a150913e18d65ae863f8b8a1ef80960e155a1464ac44ef4,12.2094
holdout,8,1.32778,8,actuator_degradation,0.25,actuator_degradation,sensor_drift,diagnosed,Position sensor drift / process inconsistency,93.4,0.68,45fff77ac864a01ca989539db4426224984663f1167b20cced4ea83226c4845c,11.9527
holdout,8,1.32778,8,actuator_degradation,0.5,actuator_degradation,actuator_degradation,diagnosed,Actuator performance degradation,77.6,0.81,8764f1ae378daf04c0153fdb120ff4f4882de34c682147e4ef3a4c17f2da191d,11.8285
holdout,8,1.32778,8,actuator_degradation,0.75,actuator_degradation,actuator_degradation,diagnosed,Actuator performance degradation,65.8,0.92,8875ccb91844875036d64121f4fdb89cc4f4140d9fed7d19e077aeebf8e44773,11.8934
holdout,8,1.32778,8,actuator_degradation,1.0,actuator_degradation,actuator_degradation,diagnosed,Actuator performance degradation,62.7,0.92,20e43da4d5d642e324df760b6ce3d7dc8f14a91f1c10acae9016ab296233b1de,11.892
holdout,8,1.32778,8,sensor_drift,0.0,normal,normal,normal,No actionable deviation,100.0,0.92,7aa7c674a6d80e870a150913e18d65ae863f8b8a1ef80960e155a1464ac44ef4,12.2314
holdout,8,1.32778,8,sensor_drift,0.25,sensor_drift,normal,normal,No actionable deviation,98.5,0.92,fd47cd22d86c4a637012baffb49ecb662b4582c685e6915fe0c5ec854f876829,12.2778
holdout,8,1.32778,8,sensor_drift,0.5,sensor_drift,sensor_drift,diagnosed,Position sensor drift / process inconsistency,96.9,0.65,53763c549377d268eb940c187e09b268189df2bfd995994aa765afc2d0fc5e14,12.3815
holdout,8,1.32778,8,sensor_drift,0.75,sensor_drift,sensor_drift,diagnosed,Position sensor drift / process inconsistency,95.5,0.67,2910b906e5a4202d49bb1bcdeda7d70363b89a338448944aef8e3e4081424a47,13.5859
holdout,8,1.32778,8,sensor_drift,1.0,sensor_drift,sensor_drift,diagnosed,Position sensor drift / process inconsistency,94.1,0.69,1d4f0976ee3a88dba5067962d4aeb6f2ecd19d1d0a48a9ad927f3734a826cfbc,13.116
holdout,8,1.32778,9,normal,0.0,normal,normal,normal,No actionable deviation,100.0,0.92,e9613c8ead49009e43706455e1c3c1d333342cb94f043aaaf60d9f683e67a2c0,12.122
holdout,8,1.32778,9,normal,0.25,normal,normal,normal,No actionable deviation,100.0,0.92,e9613c8ead49009e43706455e1c3c1d333342cb94f043aaaf60d9f683e67a2c0,12.076
holdout,8,1.32778,9,normal,0.5,normal,normal,normal,No actionable deviation,100.0,0.92,e9613c8ead49009e43706455e1c3c1d333342cb94f043aaaf60d9f683e67a2c0,12.1439
holdout,8,1.32778,9,normal,0.75,normal,normal,normal,No actionable deviation,100.0,0.92,e9613c8ead49009e43706455e1c3c1d333342cb94f043aaaf60d9f683e67a2c0,12.4205
holdout,8,1.32778,9,normal,1.0,normal,normal,normal,No actionable deviation,100.0,0.92,e9613c8ead49009e43706455e1c3c1d333342cb94f043aaaf60d9f683e67a2c0,12.0791
holdout,8,1.32778,9,friction,0.0,normal,normal,normal,No actionable deviation,100.0,0.92,e9613c8ead49009e43706455e1c3c1d333342cb94f043aaaf60d9f683e67a2c0,12.2266
holdout,8,1.32778,9,friction,0.25,friction,friction,diagnosed,Friction growth,92.0,0.68,64a848647d1c07fcd317f7a303822c3d4b161cc05ca92bdfed99397e402d0117,12.6686
holdout,8,1.32778,9,friction,0.5,friction,friction,diagnosed,Friction growth,81.2,0.73,af81bfe7e412d5aae60045fdf54cf7e77f66f07be0c3cc02345093a152d19a5b,12.0668
holdout,8,1.32778,9,friction,0.75,friction,friction,diagnosed,Friction growth,69.9,0.78,792755ac8361e03660f886221cf15cb031f848fa6261566fe5cc1635994a0094,12.6668
holdout,8,1.32778,9,friction,1.0,friction,friction,diagnosed,Friction growth,59.4,0.84,95785d61c49b2f729a5eed9866f9926aa2963d075ad7cc7284eda9e2d2731310,11.9561
holdout,8,1.32778,9,stiction,0.0,normal,normal,normal,No actionable deviation,100.0,0.92,e9613c8ead49009e43706455e1c3c1d333342cb94f043aaaf60d9f683e67a2c0,11.9523
holdout,8,1.32778,9,stiction,0.25,stiction,stiction,diagnosed,Persistent localized stiction,41.5,0.92,5a547120485fcd77141c35427d83b8df15a130de3d441cb7d4770b59f7db4dd5,11.8825
holdout,8,1.32778,9,stiction,0.5,stiction,stiction,diagnosed,Persistent localized stiction,39.2,0.92,4fb99c8aa3bda27667a00af7fe0239511986f233363ebb14007ca349b60879be,12.5205
holdout,8,1.32778,9,stiction,0.75,stiction,stiction,diagnosed,Persistent localized stiction,38.1,0.92,0ce2a71f8a46e1dcf026da16e9d7aeb75afdab34638d58a73894bec5ae57912e,12.93
holdout,8,1.32778,9,stiction,1.0,stiction,stiction,diagnosed,Persistent localized stiction,37.5,0.92,25501ddbacf9c0f578cad61c4fb9024e711fd4b0434a4d37d66c005466425a3a,12.7642
holdout,8,1.32778,9,obstruction,0.0,normal,normal,normal,No actionable deviation,100.0,0.92,e9613c8ead49009e43706455e1c3c1d333342cb94f043aaaf60d9f683e67a2c0,12.1775
holdout,8,1.32778,9,obstruction,0.25,obstruction,obstruction,diagnosed,Travel obstruction or persistent stiction,80.5,0.73,731c316e9c00b780e2379819fddbe69cc933ee8e0a466d4796e86955a48b9ff5,12.229
holdout,8,1.32778,9,obstruction,0.5,obstruction,obstruction,diagnosed,Travel obstruction or persistent stiction,64.4,0.84,b700a235a989cd4393b9c7be8fbab81c100b5ce161ff5880f82c15a9e0f6b206,12.1562
holdout,8,1.32778,9,obstruction,0.75,obstruction,obstruction,diagnosed,Travel obstruction or persistent stiction,53.0,0.92,980c5c1f17b64ce8f7c3dd476499e3685ecc7bf70b7fecf25717488064fd573a,12.0575
holdout,8,1.32778,9,obstruction,1.0,obstruction,obstruction,diagnosed,Travel obstruction or persistent stiction,40.5,0.92,82be856ae2906d248b7caf92264cda95fd9040143030a7259d5921d31021ae1e,11.9125
holdout,8,1.32778,9,actuator_degradation,0.0,normal,normal,normal,No actionable deviation,100.0,0.92,e9613c8ead49009e43706455e1c3c1d333342cb94f043aaaf60d9f683e67a2c0,11.8743
holdout,8,1.32778,9,actuator_degradation,0.25,actuator_degradation,sensor_drift,diagnosed,Position sensor drift / process inconsistency,93.3,0.68,00c62c9a3dadbb607fe334036183d0b47b215b051df94a34a9dd7488116e0041,11.8113
holdout,8,1.32778,9,actuator_degradation,0.5,actuator_degradation,actuator_degradation,diagnosed,Actuator performance degradation,77.5,0.81,cbda3db42507ecfccf38192a4a2658c7677816a2c173d91e857c42c890c603a0,11.8734
holdout,8,1.32778,9,actuator_degradation,0.75,actuator_degradation,actuator_degradation,diagnosed,Actuator performance degradation,65.8,0.92,dfb17d0b2a11b9dd57287211a33ede0ff04c7d3d6495fdfb50b727d2381cc6fb,12.167
holdout,8,1.32778,9,actuator_degradation,1.0,actuator_degradation,actuator_degradation,diagnosed,Actuator performance degradation,62.7,0.92,dbb5903d21bf2765565185c87e1869395467503cf49bede2affd4b158beae3fa,12.6765
holdout,8,1.32778,9,sensor_drift,0.0,normal,normal,normal,No actionable deviation,100.0,0.92,e9613c8ead49009e43706455e1c3c1d333342cb94f043aaaf60d9f683e67a2c0,12.2353
holdout,8,1.32778,9,sensor_drift,0.25,sensor_drift,normal,normal,No actionable deviation,98.6,0.92,56781661c83eb7ec3d8be63f07504f65c5606dfc2f8c1f1792a57989107655e8,12.1392
holdout,8,1.32778,9,sensor_drift,0.5,sensor_drift,sensor_drift,diagnosed,Position sensor drift / process inconsistency,97.1,0.65,629fec01c59d941e12ca3b5d824efbdeb115ca9f290dc8fdf3483c2cc4e078d2,13.4237
holdout,8,1.32778,9,sensor_drift,0.75,sensor_drift,sensor_drift,diagnosed,Position sensor drift / process inconsistency,95.7,0.67,c6f46642afdcdc5c8dcc04827694a36ad8203c4653193a1b696a11f366c39987,11.9469
holdout,8,1.32778,9,sensor_drift,1.0,sensor_drift,sensor_drift,diagnosed,Position sensor drift / process inconsistency,94.4,0.68,52066e11632ddc8435ece9edbc307a4cd5c6d9bfa31c23c38c1c65031030cc22,11.9845
holdout,9,1.4,0,normal,0.0,normal,normal,normal,No actionable deviation,100.0,0.92,110e6be63e27481c4afb0f3384e9f23996eff3d1ed11ed74afbbddcb1343eb14,12.2679
holdout,9,1.4,0,normal,0.25,normal,normal,normal,No actionable deviation,100.0,0.92,110e6be63e27481c4afb0f3384e9f23996eff3d1ed11ed74afbbddcb1343eb14,11.8227
holdout,9,1.4,0,normal,0.5,normal,normal,normal,No actionable deviation,100.0,0.92,110e6be63e27481c4afb0f3384e9f23996eff3d1ed11ed74afbbddcb1343eb14,12.0316
holdout,9,1.4,0,normal,0.75,normal,normal,normal,No actionable deviation,100.0,0.92,110e6be63e27481c4afb0f3384e9f23996eff3d1ed11ed74afbbddcb1343eb14,11.8869
holdout,9,1.4,0,normal,1.0,normal,normal,normal,No actionable deviation,100.0,0.92,110e6be63e27481c4afb0f3384e9f23996eff3d1ed11ed74afbbddcb1343eb14,11.8636
holdout,9,1.4,0,friction,0.0,normal,normal,normal,No actionable deviation,100.0,0.92,110e6be63e27481c4afb0f3384e9f23996eff3d1ed11ed74afbbddcb1343eb14,11.9653
holdout,9,1.4,0,friction,0.25,friction,friction,diagnosed,Friction growth,90.2,0.68,585a38f366255b31ae9e9c2c2580e7e4d43177ef75061bb76a967daffa56a05b,11.8327
holdout,9,1.4,0,friction,0.5,friction,friction,diagnosed,Friction growth,78.5,0.73,0c5a4c8db5371a8bb98413fb35c27c2c46548f7679d845a17b440bd85f3ebbe8,11.9451
holdout,9,1.4,0,friction,0.75,friction,friction,diagnosed,Friction growth,67.0,0.81,490999bff21552a63b333e0e85722199310f9151405a8dda273892dc57c56764,12.0475
holdout,9,1.4,0,friction,1.0,friction,friction,diagnosed,Friction growth,56.6,0.88,da51be900a7074d41259504ffccbc3b80e03bbd509d5ec02ffa096b8d4b3f93a,12.0761
holdout,9,1.4,0,stiction,0.0,normal,normal,normal,No actionable deviation,100.0,0.92,110e6be63e27481c4afb0f3384e9f23996eff3d1ed11ed74afbbddcb1343eb14,11.7006
holdout,9,1.4,0,stiction,0.25,stiction,stiction,diagnosed,Persistent localized stiction,42.3,0.92,61454142d07154ad9f49b163ee3d311ee2e35be75146a74fd34fbc9c44641a2a,12.5426
holdout,9,1.4,0,stiction,0.5,stiction,stiction,diagnosed,Persistent localized stiction,40.1,0.92,d898d04e196b7f2072eda75e7efb4d3b74b4d0282c73355c2c8badf12e34f4a8,11.9076
holdout,9,1.4,0,stiction,0.75,stiction,stiction,diagnosed,Persistent localized stiction,39.2,0.92,a951c32c9c9745edf635183973e316403243a8265e25fcca8c64c489efba9132,12.1053
holdout,9,1.4,0,stiction,1.0,stiction,stiction,diagnosed,Persistent localized stiction,38.5,0.92,776731c431d2091cfc965fd189edf02b387bcde4f54ebb5a15f784da7c7fb64d,11.7772
holdout,9,1.4,0,obstruction,0.0,normal,normal,normal,No actionable deviation,100.0,0.92,110e6be63e27481c4afb0f3384e9f23996eff3d1ed11ed74afbbddcb1343eb14,13.0186
holdout,9,1.4,0,obstruction,0.25,obstruction,obstruction,diagnosed,Travel obstruction or persistent stiction,83.3,0.73,45285bc14bf6dfd8d29f66d0f2765b0901cd63cb1679eecd97762e66681fb2b3,13.8014
holdout,9,1.4,0,obstruction,0.5,obstruction,obstruction,diagnosed,Travel obstruction or persistent stiction,69.1,0.84,f58f42994b07ba601a5b82f99de4d2fbeedc2778140287dcf572ee6d4c63b95a,13.3695
holdout,9,1.4,0,obstruction,0.75,obstruction,obstruction,diagnosed,Travel obstruction or persistent stiction,60.1,0.92,ea3557d71a8675459018dcdc0808f8587762e9d8b127b499c33e498ad3a4c71a,12.353
holdout,9,1.4,0,obstruction,1.0,obstruction,obstruction,diagnosed,Travel obstruction or persistent stiction,43.3,0.92,02125367e28ce980abf1241972dcf3ff4998a94d61298ec49952623b9aa2503c,12.5159
holdout,9,1.4,0,actuator_degradation,0.0,normal,normal,normal,No actionable deviation,100.0,0.92,110e6be63e27481c4afb0f3384e9f23996eff3d1ed11ed74afbbddcb1343eb14,13.4666
holdout,9,1.4,0,actuator_degradation,0.25,actuator_degradation,actuator_degradation,diagnosed,Actuator performance degradation,91.0,0.69,c6475d1e30a5d3f939ac6fa399a3e2c6ff9b3a96fbb1f5886b44c301bc984bb9,13.7636
holdout,9,1.4,0,actuator_degradation,0.5,actuator_degradation,actuator_degradation,diagnosed,Actuator performance degradation,75.2,0.85,e1a565a50e2b19d64f50ac4a96249d1e1f46d9c381ff36a0a1059800e4b7b658,13.4389
holdout,9,1.4,0,actuator_degradation,0.75,actuator_degradation,actuator_degradation,diagnosed,Actuator performance degradation,65.5,0.92,163f10d47bb5decd59175a12d56172dc3704d32268800f479365dfcf1e2886ac,12.1463
holdout,9,1.4,0,actuator_degradation,1.0,actuator_degradation,actuator_degradation,diagnosed,Actuator performance degradation,63.8,0.92,2d0b559bcb937f038be8e81e1071801d311945f0ea85a5cc8a1cd305998cbb18,12.1616
holdout,9,1.4,0,sensor_drift,0.0,normal,normal,normal,No actionable deviation,100.0,0.92,110e6be63e27481c4afb0f3384e9f23996eff3d1ed11ed74afbbddcb1343eb14,12.5343
holdout,9,1.4,0,sensor_drift,0.25,sensor_drift,normal,normal,No actionable deviation,99.0,0.92,7d83d210907bc6f05fd33acdfcb81437430bfd5658e52826a4935461db50e0ba,12.8762
holdout,9,1.4,0,sensor_drift,0.5,sensor_drift,sensor_drift,diagnosed,Position sensor drift / process inconsistency,97.4,0.65,0ae78321a465b7d4919c48419329d36fbd0311251c1511fcd5529c162972066d,12.3382
holdout,9,1.4,0,sensor_drift,0.75,sensor_drift,sensor_drift,diagnosed,Position sensor drift / process inconsistency,95.8,0.67,c90ba08b0cf78fa096f0a92dda02dcfbb6bc3028b69f3fe5d5472ccd28db0ccc,12.5479
holdout,9,1.4,0,sensor_drift,1.0,sensor_drift,sensor_drift,diagnosed,Position sensor drift / process inconsistency,94.4,0.68,d43b5c17bae26e50a369b8c89e23c00f40d92cfc20bba2515559796a86b22453,13.3611
holdout,9,1.4,1,normal,0.0,normal,normal,normal,No actionable deviation,100.0,0.92,d91268e26e737a7d54b398c78195a9f49cbaeff01be57cfc28a30ad0b9833b8e,14.6669
holdout,9,1.4,1,normal,0.25,normal,normal,normal,No actionable deviation,100.0,0.92,d91268e26e737a7d54b398c78195a9f49cbaeff01be57cfc28a30ad0b9833b8e,13.8238
holdout,9,1.4,1,normal,0.5,normal,normal,normal,No actionable deviation,100.0,0.92,d91268e26e737a7d54b398c78195a9f49cbaeff01be57cfc28a30ad0b9833b8e,12.579
holdout,9,1.4,1,normal,0.75,normal,normal,normal,No actionable deviation,100.0,0.92,d91268e26e737a7d54b398c78195a9f49cbaeff01be57cfc28a30ad0b9833b8e,13.4825
holdout,9,1.4,1,normal,1.0,normal,normal,normal,No actionable deviation,100.0,0.92,d91268e26e737a7d54b398c78195a9f49cbaeff01be57cfc28a30ad0b9833b8e,12.6314
holdout,9,1.4,1,friction,0.0,normal,normal,normal,No actionable deviation,100.0,0.92,d91268e26e737a7d54b398c78195a9f49cbaeff01be57cfc28a30ad0b9833b8e,12.1312
holdout,9,1.4,1,friction,0.25,friction,friction,diagnosed,Friction growth,90.3,0.68,0d5c26b4180257b43d0aaddd97c4ffe8f736e68613f6b33ae5f0994f189891f3,13.2696
holdout,9,1.4,1,friction,0.5,friction,friction,diagnosed,Friction growth,78.8,0.73,9a4b1aa1f9c9149295ced13b003d1769f5e523605a7766e79164d8fabca7e7a5,13.9965
holdout,9,1.4,1,friction,0.75,friction,friction,diagnosed,Friction growth,67.3,0.81,e174ec6eadcf7f64721f1315945a0a79e6cd4e4c0bbd639edebe86b7a142f62a,13.1361
holdout,9,1.4,1,friction,1.0,friction,friction,diagnosed,Friction growth,56.9,0.88,aa87f79c8bceac58fc420368ff24c591e00f81f3f3a831b473e10e7d13d8ac90,13.9494
holdout,9,1.4,1,stiction,0.0,normal,normal,normal,No actionable deviation,100.0,0.92,d91268e26e737a7d54b398c78195a9f49cbaeff01be57cfc28a30ad0b9833b8e,14.2201
holdout,9,1.4,1,stiction,0.25,stiction,stiction,diagnosed,Persistent localized stiction,42.3,0.92,a65de04807768888f1cf184111115b39448bdcf10da75eea62d3b1f59a2d3939,13.4721
holdout,9,1.4,1,stiction,0.5,stiction,stiction,diagnosed,Persistent localized stiction,40.1,0.92,f33a29381f6b5f701e3f6a79d6c6cc3e9d7d27fc20ecb7eb85d0d4f39f0f1ff4,13.1439
holdout,9,1.4,1,stiction,0.75,stiction,stiction,diagnosed,Persistent localized stiction,39.2,0.92,6914eba724a6ddebc1232cb498325c06fd0f8964217e6a956fbe7c8c8ea96e07,13.777
holdout,9,1.4,1,stiction,1.0,stiction,stiction,diagnosed,Persistent localized stiction,38.5,0.92,e0b87bfc32ca2d6b4ceb2a1617289ff997b3f402a7baf9aad5bef7c0b2d984c2,13.8403
holdout,9,1.4,1,obstruction,0.0,normal,normal,normal,No actionable deviation,100.0,0.92,d91268e26e737a7d54b398c78195a9f49cbaeff01be57cfc28a30ad0b9833b8e,13.8003
holdout,9,1.4,1,obstruction,0.25,obstruction,obstruction,diagnosed,Travel obstruction or persistent stiction,83.1,0.73,4cdcb5687171a4ff20cc6abaa78f3ae8fa5302a91c0a43a96da35a0330272753,14.5584
holdout,9,1.4,1,obstruction,0.5,obstruction,obstruction,diagnosed,Travel obstruction or persistent stiction,69.1,0.84,c96453a99201f8876ce8e93ea0c19d030340fdce9ae8ff2709bf31b71606e12f,14.9285
holdout,9,1.4,1,obstruction,0.75,obstruction,obstruction,diagnosed,Travel obstruction or persistent stiction,59.5,0.92,8cd43e04e33d59f051dc20e532e15f28ba680cb0b608eacd4e5bfb8f00fddea7,15.3782
holdout,9,1.4,1,obstruction,1.0,obstruction,obstruction,diagnosed,Travel obstruction or persistent stiction,43.4,0.92,134ab19628b26f1c3e2b0dd3d3ba8a3c7de4d2f8821b1a0171855b8c77d5e20e,15.1756
holdout,9,1.4,1,actuator_degradation,0.0,normal,normal,normal,No actionable deviation,100.0,0.92,d91268e26e737a7d54b398c78195a9f49cbaeff01be57cfc28a30ad0b9833b8e,15.8924
holdout,9,1.4,1,actuator_degradation,0.25,actuator_degradation,actuator_degradation,diagnosed,Actuator performance degradation,91.1,0.69,d9c712fa4fc8f4ad935ec045de93a272ad514d84675abd89f268702f762e02e3,13.2958
holdout,9,1.4,1,actuator_degradation,0.5,actuator_degradation,actuator_degradation,diagnosed,Actuator performance degradation,75.4,0.85,002dceb47d109e1d5ad6b8e3b6e2d1904edf8cc8bcb4a3852c1dbf7c9465a922,13.762
holdout,9,1.4,1,actuator_degradation,0.75,actuator_degradation,actuator_degradation,diagnosed,Actuator performance degradation,65.6,0.92,196be84be0f64ab2a11e3acca219855dc4905b535bc97c7677640f2a22d3222e,15.2431
holdout,9,1.4,1,actuator_degradation,1.0,actuator_degradation,actuator_degradation,diagnosed,Actuator performance degradation,63.9,0.92,1b33382a77a6dc78ab6d6f56e2e40b6a24b3d046d38a60b25f269b07f0a34e32,16.8534
holdout,9,1.4,1,sensor_drift,0.0,normal,normal,normal,No actionable deviation,100.0,0.92,d91268e26e737a7d54b398c78195a9f49cbaeff01be57cfc28a30ad0b9833b8e,14.4858
holdout,9,1.4,1,sensor_drift,0.25,sensor_drift,normal,normal,No actionable deviation,98.7,0.92,c61a9c3767c4a29290de12bf6096d13a15fc2ca3a11f2af5b9e3218480814765,12.615
holdout,9,1.4,1,sensor_drift,0.5,sensor_drift,sensor_drift,diagnosed,Position sensor drift / process inconsistency,97.0,0.65,c5820c47f67f5f2c3dbd955bf1999993602924f48a45710f08647ed0786a4794,12.3742
holdout,9,1.4,1,sensor_drift,0.75,sensor_drift,sensor_drift,diagnosed,Position sensor drift / process inconsistency,95.5,0.67,2735f0f58e6d8530719dbc72fdea44ac61b521850074ce47425ef1d1eca24b68,15.2144
holdout,9,1.4,1,sensor_drift,1.0,sensor_drift,sensor_drift,diagnosed,Position sensor drift / process inconsistency,94.0,0.69,f047cc839d9b13c592f846d922dfb88edce58d225cb11803d936e6d72c65141d,13.2611
holdout,9,1.4,2,normal,0.0,normal,normal,normal,No actionable deviation,100.0,0.92,e183e44f2f92a8ac5d8c57db156e0cd9df0ab587cda5908e7a2e68f20cf05ef4,12.9213
holdout,9,1.4,2,normal,0.25,normal,normal,normal,No actionable deviation,100.0,0.92,e183e44f2f92a8ac5d8c57db156e0cd9df0ab587cda5908e7a2e68f20cf05ef4,13.4987
holdout,9,1.4,2,normal,0.5,normal,normal,normal,No actionable deviation,100.0,0.92,e183e44f2f92a8ac5d8c57db156e0cd9df0ab587cda5908e7a2e68f20cf05ef4,12.5532
holdout,9,1.4,2,normal,0.75,normal,normal,normal,No actionable deviation,100.0,0.92,e183e44f2f92a8ac5d8c57db156e0cd9df0ab587cda5908e7a2e68f20cf05ef4,12.7949
holdout,9,1.4,2,normal,1.0,normal,normal,normal,No actionable deviation,100.0,0.92,e183e44f2f92a8ac5d8c57db156e0cd9df0ab587cda5908e7a2e68f20cf05ef4,13.2058
holdout,9,1.4,2,friction,0.0,normal,normal,normal,No actionable deviation,100.0,0.92,e183e44f2f92a8ac5d8c57db156e0cd9df0ab587cda5908e7a2e68f20cf05ef4,12.9017
holdout,9,1.4,2,friction,0.25,friction,friction,diagnosed,Friction growth,90.6,0.68,63881d735af20d6e24f8238bdafd1d78a21557d4b1fe684b9dba9c7690dba285,12.5071
holdout,9,1.4,2,friction,0.5,friction,friction,diagnosed,Friction growth,78.7,0.73,064d1fdfce02e2661f9556988326292b000b9f6d8225096c1c946abaf5f9aae4,13.2434
holdout,9,1.4,2,friction,0.75,friction,friction,diagnosed,Friction growth,67.0,0.81,42fcac78a619dabc9a1c7dbea099373a279e7bf213a7ec60b2f3788eab47225a,13.6528
holdout,9,1.4,2,friction,1.0,friction,friction,diagnosed,Friction growth,56.7,0.88,8c47da8875bc82f4f5869de80474324904e9dd5832dd487e44e60140765403bb,13.1989
holdout,9,1.4,2,stiction,0.0,normal,normal,normal,No actionable deviation,100.0,0.92,e183e44f2f92a8ac5d8c57db156e0cd9df0ab587cda5908e7a2e68f20cf05ef4,13.503
holdout,9,1.4,2,stiction,0.25,stiction,stiction,diagnosed,Persistent localized stiction,42.5,0.92,fc962fe71740a20ccf49c50831978f0807ada618f06ad079780de6d92d6cd9f7,13.5463
holdout,9,1.4,2,stiction,0.5,stiction,stiction,diagnosed,Persistent localized stiction,40.4,0.92,eae8f1483c15402e53db01ac1c996fd32019438ced1fe29339c67255ee811a8e,14.0224
holdout,9,1.4,2,stiction,0.75,stiction,stiction,diagnosed,Persistent localized stiction,39.4,0.92,815d8a1fca7bb38bc13d128d3693f4d6284e6b6a3c2a1eda31376bfa4c4d6d25,12.9202
holdout,9,1.4,2,stiction,1.0,stiction,stiction,diagnosed,Persistent localized stiction,38.6,0.92,74facbc37bb8e25a7ad5bc666a46a74cb0329ab1009d4daa85e1ff957a96f4f2,17.3802
holdout,9,1.4,2,obstruction,0.0,normal,normal,normal,No actionable deviation,100.0,0.92,e183e44f2f92a8ac5d8c57db156e0cd9df0ab587cda5908e7a2e68f20cf05ef4,13.674
holdout,9,1.4,2,obstruction,0.25,obstruction,obstruction,diagnosed,Travel obstruction or persistent stiction,83.5,0.73,27c778ea8b60f545a8b8e7dd22aa62f85eb6effcbd39aff930049b4f0a6e622f,12.3715
holdout,9,1.4,2,obstruction,0.5,obstruction,obstruction,diagnosed,Travel obstruction or persistent stiction,69.3,0.84,0746a00c7a76a860fd518e670a9cfcbd21fd4ee2031b43dac3fadc5eade25feb,13.0239
holdout,9,1.4,2,obstruction,0.75,obstruction,obstruction,diagnosed,Travel obstruction or persistent stiction,60.2,0.92,23fd00c1f3424bb45f6ffad8746888ff09013bdea0ca02d112368cb516a1c5cc,12.4473
holdout,9,1.4,2,obstruction,1.0,obstruction,obstruction,diagnosed,Travel obstruction or persistent stiction,43.7,0.92,c065fb5386486e8862b69e93134309a413301fb7435dac8cf37cbb1bc1dee451,12.4467
holdout,9,1.4,2,actuator_degradation,0.0,normal,normal,normal,No actionable deviation,100.0,0.92,e183e44f2f92a8ac5d8c57db156e0cd9df0ab587cda5908e7a2e68f20cf05ef4,12.4469
holdout,9,1.4,2,actuator_degradation,0.25,actuator_degradation,actuator_degradation,diagnosed,Actuator performance degradation,91.2,0.69,cb1590ef9b95f8f74145143c718b72e6b9afcdcd8ae81fd0bfd54c81bdb1cf91,12.8688
holdout,9,1.4,2,actuator_degradation,0.5,actuator_degradation,actuator_degradation,diagnosed,Actuator performance degradation,75.4,0.85,8a4eb45da9164d173e7058608797e92da596be58f94dd9bce866f30999db05f4,12.4082
holdout,9,1.4,2,actuator_degradation,0.75,actuator_degradation,actuator_degradation,diagnosed,Actuator performance degradation,66.0,0.92,2cfc76584e760cdf08f60a0008d496c4fcc6a10e3e30b76668dc6e4496529683,12.4936
holdout,9,1.4,2,actuator_degradation,1.0,actuator_degradation,actuator_degradation,diagnosed,Actuator performance degradation,64.1,0.92,79e6a1a5ffd07b1f00d96163c8859633b0d47602cb0693fea953622257f8ab29,13.0286
holdout,9,1.4,2,sensor_drift,0.0,normal,normal,normal,No actionable deviation,100.0,0.92,e183e44f2f92a8ac5d8c57db156e0cd9df0ab587cda5908e7a2e68f20cf05ef4,12.504
holdout,9,1.4,2,sensor_drift,0.25,sensor_drift,normal,normal,No actionable deviation,99.1,0.92,7f1743409bb1513f8624adf4bc691d21e989b6c4b1bc6798bb9cc77eb20642f7,12.6953
holdout,9,1.4,2,sensor_drift,0.5,sensor_drift,sensor_drift,diagnosed,Position sensor drift / process inconsistency,97.5,0.65,b363b02482dcfeb49d1b703d65c759083c0dc54a58b39678d60b7aa6d50e2ed9,12.7614
holdout,9,1.4,2,sensor_drift,0.75,sensor_drift,sensor_drift,diagnosed,Position sensor drift / process inconsistency,96.1,0.66,9673c2c37c4db665ea3a4bbe5f3ce3926c0d1d1dd2f1357795c0db55c139b26b,12.2364
holdout,9,1.4,2,sensor_drift,1.0,sensor_drift,sensor_drift,diagnosed,Position sensor drift / process inconsistency,94.5,0.68,b3a6ac38c314f48e8fd2dbd1fbd59cd8d65962612978f667faac43f0abb2ac76,12.2388
holdout,9,1.4,3,normal,0.0,normal,normal,normal,No actionable deviation,100.0,0.92,e31ce565392897ba6f395ff3695204cae0f2cdf90c29b49d89d7436ecf5539ee,12.1714
holdout,9,1.4,3,normal,0.25,normal,normal,normal,No actionable deviation,100.0,0.92,e31ce565392897ba6f395ff3695204cae0f2cdf90c29b49d89d7436ecf5539ee,12.4138
holdout,9,1.4,3,normal,0.5,normal,normal,normal,No actionable deviation,100.0,0.92,e31ce565392897ba6f395ff3695204cae0f2cdf90c29b49d89d7436ecf5539ee,12.0168
holdout,9,1.4,3,normal,0.75,normal,normal,normal,No actionable deviation,100.0,0.92,e31ce565392897ba6f395ff3695204cae0f2cdf90c29b49d89d7436ecf5539ee,12.455
holdout,9,1.4,3,normal,1.0,normal,normal,normal,No actionable deviation,100.0,0.92,e31ce565392897ba6f395ff3695204cae0f2cdf90c29b49d89d7436ecf5539ee,11.9961
holdout,9,1.4,3,friction,0.0,normal,normal,normal,No actionable deviation,100.0,0.92,e31ce565392897ba6f395ff3695204cae0f2cdf90c29b49d89d7436ecf5539ee,12.8707
holdout,9,1.4,3,friction,0.25,friction,friction,diagnosed,Friction growth,90.4,0.68,05cd2cb131e133f828b922a3e2f6d4cbfcf61debc784c9f6cfc8e44ece57a39e,11.9311
holdout,9,1.4,3,friction,0.5,friction,friction,diagnosed,Friction growth,78.5,0.73,b6dc2be0406f146b63c5df00ee0d977ebf59b823bec2e186dffc13ee98cd7c4c,12.032
holdout,9,1.4,3,friction,0.75,friction,friction,diagnosed,Friction growth,66.8,0.81,ff44ea128cc5665fb0077f8ad1f399e3d8bd2cf29f225898065d805c21a2ebb6,12.4013
holdout,9,1.4,3,friction,1.0,friction,friction,diagnosed,Friction growth,56.6,0.88,6c416ef4f3e9f6cc30591c2e046206216c545a96f7c5e54406135414e0f2bf41,12.0273
holdout,9,1.4,3,stiction,0.0,normal,normal,normal,No actionable deviation,100.0,0.92,e31ce565392897ba6f395ff3695204cae0f2cdf90c29b49d89d7436ecf5539ee,11.9684
holdout,9,1.4,3,stiction,0.25,stiction,stiction,diagnosed,Persistent localized stiction,42.3,0.92,774dfcd0e74511f6a1720f48de2e1982599efa8219544afa9e053da2699c442d,12.0898
holdout,9,1.4,3,stiction,0.5,stiction,stiction,diagnosed,Persistent localized stiction,40.1,0.92,ae83266acad17fb0c4016176f3fc6f1a0e44ed51063128edfb8f36dbe9fa57cb,12.3728
holdout,9,1.4,3,stiction,0.75,stiction,stiction,diagnosed,Persistent localized stiction,39.2,0.92,3c12bd4aa2339781c39b8eddc01e11471c48888482479be7fe9e4df45b763c40,12.4748
holdout,9,1.4,3,stiction,1.0,stiction,stiction,diagnosed,Persistent localized stiction,38.4,0.92,c89a2a591bb0906694831b31060e2fee9be6fd53b6c09b8533a58146af634542,12.3224
holdout,9,1.4,3,obstruction,0.0,normal,normal,normal,No actionable deviation,100.0,0.92,e31ce565392897ba6f395ff3695204cae0f2cdf90c29b49d89d7436ecf5539ee,12.0573
holdout,9,1.4,3,obstruction,0.25,obstruction,obstruction,diagnosed,Travel obstruction or persistent stiction,83.2,0.73,af10321b434bcb1eb22c129f5aa1a18384b8637cf5a4265ab7059b6a12eeac88,12.0382
holdout,9,1.4,3,obstruction,0.5,obstruction,obstruction,diagnosed,Travel obstruction or persistent stiction,69.1,0.84,11e73ad12776758da91efe151437e3c89a2e0625e9f03414d5bab5c138b50dc5,12.0183
holdout,9,1.4,3,obstruction,0.75,obstruction,obstruction,diagnosed,Travel obstruction or persistent stiction,53.1,0.92,544d0d873b726496a3ddbee4eea71e7e0f3c4b777e44ea86bb54b236d4e54560,12.2038
holdout,9,1.4,3,obstruction,1.0,obstruction,obstruction,diagnosed,Travel obstruction or persistent stiction,43.3,0.92,7dc9e843bc4ff1d60fd2a47630a24627bb16dd0f39ef6691c12d07b16240b163,11.7411
holdout,9,1.4,3,actuator_degradation,0.0,normal,normal,normal,No actionable deviation,100.0,0.92,e31ce565392897ba6f395ff3695204cae0f2cdf90c29b49d89d7436ecf5539ee,11.9934
holdout,9,1.4,3,actuator_degradation,0.25,actuator_degradation,actuator_degradation,diagnosed,Actuator performance degradation,91.2,0.69,d9611b07108485b80a577ca14b2cf45d3907795a4d10a8cc7ca7545b34bcd965,11.9423
holdout,9,1.4,3,actuator_degradation,0.5,actuator_degradation,actuator_degradation,diagnosed,Actuator performance degradation,75.2,0.85,1690ee2821b2d44550c628cc0da599898c9c91c347cc997eed803a109d9393cd,12.0581
holdout,9,1.4,3,actuator_degradation,0.75,actuator_degradation,actuator_degradation,diagnosed,Actuator performance degradation,65.6,0.92,8633f4b7baa3dc1889724dcacd51b20360e69c8fee976088fa42e23440f822cc,12.6909
holdout,9,1.4,3,actuator_degradation,1.0,actuator_degradation,actuator_degradation,diagnosed,Actuator performance degradation,63.9,0.92,592d0c05e123069cccc948690160f1340509ce39cdfee6fcc089c1bd5f6b07be,12.6199
holdout,9,1.4,3,sensor_drift,0.0,normal,normal,normal,No actionable deviation,100.0,0.92,e31ce565392897ba6f395ff3695204cae0f2cdf90c29b49d89d7436ecf5539ee,12.9117
holdout,9,1.4,3,sensor_drift,0.25,sensor_drift,normal,normal,No actionable deviation,99.0,0.92,53d54586b2104e3fedf81ff2240f5b05d6ced63f19d27dec0b895a20183ab2f6,11.9615
holdout,9,1.4,3,sensor_drift,0.5,sensor_drift,sensor_drift,diagnosed,Position sensor drift / process inconsistency,97.3,0.65,9ad431baca138cbd2aea18a62a85ea500ea1bc01ff6f483cd9e7df102334af13,11.9089
holdout,9,1.4,3,sensor_drift,0.75,sensor_drift,sensor_drift,diagnosed,Position sensor drift / process inconsistency,95.9,0.66,ffc68337310d24952e007c2d0a6c3e37e1d8283b0c582420974d3e16a76ad606,11.7529
holdout,9,1.4,3,sensor_drift,1.0,sensor_drift,sensor_drift,diagnosed,Position sensor drift / process inconsistency,94.4,0.68,7a702d52acaff078acbff25d450e0dca106b1fe6a920629991822be8d7b134f2,12.0269
holdout,9,1.4,4,normal,0.0,normal,normal,normal,No actionable deviation,100.0,0.92,4b165a3b5c043e08315220a3dc0cd8a4eddbe4f7a5dc15bd1f1c7bb5aca03264,12.2018
holdout,9,1.4,4,normal,0.25,normal,normal,normal,No actionable deviation,100.0,0.92,4b165a3b5c043e08315220a3dc0cd8a4eddbe4f7a5dc15bd1f1c7bb5aca03264,11.7479
holdout,9,1.4,4,normal,0.5,normal,normal,normal,No actionable deviation,100.0,0.92,4b165a3b5c043e08315220a3dc0cd8a4eddbe4f7a5dc15bd1f1c7bb5aca03264,12.0499
holdout,9,1.4,4,normal,0.75,normal,normal,normal,No actionable deviation,100.0,0.92,4b165a3b5c043e08315220a3dc0cd8a4eddbe4f7a5dc15bd1f1c7bb5aca03264,11.9788
holdout,9,1.4,4,normal,1.0,normal,normal,normal,No actionable deviation,100.0,0.92,4b165a3b5c043e08315220a3dc0cd8a4eddbe4f7a5dc15bd1f1c7bb5aca03264,12.0269
holdout,9,1.4,4,friction,0.0,normal,normal,normal,No actionable deviation,100.0,0.92,4b165a3b5c043e08315220a3dc0cd8a4eddbe4f7a5dc15bd1f1c7bb5aca03264,12.3428
holdout,9,1.4,4,friction,0.25,friction,friction,diagnosed,Friction growth,90.4,0.68,502a5a8bb5602e6ed6306365b4f11d1ab1df44c8ce787f0fd317cff3dfbe624f,11.9358
holdout,9,1.4,4,friction,0.5,friction,friction,diagnosed,Friction growth,78.5,0.73,f06ccee07c517fe28b59174917bb1101b3a027a93bf1dcb37159fcd8484e729a,11.9749
holdout,9,1.4,4,friction,0.75,friction,friction,diagnosed,Friction growth,66.8,0.81,3d3d997a91ee0ddbc9f4497bff63d21754f65a3e40560446f85904bff6581cfc,12.2403
holdout,9,1.4,4,friction,1.0,friction,friction,diagnosed,Friction growth,56.5,0.88,b26e9b632777f518b3fd95ad8aaa243983ebaf606a37cb6a09b97f7531d9ca0b,11.929
holdout,9,1.4,4,stiction,0.0,normal,normal,normal,No actionable deviation,100.0,0.92,4b165a3b5c043e08315220a3dc0cd8a4eddbe4f7a5dc15bd1f1c7bb5aca03264,11.9164
holdout,9,1.4,4,stiction,0.25,stiction,stiction,diagnosed,Persistent localized stiction,42.3,0.92,f1a93d7b55ad61b98d836eccc8f2080ee4454f97ae2b70d4fea4709aecd896c6,12.5829
holdout,9,1.4,4,stiction,0.5,stiction,stiction,diagnosed,Persistent localized stiction,40.1,0.92,1c81661183876cb18b586899e411d3192b0467578d02bf5303fbd4e6a707f12c,13.1712
holdout,9,1.4,4,stiction,0.75,stiction,stiction,diagnosed,Persistent localized stiction,39.2,0.92,67c5f0737e71df39e1efec74ceed3a4f2383df7a7a47ca3ed0d5256f443b1b68,12.9411
holdout,9,1.4,4,stiction,1.0,stiction,stiction,diagnosed,Persistent localized stiction,38.5,0.92,399a6d56b356312c58f44ca8bf1b0e5d1f30c3103d0758fd6c9044d3e904820f,11.8528
holdout,9,1.4,4,obstruction,0.0,normal,normal,normal,No actionable deviation,100.0,0.92,4b165a3b5c043e08315220a3dc0cd8a4eddbe4f7a5dc15bd1f1c7bb5aca03264,11.7496
holdout,9,1.4,4,obstruction,0.25,obstruction,obstruction,diagnosed,Travel obstruction or persistent stiction,83.4,0.73,07ae881dff97888fa41aa68eba53e29cb0b9d19c0beee777c3e69692a154c385,11.7528
holdout,9,1.4,4,obstruction,0.5,obstruction,obstruction,diagnosed,Travel obstruction or persistent stiction,69.3,0.84,db2d38b226ceaa67b444be29797cf991b1f1438c599c88fa62abee617a1fc26a,11.8068
holdout,9,1.4,4,obstruction,0.75,obstruction,obstruction,diagnosed,Travel obstruction or persistent stiction,53.1,0.92,de3e434f2d0b182efb3078dbab0b60e8d431bcda14bdb880024f892163b26112,13.2331
holdout,9,1.4,4,obstruction,1.0,obstruction,obstruction,diagnosed,Travel obstruction or persistent stiction,43.6,0.92,928eff7d03bca3b470bec7327ceea1cf536edf280de3c9244877bd403a38f006,11.7565
holdout,9,1.4,4,actuator_degradation,0.0,normal,normal,normal,No actionable deviation,100.0,0.92,4b165a3b5c043e08315220a3dc0cd8a4eddbe4f7a5dc15bd1f1c7bb5aca03264,11.8166
holdout,9,1.4,4,actuator_degradation,0.25,actuator_degradation,actuator_degradation,diagnosed,Actuator performance degradation,91.2,0.69,247d99a2075ff532699a8c918d185b46da3845faf469d8473ef15bc9d042eca8,12.7278
holdout,9,1.4,4,actuator_degradation,0.5,actuator_degradation,actuator_degradation,diagnosed,Actuator performance degradation,75.1,0.85,e1a9d79ec0df1cb41d3ef9685167a42a02c76bfcb1a5fca5feb67488b3405d00,12.1213
holdout,9,1.4,4,actuator_degradation,0.75,actuator_degradation,actuator_degradation,diagnosed,Actuator performance degradation,65.8,0.92,93282b57ae9e817b52c3633872fcfb633a6e965920fdf58c7a1dc36a3c2c48d9,11.9567
holdout,9,1.4,4,actuator_degradation,1.0,actuator_degradation,actuator_degradation,diagnosed,Actuator performance degradation,63.9,0.92,16fb94b93d708ecb697531a893a40dc0ffbc4ff87318d33a8a13c8e315cd65e1,12.0614
holdout,9,1.4,4,sensor_drift,0.0,normal,normal,normal,No actionable deviation,100.0,0.92,4b165a3b5c043e08315220a3dc0cd8a4eddbe4f7a5dc15bd1f1c7bb5aca03264,12.0023
holdout,9,1.4,4,sensor_drift,0.25,sensor_drift,normal,normal,No actionable deviation,99.4,0.92,35be42603ac0e99625e899870bba10010628076a0133f88fad6ce7b13f5d9856,11.8583
holdout,9,1.4,4,sensor_drift,0.5,sensor_drift,normal,normal,No actionable deviation,97.8,0.92,699363b203f85baaf3cfee5fdd8531093875513687b92b86b9d961dc4a8f9a4d,11.9599
holdout,9,1.4,4,sensor_drift,0.75,sensor_drift,sensor_drift,diagnosed,Position sensor drift / process inconsistency,96.3,0.66,fa5df194068e01da3e4ef962b9323b4ce18c23fa18d297b659dfd48cf48e1898,11.976
holdout,9,1.4,4,sensor_drift,1.0,sensor_drift,sensor_drift,diagnosed,Position sensor drift / process inconsistency,94.8,0.68,555a5ccb60be239aa5fe8a2b2691934a8ada63c729ced16b106c4e0ee38a69fc,12.2979
holdout,9,1.4,5,normal,0.0,normal,normal,normal,No actionable deviation,100.0,0.92,1ba6728695aef57185f6374f18b8aee9ecd463bf2c72c974c2bce8c384361fac,11.8429
holdout,9,1.4,5,normal,0.25,normal,normal,normal,No actionable deviation,100.0,0.92,1ba6728695aef57185f6374f18b8aee9ecd463bf2c72c974c2bce8c384361fac,11.8478
holdout,9,1.4,5,normal,0.5,normal,normal,normal,No actionable deviation,100.0,0.92,1ba6728695aef57185f6374f18b8aee9ecd463bf2c72c974c2bce8c384361fac,11.9442
holdout,9,1.4,5,normal,0.75,normal,normal,normal,No actionable deviation,100.0,0.92,1ba6728695aef57185f6374f18b8aee9ecd463bf2c72c974c2bce8c384361fac,11.9008
holdout,9,1.4,5,normal,1.0,normal,normal,normal,No actionable deviation,100.0,0.92,1ba6728695aef57185f6374f18b8aee9ecd463bf2c72c974c2bce8c384361fac,12.3417
holdout,9,1.4,5,friction,0.0,normal,normal,normal,No actionable deviation,100.0,0.92,1ba6728695aef57185f6374f18b8aee9ecd463bf2c72c974c2bce8c384361fac,11.8413
holdout,9,1.4,5,friction,0.25,friction,friction,diagnosed,Friction growth,90.4,0.68,461ce66a014d96d156d4b55a0c8a601d344046f80cb9a4fd9d097d8e268ca216,12.0143
holdout,9,1.4,5,friction,0.5,friction,friction,diagnosed,Friction growth,78.6,0.73,39af3264ba67155b74dc2459fd51f8e7fd6e3eaa9f86ec596cd056e1b8a78350,11.9798
holdout,9,1.4,5,friction,0.75,friction,friction,diagnosed,Friction growth,66.9,0.81,9dea34399dca77ec95add865e5eb661248e788a4d0e2789f4d0155eaf3ba7ef2,11.8127
holdout,9,1.4,5,friction,1.0,friction,friction,diagnosed,Friction growth,56.6,0.88,d59f657b402d56df2c966ec079eef5aec49c28a7e30629ac0a2f21ac02ad5f17,12.0066
holdout,9,1.4,5,stiction,0.0,normal,normal,normal,No actionable deviation,100.0,0.92,1ba6728695aef57185f6374f18b8aee9ecd463bf2c72c974c2bce8c384361fac,12.2498
holdout,9,1.4,5,stiction,0.25,stiction,stiction,diagnosed,Persistent localized stiction,42.3,0.92,f5bb45c6ceb647e9d53d4d25dfa1b80376d9de48df04f2ec7b5cf4a0ef2ab903,12.6641
holdout,9,1.4,5,stiction,0.5,stiction,stiction,diagnosed,Persistent localized stiction,40.1,0.92,7840b2545d6500e9ea878bf4aa4bc8bc46e4c8f660486939d7322cac35cf0694,11.9573
holdout,9,1.4,5,stiction,0.75,stiction,stiction,diagnosed,Persistent localized stiction,39.2,0.92,916d04a958c95665f0e2eb90dc50e56cf3848b6f416515df3f78fe3f50ba2406,12.2783
holdout,9,1.4,5,stiction,1.0,stiction,stiction,diagnosed,Persistent localized stiction,38.5,0.92,ce48e86b33ada823d00a1f985cb602ab0e67681b7515edf769d1ec258e11e067,11.9359
holdout,9,1.4,5,obstruction,0.0,normal,normal,normal,No actionable deviation,100.0,0.92,1ba6728695aef57185f6374f18b8aee9ecd463bf2c72c974c2bce8c384361fac,11.8195
holdout,9,1.4,5,obstruction,0.25,obstruction,obstruction,diagnosed,Travel obstruction or persistent stiction,82.5,0.73,8f3c75214eb2d99edb6787415fa03686d1a7ba4ce3ca5e66b5a1543f0b6aaeaa,12.032
holdout,9,1.4,5,obstruction,0.5,obstruction,obstruction,diagnosed,Travel obstruction or persistent stiction,69.0,0.84,5d02ac9edf57969e445282f93653a066d1f01e8b451e94e7c038ac3f7e1069c2,11.8442
holdout,9,1.4,5,obstruction,0.75,obstruction,obstruction,diagnosed,Travel obstruction or persistent stiction,60.0,0.92,173c3512275ed5155a002add73b396d9f41a75b8eac4513d4a797d79ff7190f0,11.858
holdout,9,1.4,5,obstruction,1.0,obstruction,obstruction,diagnosed,Travel obstruction or persistent stiction,43.3,0.92,5c1ed596ed27ab217c047ac406fbacbc470dc872a390f903d59f9e45f11191fe,12.1777
holdout,9,1.4,5,actuator_degradation,0.0,normal,normal,normal,No actionable deviation,100.0,0.92,1ba6728695aef57185f6374f18b8aee9ecd463bf2c72c974c2bce8c384361fac,11.8393
holdout,9,1.4,5,actuator_degradation,0.25,actuator_degradation,actuator_degradation,diagnosed,Actuator performance degradation,91.0,0.69,5add44327a79091cbb8695e0f2facebd13dc301422d58f097cb8bae4767f7475,12.3577
holdout,9,1.4,5,actuator_degradation,0.5,actuator_degradation,actuator_degradation,diagnosed,Actuator performance degradation,75.2,0.85,bb3d5c8adf9f4132cac9ab17ceefcdcf732d6dcdc740ed3d6943c84d363497e0,11.7251
holdout,9,1.4,5,actuator_degradation,0.75,actuator_degradation,actuator_degradation,diagnosed,Actuator performance degradation,65.6,0.92,3f2d7a343f024d93795d98ef534218764eb14932e2c3762d47918940736461ff,12.008
holdout,9,1.4,5,actuator_degradation,1.0,actuator_degradation,actuator_degradation,diagnosed,Actuator performance degradation,63.9,0.92,5b402ac4cca6ac472b7cc22b30bb2d39756a2a83f914a27ce0f46a0509c3b162,11.8852
holdout,9,1.4,5,sensor_drift,0.0,normal,normal,normal,No actionable deviation,100.0,0.92,1ba6728695aef57185f6374f18b8aee9ecd463bf2c72c974c2bce8c384361fac,11.892
holdout,9,1.4,5,sensor_drift,0.25,sensor_drift,normal,normal,No actionable deviation,99.1,0.92,e4bf1dcd6917e6c7be33215dfacddd3f2e6a678f9c53400cfbddfefd8916ba6f,11.9935
holdout,9,1.4,5,sensor_drift,0.5,sensor_drift,sensor_drift,diagnosed,Position sensor drift / process inconsistency,97.6,0.65,8d8f29e11cc85f9ae84baa4b9723f24b7f2ee415e11a90e5dcf68afd2084a159,11.9397
holdout,9,1.4,5,sensor_drift,0.75,sensor_drift,sensor_drift,diagnosed,Position sensor drift / process inconsistency,96.0,0.66,02aadb4ce5ce725ba29b11bc6adef35073289bccf98fa37dbc2ec675735e001f,11.9805
holdout,9,1.4,5,sensor_drift,1.0,sensor_drift,sensor_drift,diagnosed,Position sensor drift / process inconsistency,94.5,0.68,99b007ce686dffbd2939bde37d47f5d2aa62a7c225ac57bb12a15e123f5899f9,11.9423
holdout,9,1.4,6,normal,0.0,normal,normal,normal,No actionable deviation,100.0,0.92,40b70073cc1aed3e4949216281f7a335b4e7e57f52bab1e7795b0ddcb8f13db0,11.8636
holdout,9,1.4,6,normal,0.25,normal,normal,normal,No actionable deviation,100.0,0.92,40b70073cc1aed3e4949216281f7a335b4e7e57f52bab1e7795b0ddcb8f13db0,11.8509
holdout,9,1.4,6,normal,0.5,normal,normal,normal,No actionable deviation,100.0,0.92,40b70073cc1aed3e4949216281f7a335b4e7e57f52bab1e7795b0ddcb8f13db0,12.1483
holdout,9,1.4,6,normal,0.75,normal,normal,normal,No actionable deviation,100.0,0.92,40b70073cc1aed3e4949216281f7a335b4e7e57f52bab1e7795b0ddcb8f13db0,11.7991
holdout,9,1.4,6,normal,1.0,normal,normal,normal,No actionable deviation,100.0,0.92,40b70073cc1aed3e4949216281f7a335b4e7e57f52bab1e7795b0ddcb8f13db0,11.9738
holdout,9,1.4,6,friction,0.0,normal,normal,normal,No actionable deviation,100.0,0.92,40b70073cc1aed3e4949216281f7a335b4e7e57f52bab1e7795b0ddcb8f13db0,12.0867
holdout,9,1.4,6,friction,0.25,friction,friction,diagnosed,Friction growth,90.2,0.68,e38e6389405371eb22e35554a77470dcd46e18ee09d49d1414650573050ae7c4,12.0787
holdout,9,1.4,6,friction,0.5,friction,friction,diagnosed,Friction growth,78.5,0.73,943782dc8796290d01506ba5ce4e48339ba7b4991ca70ec89772a34d173fc7da,11.9697
holdout,9,1.4,6,friction,0.75,friction,friction,diagnosed,Friction growth,66.8,0.81,639a0575da25b43cf1b46f2210f291a6cb977518e61f74979e5ac77661b43685,12.0604
holdout,9,1.4,6,friction,1.0,friction,friction,diagnosed,Friction growth,56.5,0.88,ef6a2161ef9a00cbc60b69c8e85144a0f776087abffaccc194c8a20a5bb19c00,11.9975
holdout,9,1.4,6,stiction,0.0,normal,normal,normal,No actionable deviation,100.0,0.92,40b70073cc1aed3e4949216281f7a335b4e7e57f52bab1e7795b0ddcb8f13db0,11.8761
holdout,9,1.4,6,stiction,0.25,stiction,stiction,diagnosed,Persistent localized stiction,42.3,0.92,7895bc8ad5d435fdba21d023ad8ac2d0746f729e50bf9b15cf154c402d36e91b,15.5656
holdout,9,1.4,6,stiction,0.5,stiction,stiction,diagnosed,Persistent localized stiction,40.1,0.92,2e23be0be2fa27344f0bf75b3f7246112dc9275ed9c9c68b00785912f6f2ff82,13.682
holdout,9,1.4,6,stiction,0.75,stiction,stiction,diagnosed,Persistent localized stiction,39.2,0.92,2d7b0906f8057b9f0449b8a4f2c082d1c5e7ba6a6c7aa78b57bab3643c3562fb,12.1364
holdout,9,1.4,6,stiction,1.0,stiction,stiction,diagnosed,Persistent localized stiction,38.5,0.92,c74c0e4d673931d00cab657dceae5a5e38136c44f247be5cb1d9b6705d95e82b,12.3134
holdout,9,1.4,6,obstruction,0.0,normal,normal,normal,No actionable deviation,100.0,0.92,40b70073cc1aed3e4949216281f7a335b4e7e57f52bab1e7795b0ddcb8f13db0,12.9191
holdout,9,1.4,6,obstruction,0.25,obstruction,obstruction,diagnosed,Travel obstruction or persistent stiction,83.3,0.73,7d0cc8d287c0daee25dd3f5d2b935b33fd930686bd955ee3b200b56e375a39c0,12.1755
holdout,9,1.4,6,obstruction,0.5,obstruction,obstruction,diagnosed,Travel obstruction or persistent stiction,69.3,0.84,614141c16d6b6ea72bc6d73565994ce0c40a4496b373041daa70689da856b2d3,12.2351
holdout,9,1.4,6,obstruction,0.75,obstruction,obstruction,diagnosed,Travel obstruction or persistent stiction,53.9,0.92,ef89c6e1e46a6df1ce31a441a176ee42f036e6c996bc9b0f0a24465bb0d8129b,12.1599
holdout,9,1.4,6,obstruction,1.0,obstruction,obstruction,diagnosed,Travel obstruction or persistent stiction,43.4,0.92,c5e31ebdd353d5ba8fa49537aae2f1c0048d1a53e802c524d790966a7661ecd3,12.0744
holdout,9,1.4,6,actuator_degradation,0.0,normal,normal,normal,No actionable deviation,100.0,0.92,40b70073cc1aed3e4949216281f7a335b4e7e57f52bab1e7795b0ddcb8f13db0,11.9193
holdout,9,1.4,6,actuator_degradation,0.25,actuator_degradation,actuator_degradation,diagnosed,Actuator performance degradation,91.0,0.69,10ea0f79596618fd7b9ecff9c72f2deedb404d3e5e46a50a40e160ee2a52f85b,11.8929
holdout,9,1.4,6,actuator_degradation,0.5,actuator_degradation,actuator_degradation,diagnosed,Actuator performance degradation,75.1,0.85,5ee1c3eef8529bf5253b97e9bd84e21dbf058771d2c67fc7178191871818f718,12.0607
holdout,9,1.4,6,actuator_degradation,0.75,actuator_degradation,actuator_degradation,diagnosed,Actuator performance degradation,65.6,0.92,65e74c7573f8a0e9ec56cfee9088cdc7eb04c285f526e0232456b82d131ba775,11.99
holdout,9,1.4,6,actuator_degradation,1.0,actuator_degradation,actuator_degradation,diagnosed,Actuator performance degradation,63.8,0.92,b5584d533e0a2966cb9f5a0876f920642e3e91958488677cc0e9f8a502809616,12.2327
holdout,9,1.4,6,sensor_drift,0.0,normal,normal,normal,No actionable deviation,100.0,0.92,40b70073cc1aed3e4949216281f7a335b4e7e57f52bab1e7795b0ddcb8f13db0,11.982
holdout,9,1.4,6,sensor_drift,0.25,sensor_drift,normal,normal,No actionable deviation,99.1,0.92,733e8d0322586de406a5bc761b480c712d6f424f57e6e7428b99cd789147b3e7,12.3864
holdout,9,1.4,6,sensor_drift,0.5,sensor_drift,sensor_drift,diagnosed,Position sensor drift / process inconsistency,97.5,0.65,489282a0aa9edca3cf414136dd3d2165f1affa764688fc6059f2a4d8ef02dd1a,12.0312
holdout,9,1.4,6,sensor_drift,0.75,sensor_drift,sensor_drift,diagnosed,Position sensor drift / process inconsistency,96.0,0.66,ad5555591773d99eacdd16a8f385acc3f741622802874a08ec223d5cfad371c9,11.9579
holdout,9,1.4,6,sensor_drift,1.0,sensor_drift,sensor_drift,diagnosed,Position sensor drift / process inconsistency,94.5,0.68,7c1b7b85053511748fc06183c1c57ffbdfc929c1a1479cfcf75cd9569d6fc406,12.0011
holdout,9,1.4,7,normal,0.0,normal,normal,normal,No actionable deviation,100.0,0.92,858b4a5ed4cac486d202e034016a10952e36a5986f1ebbd6664ce90f02427f10,12.119
holdout,9,1.4,7,normal,0.25,normal,normal,normal,No actionable deviation,100.0,0.92,858b4a5ed4cac486d202e034016a10952e36a5986f1ebbd6664ce90f02427f10,12.9509
holdout,9,1.4,7,normal,0.5,normal,normal,normal,No actionable deviation,100.0,0.92,858b4a5ed4cac486d202e034016a10952e36a5986f1ebbd6664ce90f02427f10,12.0113
holdout,9,1.4,7,normal,0.75,normal,normal,normal,No actionable deviation,100.0,0.92,858b4a5ed4cac486d202e034016a10952e36a5986f1ebbd6664ce90f02427f10,11.9428
holdout,9,1.4,7,normal,1.0,normal,normal,normal,No actionable deviation,100.0,0.92,858b4a5ed4cac486d202e034016a10952e36a5986f1ebbd6664ce90f02427f10,11.8949
holdout,9,1.4,7,friction,0.0,normal,normal,normal,No actionable deviation,100.0,0.92,858b4a5ed4cac486d202e034016a10952e36a5986f1ebbd6664ce90f02427f10,12.2352
holdout,9,1.4,7,friction,0.25,friction,friction,diagnosed,Friction growth,90.3,0.68,7c71784f809e7cee79fc648f3f8254e2a78231bfc9889675f8083363959e5a49,12.1345
holdout,9,1.4,7,friction,0.5,friction,friction,diagnosed,Friction growth,78.6,0.73,fbf7016852d8c441820a05e3794fad9cb8ed402880fabd1b7c116177b90295a5,12.3197
holdout,9,1.4,7,friction,0.75,friction,friction,diagnosed,Friction growth,67.0,0.81,521924ebfe66cd24c36b19dbcaa2678bbdf653ddd3142276688bcc6e29bb9114,12.4158
holdout,9,1.4,7,friction,1.0,friction,friction,diagnosed,Friction growth,56.6,0.88,511de4b6249881db5638848953cca4e5b70f16a8531d9f6865fc754003e747a6,12.3446
holdout,9,1.4,7,stiction,0.0,normal,normal,normal,No actionable deviation,100.0,0.92,858b4a5ed4cac486d202e034016a10952e36a5986f1ebbd6664ce90f02427f10,12.3238
holdout,9,1.4,7,stiction,0.25,stiction,stiction,diagnosed,Persistent localized stiction,42.3,0.92,3e589aba29e16e14598c25d81c5d3d4e674fe1df9c108ea96f74ee7afc5994de,13.0227
holdout,9,1.4,7,stiction,0.5,stiction,stiction,diagnosed,Persistent localized stiction,40.1,0.92,1b231701eac29133a163256c6e179f4d3bda2780c1c78e369205ffec2fd19e86,11.9956
holdout,9,1.4,7,stiction,0.75,stiction,stiction,diagnosed,Persistent localized stiction,39.2,0.92,3137f5fc16bbd65f0e60acdf34bb67bde32b222586c949c6fe32c8c3422b9589,11.8687
holdout,9,1.4,7,stiction,1.0,stiction,stiction,diagnosed,Persistent localized stiction,38.5,0.92,14e84190cbc8fee52df5f08039d46129a8893cb3cd5a1a35416765d9a6fb87d4,11.8527
holdout,9,1.4,7,obstruction,0.0,normal,normal,normal,No actionable deviation,100.0,0.92,858b4a5ed4cac486d202e034016a10952e36a5986f1ebbd6664ce90f02427f10,14.0536
holdout,9,1.4,7,obstruction,0.25,obstruction,obstruction,diagnosed,Travel obstruction or persistent stiction,83.1,0.73,1732ebbe506849a1861cf22110ac8369b970956cd93c1a4d0b3e59f725585c1f,13.8859
holdout,9,1.4,7,obstruction,0.5,obstruction,obstruction,diagnosed,Travel obstruction or persistent stiction,69.1,0.84,c42b4e0fc766df0ffe93fb75c7a3666d10e55c185e9b73e941f5dc7318725064,12.8152
holdout,9,1.4,7,obstruction,0.75,obstruction,obstruction,diagnosed,Travel obstruction or persistent stiction,58.5,0.92,5d1c5683e70b12d6fa7ae2126230eceb9898cacc53168d66895a76e83b8fd8ce,12.5449
holdout,9,1.4,7,obstruction,1.0,obstruction,obstruction,diagnosed,Travel obstruction or persistent stiction,43.4,0.92,50af9b9e15b2dc0944a3d1fc617c89101643776e30f5500864e42bd2da2d278e,11.8925
holdout,9,1.4,7,actuator_degradation,0.0,normal,normal,normal,No actionable deviation,100.0,0.92,858b4a5ed4cac486d202e034016a10952e36a5986f1ebbd6664ce90f02427f10,11.8244
holdout,9,1.4,7,actuator_degradation,0.25,actuator_degradation,actuator_degradation,diagnosed,Actuator performance degradation,91.1,0.69,b746c44d8f1ade854cbdbb5261a6344dc67fdcf3deb6776c701c0609b1cb7f98,11.9876
holdout,9,1.4,7,actuator_degradation,0.5,actuator_degradation,actuator_degradation,diagnosed,Actuator performance degradation,75.3,0.85,8a665eaa633db554bbe590983a0c470c06eb3701875a44f0050c8721b589f55e,12.1822
holdout,9,1.4,7,actuator_degradation,0.75,actuator_degradation,actuator_degradation,diagnosed,Actuator performance degradation,65.6,0.92,5f73eabb2f42b752bc8f48cd51e9bf4a725407d528aa4da531de9a5a136119f2,12.9681
holdout,9,1.4,7,actuator_degradation,1.0,actuator_degradation,actuator_degradation,diagnosed,Actuator performance degradation,63.6,0.92,e19dbc8042e42996698da8d5434d14abae6f9c5b18be584b2f18c71941e89686,12.7647
holdout,9,1.4,7,sensor_drift,0.0,normal,normal,normal,No actionable deviation,100.0,0.92,858b4a5ed4cac486d202e034016a10952e36a5986f1ebbd6664ce90f02427f10,12.992
holdout,9,1.4,7,sensor_drift,0.25,sensor_drift,normal,normal,No actionable deviation,99.0,0.92,5ad9f56488ef1abccf23d00e2bbdd10cd288ba577e9f3681d395928596f91d45,11.9085
holdout,9,1.4,7,sensor_drift,0.5,sensor_drift,sensor_drift,diagnosed,Position sensor drift / process inconsistency,97.4,0.65,5e85743f433ae2d3c1b71f3a81fb6d064f3f14dac3981d5d0d3883d7f0745b83,11.9299
holdout,9,1.4,7,sensor_drift,0.75,sensor_drift,sensor_drift,diagnosed,Position sensor drift / process inconsistency,95.8,0.67,75a64de4e9726a6487d8696144884e95846c38227e27bae9b42d2fb52b206293,11.9542
holdout,9,1.4,7,sensor_drift,1.0,sensor_drift,sensor_drift,diagnosed,Position sensor drift / process inconsistency,94.4,0.68,be63905d9d27015f091d1653ac89381e30d63d3f6a8c164bb39d1b08e5a89b8b,11.9769
holdout,9,1.4,8,normal,0.0,normal,normal,normal,No actionable deviation,100.0,0.92,0032e536aa579b988f68bb0664b69156bd60347951bf8423e8f09a26d46e33cb,12.3241
holdout,9,1.4,8,normal,0.25,normal,normal,normal,No actionable deviation,100.0,0.92,0032e536aa579b988f68bb0664b69156bd60347951bf8423e8f09a26d46e33cb,13.0239
holdout,9,1.4,8,normal,0.5,normal,normal,normal,No actionable deviation,100.0,0.92,0032e536aa579b988f68bb0664b69156bd60347951bf8423e8f09a26d46e33cb,12.1561
holdout,9,1.4,8,normal,0.75,normal,normal,normal,No actionable deviation,100.0,0.92,0032e536aa579b988f68bb0664b69156bd60347951bf8423e8f09a26d46e33cb,12.1006
holdout,9,1.4,8,normal,1.0,normal,normal,normal,No actionable deviation,100.0,0.92,0032e536aa579b988f68bb0664b69156bd60347951bf8423e8f09a26d46e33cb,11.9939
holdout,9,1.4,8,friction,0.0,normal,normal,normal,No actionable deviation,100.0,0.92,0032e536aa579b988f68bb0664b69156bd60347951bf8423e8f09a26d46e33cb,12.1434
holdout,9,1.4,8,friction,0.25,friction,friction,diagnosed,Friction growth,90.2,0.68,cb9bee73031f7ab515e04dade8d164f9b8d2e98c66c9280a0b320f08529695a6,13.1327
holdout,9,1.4,8,friction,0.5,friction,friction,diagnosed,Friction growth,78.6,0.73,80c7c91f52e04d14a88bfdd060f3e37ad91b8feb1a283c3317df7f24bdca4bc5,12.2886
holdout,9,1.4,8,friction,0.75,friction,friction,diagnosed,Friction growth,67.0,0.81,a00a03acbd50a29fc29ec8f080c088540f0f6c9a6d44be103338e92e803cc81a,12.0179
holdout,9,1.4,8,friction,1.0,friction,friction,diagnosed,Friction growth,56.7,0.88,9fe9aea64603a98c1c7f5af5121cb6a34ef0871896da7e1459926583e4c90299,12.3354
holdout,9,1.4,8,stiction,0.0,normal,normal,normal,No actionable deviation,100.0,0.92,0032e536aa579b988f68bb0664b69156bd60347951bf8423e8f09a26d46e33cb,11.9085
holdout,9,1.4,8,stiction,0.25,stiction,stiction,diagnosed,Persistent localized stiction,42.3,0.92,ea7c34357e26ff61fa9b7a860b2d9d7bc51502703728d58c254f23118d0c974c,13.0353
holdout,9,1.4,8,stiction,0.5,stiction,stiction,diagnosed,Persistent localized stiction,40.1,0.92,e215672793f4f2361c937254fbd04a48a021305abaf857ca7460632dca3d04d2,12.7526
holdout,9,1.4,8,stiction,0.75,stiction,stiction,diagnosed,Persistent localized stiction,39.0,0.92,92cbf61e78191221419b8ff0d75ebdd46f2ad90f42341ad12de830dc689a33ae,12.5071
holdout,9,1.4,8,stiction,1.0,stiction,stiction,diagnosed,Persistent localized stiction,38.4,0.92,d019d81747b224c55899d66359b8aeeb10ca787d86ec13042b4eab4d3cc898af,12.1453
holdout,9,1.4,8,obstruction,0.0,normal,normal,normal,No actionable deviation,100.0,0.92,0032e536aa579b988f68bb0664b69156bd60347951bf8423e8f09a26d46e33cb,11.9648
holdout,9,1.4,8,obstruction,0.25,obstruction,obstruction,diagnosed,Travel obstruction or persistent stiction,83.2,0.73,27565cd8cfa1b787cb4d2dda5b7252991e5e0268f9eb732753ceb3f947835b3e,12.0318
holdout,9,1.4,8,obstruction,0.5,obstruction,obstruction,diagnosed,Travel obstruction or persistent stiction,69.2,0.84,b9c5232f1750f5756dbe96eb47e8fbaa5e11a7ec6469c6d54a0f766ca006a727,12.5148
holdout,9,1.4,8,obstruction,0.75,obstruction,obstruction,diagnosed,Travel obstruction or persistent stiction,59.6,0.92,89c2a2bdc206d73a587793bd87734d435ffeca38fb58a696748472672294d158,13.3627
holdout,9,1.4,8,obstruction,1.0,obstruction,obstruction,diagnosed,Travel obstruction or persistent stiction,43.5,0.92,3336cf3c9c60c56cd58e95f3a637abef6fbc6526268fe42bcabd0ec7972b35a1,13.947
holdout,9,1.4,8,actuator_degradation,0.0,normal,normal,normal,No actionable deviation,100.0,0.92,0032e536aa579b988f68bb0664b69156bd60347951bf8423e8f09a26d46e33cb,13.1371
holdout,9,1.4,8,actuator_degradation,0.25,actuator_degradation,actuator_degradation,diagnosed,Actuator performance degradation,91.2,0.69,4fb479cbf0ed67f44e831a5150f0f19500862b0712d5228309268f9291375f27,13.5615
holdout,9,1.4,8,actuator_degradation,0.5,actuator_degradation,actuator_degradation,diagnosed,Actuator performance degradation,75.3,0.85,9c973c1e8fead14b07653b9cfc579b6ffe7c8a641bab1860fac06a025dd31603,13.5165
holdout,9,1.4,8,actuator_degradation,0.75,actuator_degradation,actuator_degradation,diagnosed,Actuator performance degradation,65.8,0.92,6a58ae5e8b9c0e57203a4213e8813e63e47f984915fe55517c64e09769a87073,13.7581
holdout,9,1.4,8,actuator_degradation,1.0,actuator_degradation,actuator_degradation,diagnosed,Actuator performance degradation,63.9,0.92,654de7db9f52ed3b40c70ac4ff171c52a0bb50c057044ea86c337c7b2135ba78,12.0653
holdout,9,1.4,8,sensor_drift,0.0,normal,normal,normal,No actionable deviation,100.0,0.92,0032e536aa579b988f68bb0664b69156bd60347951bf8423e8f09a26d46e33cb,12.1743
holdout,9,1.4,8,sensor_drift,0.25,sensor_drift,normal,normal,No actionable deviation,98.9,0.92,0b5cb8baf985ac1f5980382bbf5ca72656e67e0fb86d14bd4c5e8a39fb9fc026,11.9679
holdout,9,1.4,8,sensor_drift,0.5,sensor_drift,sensor_drift,diagnosed,Position sensor drift / process inconsistency,97.3,0.65,b59833b2d41e4993bdd640447a42182649043f8237099308fab452c69ff01312,11.8528
holdout,9,1.4,8,sensor_drift,0.75,sensor_drift,sensor_drift,diagnosed,Position sensor drift / process inconsistency,95.7,0.67,f1f32db4cd2be22ad1aa2528e85ea64dd008ddcebf77305ed13c21cd457a2e07,12.0019
holdout,9,1.4,8,sensor_drift,1.0,sensor_drift,sensor_drift,diagnosed,Position sensor drift / process inconsistency,94.3,0.69,1aded190476e697b4f8d869357c82f93138fac69662d190f5bc0af0427c75024,11.9754
holdout,9,1.4,9,normal,0.0,normal,normal,normal,No actionable deviation,100.0,0.92,c765f27e99001be8ac06866584daf1e1095a126718120e2abaeee5f091a8239b,12.077
holdout,9,1.4,9,normal,0.25,normal,normal,normal,No actionable deviation,100.0,0.92,c765f27e99001be8ac06866584daf1e1095a126718120e2abaeee5f091a8239b,11.9732
holdout,9,1.4,9,normal,0.5,normal,normal,normal,No actionable deviation,100.0,0.92,c765f27e99001be8ac06866584daf1e1095a126718120e2abaeee5f091a8239b,11.9683
holdout,9,1.4,9,normal,0.75,normal,normal,normal,No actionable deviation,100.0,0.92,c765f27e99001be8ac06866584daf1e1095a126718120e2abaeee5f091a8239b,12.2038
holdout,9,1.4,9,normal,1.0,normal,normal,normal,No actionable deviation,100.0,0.92,c765f27e99001be8ac06866584daf1e1095a126718120e2abaeee5f091a8239b,11.9274
holdout,9,1.4,9,friction,0.0,normal,normal,normal,No actionable deviation,100.0,0.92,c765f27e99001be8ac06866584daf1e1095a126718120e2abaeee5f091a8239b,11.879
holdout,9,1.4,9,friction,0.25,friction,friction,diagnosed,Friction growth,90.2,0.68,886602e805800091b2acd8722b6ca50f8d3b477d7d0871a8d796321a20ead88a,12.1501
holdout,9,1.4,9,friction,0.5,friction,friction,diagnosed,Friction growth,78.5,0.73,fccefbd3d526a6c3d0d17c549e5298f0380df125c2bf1f127861ff3a21f1acd6,12.1007
holdout,9,1.4,9,friction,0.75,friction,friction,diagnosed,Friction growth,66.8,0.81,fc91e4ba056247af3e77b5216144f8c893c59fe0f23a68d78a9a2e2bda0b4789,12.0451
holdout,9,1.4,9,friction,1.0,friction,friction,diagnosed,Friction growth,56.5,0.88,03a202d33c1132bf2c8270da64619d762587603c9dde81cf6c30153232a075b6,12.173
holdout,9,1.4,9,stiction,0.0,normal,normal,normal,No actionable deviation,100.0,0.92,c765f27e99001be8ac06866584daf1e1095a126718120e2abaeee5f091a8239b,12.236
holdout,9,1.4,9,stiction,0.25,stiction,stiction,diagnosed,Persistent localized stiction,42.3,0.92,ca519a50bc8444080192b203608ff75b2b438815a2bf52e7c510e2e6a699cfb9,12.7886
holdout,9,1.4,9,stiction,0.5,stiction,stiction,diagnosed,Persistent localized stiction,40.1,0.92,38860cacc02323bcd90080460cbc1c71666a1dcedb13d5b3cadcffc7d7943ae6,13.5913
holdout,9,1.4,9,stiction,0.75,stiction,stiction,diagnosed,Persistent localized stiction,39.2,0.92,d170b07c6bfa620f066427a8d71a826cb71f4d7adca3d6b9e739fbb5a8801ba5,14.2349
holdout,9,1.4,9,stiction,1.0,stiction,stiction,diagnosed,Persistent localized stiction,38.5,0.92,2d466c17b341c05c5be954074345e3d2e1a7dc6869b5253cc22b7176a97cc7dc,13.9584
holdout,9,1.4,9,obstruction,0.0,normal,normal,normal,No actionable deviation,100.0,0.92,c765f27e99001be8ac06866584daf1e1095a126718120e2abaeee5f091a8239b,11.7577
holdout,9,1.4,9,obstruction,0.25,obstruction,obstruction,diagnosed,Travel obstruction or persistent stiction,83.2,0.73,85210175c84c22d1b8b6cc1e113836980daa0a2f1ab24b91c2bc2b7e97a20631,12.6208
holdout,9,1.4,9,obstruction,0.5,obstruction,obstruction,diagnosed,Travel obstruction or persistent stiction,69.1,0.84,78a455e04fef0a8a661292ef811b2f04090a647cec5d09f2d93a5d964371304f,13.8307
holdout,9,1.4,9,obstruction,0.75,obstruction,obstruction,diagnosed,Travel obstruction or persistent stiction,59.9,0.92,62fea1b70f86cbd0382ff5ca102a7a998071ee017c52d9f0d8f1b435a9c88da4,13.0341
holdout,9,1.4,9,obstruction,1.0,obstruction,obstruction,diagnosed,Travel obstruction or persistent stiction,43.2,0.92,db2ae94054e6a2db47a5432dfaa96e4a2f87dbfd777f4f4ed4d607b0bbc08c27,14.4051
holdout,9,1.4,9,actuator_degradation,0.0,normal,normal,normal,No actionable deviation,100.0,0.92,c765f27e99001be8ac06866584daf1e1095a126718120e2abaeee5f091a8239b,11.993
holdout,9,1.4,9,actuator_degradation,0.25,actuator_degradation,actuator_degradation,diagnosed,Actuator performance degradation,91.0,0.69,ff08308d55ce1833375740f0541a76718bc8d72ba8dcc04e089752399499b544,12.0685
holdout,9,1.4,9,actuator_degradation,0.5,actuator_degradation,actuator_degradation,diagnosed,Actuator performance degradation,75.1,0.85,57cd98a5959643e1c9f796fd599232e9924c9cd686e9ab9ab46f34f9cc2dbfd5,12.7256
holdout,9,1.4,9,actuator_degradation,0.75,actuator_degradation,actuator_degradation,diagnosed,Actuator performance degradation,65.6,0.92,239a2e067c28f3c6dd4f58e622e75a0ce4f8d85c781bba3bd10f096199ba15e6,12.1417
holdout,9,1.4,9,actuator_degradation,1.0,actuator_degradation,actuator_degradation,diagnosed,Actuator performance degradation,63.9,0.92,99ee121fa837339d3c10200a5a36a4d21f030560b1e82befa1ed4880f3ac422e,12.9393
holdout,9,1.4,9,sensor_drift,0.0,normal,normal,normal,No actionable deviation,100.0,0.92,c765f27e99001be8ac06866584daf1e1095a126718120e2abaeee5f091a8239b,13.0337
holdout,9,1.4,9,sensor_drift,0.25,sensor_drift,normal,normal,No actionable deviation,99.1,0.92,87396b825031a291dc8d58bc26f11cfec7e60780ebd2e8995f76e024da8eb391,11.7538
holdout,9,1.4,9,sensor_drift,0.5,sensor_drift,sensor_drift,diagnosed,Position sensor drift / process inconsistency,97.5,0.65,bea07bd7579656589eab39f32103d2d1f914f9593ca8b6947892d66e397a6aef,11.803
holdout,9,1.4,9,sensor_drift,0.75,sensor_drift,sensor_drift,diagnosed,Position sensor drift / process inconsistency,96.1,0.66,2c00532e34fbdf00addb237ae34368c5bdafc7d7cfcf2a62adbc013af4f35441,11.8341
holdout,9,1.4,9,sensor_drift,1.0,sensor_drift,sensor_drift,diagnosed,Position sensor drift / process inconsistency,94.4,0.68,b7860a2c02ed8c658448c73e2c7f0303075c66c109c76957eb1e5437f5b7bb6b,11.9334
